publication_id,publication_title,publication_doi,validated_dataset_id,validated_dataset_name,confidence_score_mention,confidence_score_use,validation_reasoning
pub.1000422164,"Health-Related Quality of Life of Food-Insecure Ethnic Minority Patients With Cancer",10.1200/jop.2015.003962,68751d343a311b28982701c9,"Household Food Security Survey Module (HFSSM)",10,10,""
pub.1001345478,"Severity of household food insecurity and lifetime racial discrimination among African-American households in South Carolina",10.1080/13557858.2016.1263286,68751d343a311b28982701c9,"Household Food Security Survey Module (HFSSM)",10,10,""
pub.1003205614,"Material Hardship and Internal Locus of Control Over the Prevention of Child Obesity in Low-Income Hispanic Pregnant Women",10.1016/j.acap.2016.02.003,68751d343a311b28982701c9,"Household Food Security Survey Module (HFSSM)",10,10,""
pub.1003394995,"Household food insecurity during childhood and adolescent misconduct",10.1016/j.ypmed.2016.12.042,68751d343a311b28982701c9,"Household Food Security Survey Module (HFSSM)",10,10,""
pub.1003449352,"Effects of Group Prenatal Care on Food Insecurity during Late Pregnancy and Early Postpartum",10.1007/s10995-015-1886-8,68751d343a311b28982701c9,"Household Food Security Survey Module (HFSSM)",10,10,""
pub.1004806015,"The San Francisco Chinese Food Security Module: Validation of a Translation of the US Household Food Security Survey Module",10.1080/19320248.2014.962776,68751d343a311b28982701d0,"Current Population Survey Food Security Supplement (CPS-FSS)",10,10,""
pub.1004806015,"The San Francisco Chinese Food Security Module: Validation of a Translation of the US Household Food Security Survey Module",10.1080/19320248.2014.962776,68751d343a311b28982701c9,"Household Food Security Survey Module (HFSSM)",10,10,""
pub.1005169456,"Latinos With Diabetes and Food Insecurity in an Agricultural Community",10.1097/mlr.0000000000000348,68751d343a311b28982701c9,"Household Food Security Survey Module (HFSSM)",10,10,""
pub.1005169456,"Latinos With Diabetes and Food Insecurity in an Agricultural Community",10.1097/mlr.0000000000000348,68ea7da0b68f81f17e35ef38,"National Health and Nutrition Examination Survey (NHANES)",8,1,""
pub.1005464936,"Dietary Quality of Americans by Supplemental Nutrition Assistance Program Participation Status A Systematic Review",10.1016/j.amepre.2015.04.035,68751d343a311b28982701cc,"Food Acquisition and Purchase Survey (FoodAPS)",8,1,""
pub.1005464936,"Dietary Quality of Americans by Supplemental Nutrition Assistance Program Participation Status A Systematic Review",10.1016/j.amepre.2015.04.035,68ea7da0b68f81f17e35ef38,"National Health and Nutrition Examination Survey (NHANES)",9,1,""
pub.1006520773,"Food Insecurity Is Associated with Undernutrition but Not Overnutrition in Ecuadorian Women from Low‐Income Urban Neighborhoods",10.1155/2016/8149459,68751d343a311b28982701c9,"Household Food Security Survey Module (HFSSM)",10,10,""
pub.1008908516,"Prevalence of Food Insecurity in Low-Income Neighborhoods in West Texas",10.1016/j.jneb.2016.07.003,68751d343a311b28982701c9,"Household Food Security Survey Module (HFSSM)",10,10,""
pub.1010215109,"A Decade of Change: Measuring the Extent, Depth and Severity of Food Insecurity",10.1007/s10834-016-9500-9,68751d343a311b28982701d0,"Current Population Survey Food Security Supplement (CPS-FSS)",10,10,""
pub.1010851647,"Evaluating the relationship between urban environment and food security in Georgia's older population",10.1016/j.apgeog.2014.10.013,68751d343a311b28982701cf,"Food Access Research Atlas (FARA)",10,10,""
pub.1010851647,"Evaluating the relationship between urban environment and food security in Georgia's older population",10.1016/j.apgeog.2014.10.013,68751d343a311b28982701c9,"Household Food Security Survey Module (HFSSM)",10,10,""
pub.1012443447,"Household food insecurity and medication “scrimping” among US adults with diabetes",10.1016/j.ypmed.2015.11.031,68ea7da0b68f81f17e35ef39,"National Health Interview Survey (NHIS)",10,10,""
pub.1014886463,"Chapter 17 The Role of Peanuts in Global Food Security",10.1016/b978-1-63067-038-2.00017-4,68751d343a311b28982701d0,"Current Population Survey Food Security Supplement (CPS-FSS)",9,9,""
pub.1015636333,"The Relationship Between Food Insecurity and BMI for Preschool Children",10.1007/s10995-015-1881-0,68751d343a311b28982701c9,"Household Food Security Survey Module (HFSSM)",10,10,""
pub.1015636333,"The Relationship Between Food Insecurity and BMI for Preschool Children",10.1007/s10995-015-1881-0,68ea7da0b68f81f17e35ef38,"National Health and Nutrition Examination Survey (NHANES)",8,2,""
pub.1015872278,"Food insecurity and diabetes self-management among food pantry clients",10.1017/s1368980016001786,68751d343a311b28982701c9,"Household Food Security Survey Module (HFSSM)",10,10,""
pub.1015872278,"Food insecurity and diabetes self-management among food pantry clients",10.1017/s1368980016001786,68ea7da0b68f81f17e35ef38,"National Health and Nutrition Examination Survey (NHANES)",8,2,""
pub.1015925111,"Is Food Insecurity Associated with Depressive Symptoms in South Korea?",10.1111/aswp.12111,68751d343a311b28982701c9,"Household Food Security Survey Module (HFSSM)",9,10,""
pub.1015925111,"Is Food Insecurity Associated with Depressive Symptoms in South Korea?",10.1111/aswp.12111,68ea7da0b68f81f17e35ef38,"National Health and Nutrition Examination Survey (NHANES)",8,1,""
pub.1016207666,"Association of Household Food Insecurity with the Mental and Physical Health of Low‐Income Urban Ecuadorian Women with Children",10.1155/2016/5256084,68751d343a311b28982701c9,"Household Food Security Survey Module (HFSSM)",10,10,""
pub.1016207666,"Association of Household Food Insecurity with the Mental and Physical Health of Low‐Income Urban Ecuadorian Women with Children",10.1155/2016/5256084,68ea7da0b68f81f17e35ef38,"National Health and Nutrition Examination Survey (NHANES)",8,2,""
pub.1016667374,"Food insecurity and peripheral arterial disease in older adult populations",10.1007/s12603-015-0639-0,68751d343a311b28982701c9,"Household Food Security Survey Module (HFSSM)",10,10,""
pub.1016667374,"Food insecurity and peripheral arterial disease in older adult populations",10.1007/s12603-015-0639-0,68ea7da0b68f81f17e35ef38,"National Health and Nutrition Examination Survey (NHANES)",10,10,""
pub.1018264446,"Childhood Adversity and Adult Reports of Food Insecurity Among Households With Children",10.1016/j.amepre.2015.09.024,68751d343a311b28982701c9,"Household Food Security Survey Module (HFSSM)",10,10,""
pub.1020034785,"Associations Among Chronic Disease Status, Participation in Federal Nutrition Programs, Food Insecurity, and Sugar-Sweetened Beverage and Water Intake Among Residents of a Health-Disparate Region",10.1016/j.jneb.2015.01.001,68751d343a311b28982701d0,"Current Population Survey Food Security Supplement (CPS-FSS)",10,10,""
pub.1020034785,"Associations Among Chronic Disease Status, Participation in Federal Nutrition Programs, Food Insecurity, and Sugar-Sweetened Beverage and Water Intake Among Residents of a Health-Disparate Region",10.1016/j.jneb.2015.01.001,68751d343a311b28982701c9,"Household Food Security Survey Module (HFSSM)",10,10,""
pub.1023050170,"Exploring Long-term Food Pantry Use: Differences Between Persistent and Prolonged Typologies of Use",10.1080/19320248.2016.1157554,68751d343a311b28982701c9,"Household Food Security Survey Module (HFSSM)",10,10,""
pub.1025090985,"Household food insecurity in black-slaves descendant communities in Brazil: has the legacy of slavery truly ended?",10.1017/s1368980016003414,68751d343a311b28982701c9,"Household Food Security Survey Module (HFSSM)",8,1,""
pub.1025715717,"Food Insecurity Increases the Odds of Obesity Among Young Hispanic Children",10.1007/s10903-015-0275-0,68751d343a311b28982701c9,"Household Food Security Survey Module (HFSSM)",10,10,""
pub.1025715717,"Food Insecurity Increases the Odds of Obesity Among Young Hispanic Children",10.1007/s10903-015-0275-0,68ea7da0b68f81f17e35ef38,"National Health and Nutrition Examination Survey (NHANES)",10,1,""
pub.1025827545,"Prevalence of food insecurity among military households with children 5 years of age and younger",10.1017/s1368980016000422,68751d343a311b28982701c9,"Household Food Security Survey Module (HFSSM)",9,10,""
pub.1025827545,"Prevalence of food insecurity among military households with children 5 years of age and younger",10.1017/s1368980016000422,68ea7da0b68f81f17e35ef38,"National Health and Nutrition Examination Survey (NHANES)",8,1,""
pub.1027570121,"Increased Food Insecurity Among Mothers of 2 Year Olds with Special Health Care Needs",10.1007/s10995-015-1735-9,68751d343a311b28982701c9,"Household Food Security Survey Module (HFSSM)",8,1,""
pub.1027657425,"Rasch Analyses of Very Low Food Security among Households and Children in the Three City Study",10.1002/soej.12081,68751d343a311b28982701d0,"Current Population Survey Food Security Supplement (CPS-FSS)",10,10,""
pub.1027657425,"Rasch Analyses of Very Low Food Security among Households and Children in the Three City Study",10.1002/soej.12081,68751d343a311b28982701c9,"Household Food Security Survey Module (HFSSM)",8,2,""
pub.1028305293,"Theoretical issues in the ‘food desert’ debate and ways forward",10.1007/s10708-015-9634-6,68751d343a311b28982701cf,"Food Access Research Atlas (FARA)",8,1,""
pub.1029069128,"Investigation of the Food Choice, Promoters and Barriers to Food Access Issues, and Food Insecurity Among Low-Income, Free-Living Minnesotan Seniors",10.1016/j.jneb.2016.02.010,68751d343a311b28982701c9,"Household Food Security Survey Module (HFSSM)",9,9,""
pub.1029069128,"Investigation of the Food Choice, Promoters and Barriers to Food Access Issues, and Food Insecurity Among Low-Income, Free-Living Minnesotan Seniors",10.1016/j.jneb.2016.02.010,68751d353a311b28982701d3,"Rural-Urban Continuum Codes (RUCC)",8,3,""
pub.1032387656,"Food insecurity in veteran households: findings from nationally representative data",10.1017/s1368980015003067,68751d343a311b28982701d0,"Current Population Survey Food Security Supplement (CPS-FSS)",10,10,""
pub.1032417256,"Agroecosystem health, agroecosystem resilience, and food security",10.1007/s13412-015-0322-0,68751d343a311b28982701cb,"NASS Census of Agriculture",9,10,""
pub.1032770714,"Stretching Food and Being Creative: Caregiver Responses to Child Food Insecurity",10.1016/j.jneb.2016.11.010,68751d343a311b28982701c9,"Household Food Security Survey Module (HFSSM)",10,10,""
pub.1033456297,"Unpacking an Anomaly: Analyzing the 2005–2012 Current Population Survey to Understand Why Many Emergency Food Assistance Users Report Being Food Secure",10.1080/19320248.2016.1157548,68751d343a311b28982701d0,"Current Population Survey Food Security Supplement (CPS-FSS)",10,10,""
pub.1034798033,"Food Insecurity and Food Resource Utilization in an Urban Immigrant Community",10.1007/s10903-015-0331-9,68751d343a311b28982701c9,"Household Food Security Survey Module (HFSSM)",10,10,""
pub.1036277410,"The relationship between childhood adversity and food insecurity: ‘It’s like a bird nesting in your head’",10.1017/s1368980014003036,68751d343a311b28982701c9,"Household Food Security Survey Module (HFSSM)",10,10,""
pub.1036277410,"The relationship between childhood adversity and food insecurity: ‘It’s like a bird nesting in your head’",10.1017/s1368980014003036,68ea7da0b68f81f17e35ef38,"National Health and Nutrition Examination Survey (NHANES)",8,2,""
pub.1037395553,"Hispanic Adults Attending English as a Second Language (ESL) Classes at an Adult School Are Food Insecure",10.1080/19320248.2015.1004219,68751d343a311b28982701c9,"Household Food Security Survey Module (HFSSM)",8,0,""
pub.1038132438,"Food Insecurity Among American Indians and Alaska Natives: A National Profile Using the Current Population Survey–Food Security Supplement",10.1080/19320248.2016.1227750,68751d343a311b28982701d0,"Current Population Survey Food Security Supplement (CPS-FSS)",10,10,""
pub.1038132438,"Food Insecurity Among American Indians and Alaska Natives: A National Profile Using the Current Population Survey–Food Security Supplement",10.1080/19320248.2016.1227750,68ea7da0b68f81f17e35ef38,"National Health and Nutrition Examination Survey (NHANES)",8,1,""
pub.1038202052,"Food insecurity and food deserts",10.1097/01.npr.0000453644.36533.3a,68751d343a311b28982701cf,"Food Access Research Atlas (FARA)",8,0,""
pub.1038202052,"Food insecurity and food deserts",10.1097/01.npr.0000453644.36533.3a,68ea7da0b68f81f17e35ef38,"National Health and Nutrition Examination Survey (NHANES)",8,0,""
pub.1038866053,"Comprehensive and Medically Appropriate Food Support Is Associated with Improved HIV and Diabetes Health",10.1007/s11524-016-0129-7,68751d343a311b28982701c9,"Household Food Security Survey Module (HFSSM)",10,10,""
pub.1038866053,"Comprehensive and Medically Appropriate Food Support Is Associated with Improved HIV and Diabetes Health",10.1007/s11524-016-0129-7,68ea7da0b68f81f17e35ef38,"National Health and Nutrition Examination Survey (NHANES)",8,2,""
pub.1039813511,"Food Insecurity and the Burden of Health-Related Social Problems in an Urban Youth Population",10.1016/j.jadohealth.2015.08.013,68751d343a311b28982701c9,"Household Food Security Survey Module (HFSSM)",10,10,""
pub.1039844976,"Household Food Insecurity Is a Stronger Marker of Adequacy of Nutrient Intakes among Canadian Compared to American Youth and Adults 1–",10.3945/jn.114.208579,68751d343a311b28982701c9,"Household Food Security Survey Module (HFSSM)",10,10,""
pub.1039844976,"Household Food Insecurity Is a Stronger Marker of Adequacy of Nutrient Intakes among Canadian Compared to American Youth and Adults 1–",10.3945/jn.114.208579,68ea7da0b68f81f17e35ef38,"National Health and Nutrition Examination Survey (NHANES)",10,10,""
pub.1041573261,"Test-Retest Reliability of the National Health and Nutrition Examination Survey's 5-Item Food Insecurity Questionnaire Completed by Fourth-Grade Children",10.1016/j.jneb.2015.06.006,68751d343a311b28982701d0,"Current Population Survey Food Security Supplement (CPS-FSS)",8,0,""
pub.1041573261,"Test-Retest Reliability of the National Health and Nutrition Examination Survey's 5-Item Food Insecurity Questionnaire Completed by Fourth-Grade Children",10.1016/j.jneb.2015.06.006,68ea7da0b68f81f17e35ef38,"National Health and Nutrition Examination Survey (NHANES)",9,0,""
pub.1041904252,"Supplemental Nutrition Assistance Program and food insecurity among families with children",10.1016/j.jpolmod.2016.05.003,68751d343a311b28982701d0,"Current Population Survey Food Security Supplement (CPS-FSS)",9,9,""
pub.1042031042,"Food- and Health-Related Correlates of Self-Reported Body Mass Index Among Low-Income Mothers of Young Children",10.1016/j.jneb.2015.01.004,68751d343a311b28982701d0,"Current Population Survey Food Security Supplement (CPS-FSS)",10,10,""
pub.1042561010,"Food insecurity is associated with HIV, sexually transmitted infections and drug use among men in the United States",10.1097/qad.0000000000001095,68751d343a311b28982701c9,"Household Food Security Survey Module (HFSSM)",10,9,""
pub.1042561010,"Food insecurity is associated with HIV, sexually transmitted infections and drug use among men in the United States",10.1097/qad.0000000000001095,68ea7da0b68f81f17e35ef38,"National Health and Nutrition Examination Survey (NHANES)",10,10,""
pub.1043945285,"Food Acquisition Strategies, Food Security, and Health Status among Families with Children Using Food Pantries",10.1606/1044-3894.2015.96.16,68751d343a311b28982701c9,"Household Food Security Survey Module (HFSSM)",10,10,""
pub.1044665553,"“Do You Wanna Breathe or Eat?”: Parent Perspectives on Child Health Consequences of Food Insecurity, Trade-Offs, and Toxic Stress",10.1007/s10995-015-1797-8,68751d343a311b28982701c9,"Household Food Security Survey Module (HFSSM)",10,10,""
pub.1044764715,"Analyzing the Role of Community and Individual Factors in Food Insecurity: Identifying Diverse Barriers Across Clustered Community Members",10.1007/s10900-016-0171-0,68751d343a311b28982701cc,"Food Acquisition and Purchase Survey (FoodAPS)",8,1,""
pub.1045618665,"The Role of the Supplemental Nutrition Assistance Program in the Relationship Between Food Insecurity and Probability of Maternal Depression",10.1080/19320248.2015.1045672,68751d343a311b28982701c9,"Household Food Security Survey Module (HFSSM)",10,10,""
pub.1047158720,"Auxiliary measures to assess factors related to food insecurity: Preliminary testing and baseline characteristics of newly designed hunger-coping scales",10.1016/j.pmedr.2016.06.021,68751d343a311b28982701c9,"Household Food Security Survey Module (HFSSM)",9,9,""
pub.1047979751,"Geospatial Evaluation for Urban Agriculture Land Inventory: Roanoke, Virginia USA",10.4018/ijagr.2017010103,68751d343a311b28982701cf,"Food Access Research Atlas (FARA)",6,1,""
pub.1048389849,"Migrant and Seasonal Farmworker Food Insecurity: Prevalence, Impact, Risk Factors, and Coping Strategies",10.1080/19371918.2015.1019173,68751d343a311b28982701c9,"Household Food Security Survey Module (HFSSM)",8,0,""
pub.1049012797,"Nativity, Not Acculturation, Predicts SNAP Usage Among Low-income Hispanics With Food Insecurity",10.1080/19320248.2014.962779,68751d343a311b28982701c9,"Household Food Security Survey Module (HFSSM)",9,10,""
pub.1049032982,"The role of health behaviors and food insecurity in predicting fruit and vegetable intake in low-income children",10.1080/02739615.2015.1124772,68751d343a311b28982701c9,"Household Food Security Survey Module (HFSSM)",10,10,""
pub.1050483147,"Interest in Nutrition and Local Food Systems among Food-Insecure Households in an Appalachian Community",10.1080/19320248.2016.1146191,68751d343a311b28982701cf,"Food Access Research Atlas (FARA)",8,0,""
pub.1050483147,"Interest in Nutrition and Local Food Systems among Food-Insecure Households in an Appalachian Community",10.1080/19320248.2016.1146191,68751d353a311b28982701d3,"Rural-Urban Continuum Codes (RUCC)",8,0,""
pub.1051620580,"Food Insecurity and Health Care Utilization Among Older Adults in the United States",10.1080/21551197.2016.1200334,68751d343a311b28982701c9,"Household Food Security Survey Module (HFSSM)",10,10,""
pub.1051620580,"Food Insecurity and Health Care Utilization Among Older Adults in the United States",10.1080/21551197.2016.1200334,68ea7da0b68f81f17e35ef39,"National Health Interview Survey (NHIS)",10,10,""
pub.1053779151,"A Decade of Analysis: Household Food Insecurity Among Low-Income Immigrant Children",10.1177/0192513x16661216,68751d343a311b28982701d0,"Current Population Survey Food Security Supplement (CPS-FSS)",10,10,""
pub.1059307554,"Food Insecurity Associated with Self-Efficacy and Acculturation",10.1089/pop.2015.0179,68751d343a311b28982701c9,"Household Food Security Survey Module (HFSSM)",10,10,""
pub.1059307554,"Food Insecurity Associated with Self-Efficacy and Acculturation",10.1089/pop.2015.0179,68ea7da0b68f81f17e35ef38,"National Health and Nutrition Examination Survey (NHANES)",8,0,""
pub.1059354082,"Food Security and Teenage Labor Supply",10.1093/aepp/ppv007,68751d343a311b28982701d0,"Current Population Survey Food Security Supplement (CPS-FSS)",10,10,""
pub.1063573950,"Food Insecurity in U.S. Households That Include Children With Disabilities",10.1177/0014402916651847,68751d343a311b28982701c9,"Household Food Security Survey Module (HFSSM)",8,1,""
pub.1063573950,"Food Insecurity in U.S. Households That Include Children With Disabilities",10.1177/0014402916651847,68ea7da0b68f81f17e35ef38,"National Health and Nutrition Examination Survey (NHANES)",7,1,""
pub.1067171610,"Food Insecurity And Health Outcomes",10.1377/hlthaff.2015.0645,68751d343a311b28982701d0,"Current Population Survey Food Security Supplement (CPS-FSS)",8,0,""
pub.1067171610,"Food Insecurity And Health Outcomes",10.1377/hlthaff.2015.0645,68ea7da0b68f81f17e35ef38,"National Health and Nutrition Examination Survey (NHANES)",8,0,""
pub.1071754222,"Household Food Insecurity Is Associated with Childhood Asthma 1 , 2",10.3945/jn.115.215939,68751d343a311b28982701c9,"Household Food Security Survey Module (HFSSM)",10,10,""
pub.1071754403,"Food Insecurity Is Associated with Subsequent Cognitive Decline in the Boston Puerto Rican Health Study 1–3",10.3945/jn.115.228700,68751d343a311b28982701c9,"Household Food Security Survey Module (HFSSM)",10,10,""
pub.1071754443,"SNAP-Ed (Supplemental Nutrition Assistance Program–Education) Increases Long-Term Food Security among Indiana Households with Children in a Randomized Controlled Study1–4",10.3945/jn.116.231373,68751d343a311b28982701c9,"Household Food Security Survey Module (HFSSM)",10,10,""
pub.1071754452,"A Model-Based Approach to Identify Classes and Respective Cutoffs of the Brazilian Household Food Insecurity Measurement Scale 1 , 2",10.3945/jn.116.231845,68751d343a311b28982701c9,"Household Food Security Survey Module (HFSSM)",9,1,""
pub.1071754452,"A Model-Based Approach to Identify Classes and Respective Cutoffs of the Brazilian Household Food Insecurity Measurement Scale 1 , 2",10.3945/jn.116.231845,68ea7da0b68f81f17e35ef38,"National Health and Nutrition Examination Survey (NHANES)",8,1,""
pub.1071754461,"Severity of Household Food Insecurity Is Positively Associated with Mental Disorders among Children and Adolescents in the United States 1–4",10.3945/jn.116.232298,68751d343a311b28982701c9,"Household Food Security Survey Module (HFSSM)",10,10,""
pub.1071754461,"Severity of Household Food Insecurity Is Positively Associated with Mental Disorders among Children and Adolescents in the United States 1–4",10.3945/jn.116.232298,68ea7da0b68f81f17e35ef39,"National Health Interview Survey (NHIS)",10,10,""
pub.1073476597,"Who Is Food Insecure? Implications for Targeted Recruitment and Outreach, National Health and Nutrition Examination Survey, 2005–2010",10.5888/pcd13.160103,68751d343a311b28982701c9,"Household Food Security Survey Module (HFSSM)",10,10,""
pub.1073476597,"Who Is Food Insecure? Implications for Targeted Recruitment and Outreach, National Health and Nutrition Examination Survey, 2005–2010",10.5888/pcd13.160103,68ea7da0b68f81f17e35ef38,"National Health and Nutrition Examination Survey (NHANES)",10,10,""
pub.1073476619,"Food Insecurity and Cardiovascular Health in Pregnant Women: Results From the Food for Families Program, Chelsea, Massachusetts, 2013–2015",10.5888/pcd13.160212,68751d343a311b28982701cf,"Food Access Research Atlas (FARA)",10,10,""
pub.1073476619,"Food Insecurity and Cardiovascular Health in Pregnant Women: Results From the Food for Families Program, Chelsea, Massachusetts, 2013–2015",10.5888/pcd13.160212,68ea7da0b68f81f17e35ef38,"National Health and Nutrition Examination Survey (NHANES)",8,0,""
pub.1074242117,"Who are the World’s Food Insecure? New Evidence from the Food and Agriculture Organization’s Food Insecurity Experience Scale",10.1016/j.worlddev.2017.01.006,68751d343a311b28982701c9,"Household Food Security Survey Module (HFSSM)",8,1,""
pub.1079396227,"Food Insecurity and Chronic Diseases Among American Indians in Rural Oklahoma: The THRIVE Study",10.2105/ajph.2016.303605,68751d343a311b28982701d0,"Current Population Survey Food Security Supplement (CPS-FSS)",8,0,""
pub.1079396227,"Food Insecurity and Chronic Diseases Among American Indians in Rural Oklahoma: The THRIVE Study",10.2105/ajph.2016.303605,68ea7da0b68f81f17e35ef38,"National Health and Nutrition Examination Survey (NHANES)",8,0,""
pub.1083939820,"Food Insecurity, Weight Status, and Perceived Nutritional and Exercise Barriers in an Urban Youth Population",10.1177/0009922817693301,68751d343a311b28982701c9,"Household Food Security Survey Module (HFSSM)",9,10,""
pub.1083939820,"Food Insecurity, Weight Status, and Perceived Nutritional and Exercise Barriers in an Urban Youth Population",10.1177/0009922817693301,68ea7da0b68f81f17e35ef38,"National Health and Nutrition Examination Survey (NHANES)",8,1,""
pub.1084055508,"Food Insecurity Screening in Pediatric Primary Care: Can Offering Referrals Help Identify Families in Need?",10.1016/j.acap.2016.10.006,68751d343a311b28982701c9,"Household Food Security Survey Module (HFSSM)",9,10,""
pub.1084215783,"Relationship between food insecurity, child weight status, and parent‐reported child eating and snacking behaviors",10.1111/jspn.12177,68751d343a311b28982701c9,"Household Food Security Survey Module (HFSSM)",10,10,""
pub.1084215783,"Relationship between food insecurity, child weight status, and parent‐reported child eating and snacking behaviors",10.1111/jspn.12177,68ea7da0b68f81f17e35ef38,"National Health and Nutrition Examination Survey (NHANES)",9,0,""
pub.1084243942,"Ethnic markets and community food security in an urban “food desert”",10.1177/0308518x17700394,68751d343a311b28982701cf,"Food Access Research Atlas (FARA)",8,2,""
pub.1084535112,"Changes in household food insecurity are related to changes in BMI and diet quality among Michigan Head Start preschoolers in a sex-specific manner",10.1016/j.socscimed.2017.04.003,68751d343a311b28982701c9,"Household Food Security Survey Module (HFSSM)",9,10,""
pub.1084740529,"The rise of food banks and the challenge of matching food assistance with potential need: towards a spatially specific, rapid assessment approach",10.1007/s10460-017-9783-y,68751d343a311b28982701cf,"Food Access Research Atlas (FARA)",8,0,""
pub.1084754596,"A Municipal-level analysis of secular trends in severe food insecurity in Brazil between 2004 and 2013",10.1016/j.gfs.2017.03.004,68751d343a311b28982701c9,"Household Food Security Survey Module (HFSSM)",8,1,""
pub.1084887347,"Diabetes-Specific Food Insecurity Is Associated with Impaired Heart Rate Variability Independent of Glycemic Control: Exploratory Findings among Latinos with Type 2 Diabetes 1 2",10.3945/cdn.117.000521,68751d343a311b28982701c9,"Household Food Security Survey Module (HFSSM)",10,10,""
pub.1085848101,"Food Affordability, Food Security, and the Expanded Food and Nutrition Education Program",10.1080/19320248.2017.1315326,68751d343a311b28982701c9,"Household Food Security Survey Module (HFSSM)",9,10,""
pub.1085848101,"Food Affordability, Food Security, and the Expanded Food and Nutrition Education Program",10.1080/19320248.2017.1315326,68ea7da0b68f81f17e35ef38,"National Health and Nutrition Examination Survey (NHANES)",8,2,""
pub.1090321072,"Food security measurement and governance: Assessment of the usefulness of diverse food insecurity indicators for policy makers",10.1016/j.gfs.2017.06.003,68751d343a311b28982701c9,"Household Food Security Survey Module (HFSSM)",8,0,""
pub.1090364662,"Land Use, Conservation, Forestry, and Agriculture in Puerto Rico",10.3390/f8070242,68751d343a311b28982701cb,"NASS Census of Agriculture",8,1,""
pub.1090367771,"A Qualitative Application of the Belsky Model to Explore Early Care and Education Teachers' Mealtime History, Beliefs, and Interactions",10.1016/j.jneb.2017.04.025,68751d343a311b28982701c9,"Household Food Security Survey Module (HFSSM)",10,10,""
pub.1090618496,"Student Hunger on Campus: Food Insecurity Among College Students and Implications for Academic Institutions",10.1177/0890117117719620,68751d343a311b28982701c9,"Household Food Security Survey Module (HFSSM)",10,10,""
pub.1090665356,"Food security in a remittance based economy",10.1007/s12571-017-0705-z,68751d343a311b28982701c9,"Household Food Security Survey Module (HFSSM)",9,10,""
pub.1090745802,"Mother and Adolescent Eating in the Context of Food Insecurity: Findings from Urban Public Housing",10.1007/s10995-017-2306-z,68751d343a311b28982701c9,"Household Food Security Survey Module (HFSSM)",10,10,""
pub.1090774397,"Climate Change and Food Security: Florida’s Agriculture in the Coming Decades",10.1108/s1574-871520170000017007,68751d343a311b28982701cb,"NASS Census of Agriculture",8,0,""
pub.1090834355,"Assessing food insecurity in Latin America and the Caribbean using FAO’s Food Insecurity Experience Scale",10.1016/j.foodpol.2017.07.005,68751d343a311b28982701c9,"Household Food Security Survey Module (HFSSM)",8,1,""
pub.1090855981,"Family Structure and Child Food Insecurity: Evidence from the Current Population Survey",10.1007/s11205-017-1700-7,68751d343a311b28982701d0,"Current Population Survey Food Security Supplement (CPS-FSS)",10,10,""
pub.1091436462,"Health status, food insecurity, and time allocation patterns of patients with AIDS receiving antiretroviral treatment in South Africa",10.1080/09540121.2017.1371665,68751d343a311b28982701c9,"Household Food Security Survey Module (HFSSM)",10,10,""
pub.1091500544,"Dietary Intake Contributions of Food and Beverages by Source and Food Security Status in US Adults",10.1016/j.jneb.2017.01.009,68ea7da0b68f81f17e35ef38,"National Health and Nutrition Examination Survey (NHANES)",10,10,""
pub.1091623866,"Using Household Fit Indices to Examine the Psychometric Quality of Food Insecurity Measures",10.1177/0013164417728317,68751d343a311b28982701d0,"Current Population Survey Food Security Supplement (CPS-FSS)",10,10,""
pub.1091623866,"Using Household Fit Indices to Examine the Psychometric Quality of Food Insecurity Measures",10.1177/0013164417728317,68751d343a311b28982701c9,"Household Food Security Survey Module (HFSSM)",10,10,""
pub.1091756824,"Food insecurity and emotional health in the USA: a systematic narrative review of longitudinal research",10.1017/s1368980017002221,68751d343a311b28982701c9,"Household Food Security Survey Module (HFSSM)",10,0,""
pub.1091756824,"Food insecurity and emotional health in the USA: a systematic narrative review of longitudinal research",10.1017/s1368980017002221,68ea7da0b68f81f17e35ef38,"National Health and Nutrition Examination Survey (NHANES)",10,0,""
pub.1091851286,"Food insecurity and the use of soup kitchens among suburban elderly women in two counties in Pennsylvania",10.1108/h-08-2016-0057,68751d343a311b28982701cc,"Food Acquisition and Purchase Survey (FoodAPS)",8,0,""
pub.1091851286,"Food insecurity and the use of soup kitchens among suburban elderly women in two counties in Pennsylvania",10.1108/h-08-2016-0057,68ea7da0b68f81f17e35ef38,"National Health and Nutrition Examination Survey (NHANES)",8,0,""
pub.1092089461,"Invited review: Sustainable forage and grain crop production for the US dairy industry",10.3168/jds.2017-13080,68751d343a311b28982701cb,"NASS Census of Agriculture",10,10,""
pub.1092191689,"Household Food Security Discordance Among Latino Adolescents and Parents",10.5993/ajhb.41.6.11,68751d343a311b28982701c9,"Household Food Security Survey Module (HFSSM)",8,10,""
pub.1092259111,"For Low-Income Americans, Living ≤1 Mile (≤1.6 km) from the Nearest Supermarket Is Not Associated with Self-Reported Household Food Security",10.3945/cdn.117.001446,68751d343a311b28982701cc,"Food Acquisition and Purchase Survey (FoodAPS)",10,10,""
pub.1092259111,"For Low-Income Americans, Living ≤1 Mile (≤1.6 km) from the Nearest Supermarket Is Not Associated with Self-Reported Household Food Security",10.3945/cdn.117.001446,68751d343a311b28982701c9,"Household Food Security Survey Module (HFSSM)",10,10,""
pub.1092437110,"Prevalence and predictors of food insecurity among people living with HIV affiliated with AIDS service organizations in Ontario, Canada",10.1080/09540121.2017.1394435,68751d343a311b28982701c9,"Household Food Security Survey Module (HFSSM)",10,10,""
pub.1092480782,"Food insecurity may lead to incomplete HIV viral suppression and less immune reconstitution among HIV/hepatitis C virus‐coinfected people",10.1111/hiv.12561,68751d343a311b28982701c9,"Household Food Security Survey Module (HFSSM)",10,10,""
pub.1092557844,"Food Insecurity and Perceived Diet Quality Among Low-Income Older Americans with Functional Limitations",10.1016/j.jneb.2017.09.006,68751d343a311b28982701c9,"Household Food Security Survey Module (HFSSM)",10,10,""
pub.1092557844,"Food Insecurity and Perceived Diet Quality Among Low-Income Older Americans with Functional Limitations",10.1016/j.jneb.2017.09.006,68ea7da0b68f81f17e35ef38,"National Health and Nutrition Examination Survey (NHANES)",10,10,""
pub.1092620103,"Interrelationship between food security status, home availability of variety of fruits and vegetables and their dietary intake among low-income pregnant women",10.1017/s1368980017003032,68751d343a311b28982701c9,"Household Food Security Survey Module (HFSSM)",9,10,""
pub.1092852344,"Food insecurity in the United States of America: an examination of race/ethnicity and nativity",10.1007/s12571-017-0733-8,68751d343a311b28982701d0,"Current Population Survey Food Security Supplement (CPS-FSS)",8,0,""
pub.1092852344,"Food insecurity in the United States of America: an examination of race/ethnicity and nativity",10.1007/s12571-017-0733-8,68ea7da0b68f81f17e35ef38,"National Health and Nutrition Examination Survey (NHANES)",10,10,""
pub.1092887238,"Rasch analyses of the standardized Spanish translation of the U.S. household food security survey module",10.3233/jem-170443,68751d343a311b28982701d0,"Current Population Survey Food Security Supplement (CPS-FSS)",10,10,""
pub.1092887238,"Rasch analyses of the standardized Spanish translation of the U.S. household food security survey module",10.3233/jem-170443,68751d343a311b28982701c9,"Household Food Security Survey Module (HFSSM)",10,10,""
pub.1093089922,"Can the introduction of a full-service supermarket in a food desert improve residents' economic status and health?",10.1016/j.annepidem.2017.10.011,68751d343a311b28982701c9,"Household Food Security Survey Module (HFSSM)",9,9,""
pub.1093156383,"Exploring the association of urban or rural county status and environmental, nutrition- and lifestyle-related resources with the efficacy of SNAP-Ed (Supplemental Nutrition Assistance Program-Education) to improve food security",10.1017/s1368980017003391,68751d343a311b28982701c9,"Household Food Security Survey Module (HFSSM)",10,10,""
pub.1093159254,"Food Insecurity Research in the United States: Where We Have Been and Where We Need to Go",10.1093/aepp/ppx058,68751d343a311b28982701cc,"Food Acquisition and Purchase Survey (FoodAPS)",8,0,""
pub.1100165699,"Understanding High Incidence of Severe Obesity and Very Low Food Security in Food Pantry Clients: Implications For Social Work",10.1080/19371918.2017.1415181,68751d343a311b28982701c9,"Household Food Security Survey Module (HFSSM)",10,10,""
pub.1100250144,"Child hunger from a family resilience perspective",10.1080/19320248.2017.1364189,68751d343a311b28982701c9,"Household Food Security Survey Module (HFSSM)",10,10,""
pub.1100292434,"Evidence for the age-specific relationship of food insecurity and key dietary outcomes among US children and adolescents",10.1017/s0954422417000245,68751d343a311b28982701c9,"Household Food Security Survey Module (HFSSM)",9,0,""
pub.1100292434,"Evidence for the age-specific relationship of food insecurity and key dietary outcomes among US children and adolescents",10.1017/s0954422417000245,68ea7da0b68f81f17e35ef38,"National Health and Nutrition Examination Survey (NHANES)",9,0,""
pub.1100473118,"Hungry to learn: the prevalence and effects of food insecurity on health behaviors and outcomes over time among a diverse sample of university freshmen",10.1186/s12966-018-0647-7,68751d343a311b28982701c9,"Household Food Security Survey Module (HFSSM)",10,10,""
pub.1100480817,"Food access, food security and community gardens in Rockford, IL",10.1080/13549839.2018.1426561,68751d343a311b28982701cf,"Food Access Research Atlas (FARA)",8,0,""
pub.1100724306,"Communication barrier in family linked to increased risks for food insecurity among deaf people who use American Sign Language",10.1017/s1368980017002865,68751d343a311b28982701c9,"Household Food Security Survey Module (HFSSM)",9,10,""
pub.1100754932,"Chronic disease burden predicts food insecurity among older adults",10.1017/s1368980017004062,68751d343a311b28982701c9,"Household Food Security Survey Module (HFSSM)",10,10,""
pub.1100894993,"Food insecurity is associated with high risk glycemic control and higher health care utilization among youth and young adults with type 1 diabetes",10.1016/j.diabres.2018.01.035,68751d343a311b28982701c9,"Household Food Security Survey Module (HFSSM)",10,10,""
pub.1100894993,"Food insecurity is associated with high risk glycemic control and higher health care utilization among youth and young adults with type 1 diabetes",10.1016/j.diabres.2018.01.035,68ea7da0b68f81f17e35ef38,"National Health and Nutrition Examination Survey (NHANES)",8,0,""
pub.1100900492,"Investigating connectivity in the urban food landscapes of migrant women facing food insecurity in Washington, DC",10.1016/j.healthplace.2018.01.003,68751d343a311b28982701cf,"Food Access Research Atlas (FARA)",8,1,""
pub.1100914891,"Skeletal growth, body composition, and metabolic risk among North Sudanese immigrant children",10.1111/phn.12386,68751d343a311b28982701c9,"Household Food Security Survey Module (HFSSM)",10,10,""
pub.1100914891,"Skeletal growth, body composition, and metabolic risk among North Sudanese immigrant children",10.1111/phn.12386,68ea7da0b68f81f17e35ef38,"National Health and Nutrition Examination Survey (NHANES)",10,10,""
pub.1101033966,"The Impact of Food Insecurity on the Home Emotional Environment Among Low-Income Mothers of Young Children",10.1007/s10995-018-2499-9,68751d343a311b28982701c9,"Household Food Security Survey Module (HFSSM)",10,10,""
pub.1101087773,"Examining the Impact of Structural Racism on Food Insecurity",10.1097/fch.0000000000000183,68751d343a311b28982701d0,"Current Population Survey Food Security Supplement (CPS-FSS)",9,9,""
pub.1101087773,"Examining the Impact of Structural Racism on Food Insecurity",10.1097/fch.0000000000000183,68ea7da0b68f81f17e35ef38,"National Health and Nutrition Examination Survey (NHANES)",8,1,""
pub.1101087774,"Sex, Race, Food Security, and Sugar Consumption Change Efficacy Among Low-Income Parents in an Urban Primary Care Setting",10.1097/fch.0000000000000184,68751d343a311b28982701c9,"Household Food Security Survey Module (HFSSM)",10,10,""
pub.1101166546,"Interviewer effects in food acquisition surveys",10.1017/s1368980018000137,68751d343a311b28982701cc,"Food Acquisition and Purchase Survey (FoodAPS)",10,10,""
pub.1101522533,"Land access for direct market food farmers in Oregon, USA",10.1016/j.landusepol.2018.01.018,68751d343a311b28982701ce,"Local Food Marketing Practices Survey",8,2,""
pub.1101522533,"Land access for direct market food farmers in Oregon, USA",10.1016/j.landusepol.2018.01.018,68751d343a311b28982701cb,"NASS Census of Agriculture",9,8,""
pub.1101550180,"Ethnic/Racial Comparisons in Strategies Parents Use to Cope with Food Insecurity: A Systematic Review of Published Research",10.1007/s10903-018-0720-y,68751d343a311b28982701d0,"Current Population Survey Food Security Supplement (CPS-FSS)",9,1,""
pub.1101550180,"Ethnic/Racial Comparisons in Strategies Parents Use to Cope with Food Insecurity: A Systematic Review of Published Research",10.1007/s10903-018-0720-y,68751d343a311b28982701c9,"Household Food Security Survey Module (HFSSM)",9,1,""
pub.1101609577,"Factors associated with food insecurity among older homeless adults: results from the HOPE HOME study",10.1093/pubmed/fdy063,68751d343a311b28982701c9,"Household Food Security Survey Module (HFSSM)",10,10,""
pub.1101609577,"Factors associated with food insecurity among older homeless adults: results from the HOPE HOME study",10.1093/pubmed/fdy063,68ea7da0b68f81f17e35ef38,"National Health and Nutrition Examination Survey (NHANES)",10,10,""
pub.1101829320,"A Summer Nutrition Benefit Pilot Program and Low-income Children’s Food Security",10.1542/peds.2017-1657,68751d343a311b28982701c9,"Household Food Security Survey Module (HFSSM)",10,10,""
pub.1103162254,"Food Security and Diet Among American Indians in the Midwest",10.1007/s10900-018-0501-5,68751d343a311b28982701c9,"Household Food Security Survey Module (HFSSM)",9,9,""
pub.1103194412,"Freshmen at a University in Appalachia Experience a Higher Rate of Campus than Family Food Insecurity",10.1007/s10900-018-0513-1,68751d343a311b28982701c9,"Household Food Security Survey Module (HFSSM)",8,2,""
pub.1103524732,"Nitrogen use efficiency and crop production: Patterns of regional variation in the United States, 1987–2012",10.1016/j.scitotenv.2018.04.027,68751d343a311b28982701cb,"NASS Census of Agriculture",9,10,""
pub.1103603934,"Food Insecurity and Hunger: Quiet Public Health Problems on Campus",10.4172/2155-9600.1000668,68751d343a311b28982701c9,"Household Food Security Survey Module (HFSSM)",9,9,""
pub.1103642429,"The impact of the recession on food insecurity among households who were low income: findings from the 2005 - 2014 national health and nutrition examination surveys",10.1080/10875549.2018.1460738,68751d343a311b28982701c9,"Household Food Security Survey Module (HFSSM)",9,8,""
pub.1103642429,"The impact of the recession on food insecurity among households who were low income: findings from the 2005 - 2014 national health and nutrition examination surveys",10.1080/10875549.2018.1460738,68ea7da0b68f81f17e35ef38,"National Health and Nutrition Examination Survey (NHANES)",10,10,""
pub.1103850816,"Epidemiology and Pathophysiology of Food Insecurity",10.1007/978-3-319-76048-3_1,68751d343a311b28982701d0,"Current Population Survey Food Security Supplement (CPS-FSS)",8,0,""
pub.1103850816,"Epidemiology and Pathophysiology of Food Insecurity",10.1007/978-3-319-76048-3_1,68751d343a311b28982701c9,"Household Food Security Survey Module (HFSSM)",8,0,""
pub.1103850816,"Epidemiology and Pathophysiology of Food Insecurity",10.1007/978-3-319-76048-3_1,68ea7da0b68f81f17e35ef38,"National Health and Nutrition Examination Survey (NHANES)",7,0,""
pub.1103850833,"Impacting Food Insecurity Through the Use of Screening Tools and Training",10.1007/978-3-319-76048-3_2,68751d343a311b28982701c9,"Household Food Security Survey Module (HFSSM)",8,0,""
pub.1103886603,"The Unequal Impact of Food Insecurity on Cognitive and Behavioral Outcomes Among 5-Year-Old Urban Children",10.1016/j.jneb.2018.04.003,68751d343a311b28982701c9,"Household Food Security Survey Module (HFSSM)",10,10,""
pub.1103886603,"The Unequal Impact of Food Insecurity on Cognitive and Behavioral Outcomes Among 5-Year-Old Urban Children",10.1016/j.jneb.2018.04.003,68ea7da0b68f81f17e35ef38,"National Health and Nutrition Examination Survey (NHANES)",8,2,""
pub.1103910312,"Daily Dietary Intake Patterns Improve after Visiting a Food Pantry among Food-Insecure Rural Midwestern Adults",10.3390/nu10050583,68751d343a311b28982701c9,"Household Food Security Survey Module (HFSSM)",10,10,""
pub.1104044547,"Child age and gender differences in food security in a low-income U.S. inner-city population",10.1016/j.euroecorev.2018.04.005,68751d343a311b28982701d0,"Current Population Survey Food Security Supplement (CPS-FSS)",10,10,""
pub.1104044547,"Child age and gender differences in food security in a low-income U.S. inner-city population",10.1016/j.euroecorev.2018.04.005,68ea7da0b68f81f17e35ef38,"National Health and Nutrition Examination Survey (NHANES)",8,0,""
pub.1104157999,"Food insecurity transitions and housing hardships: Are immigrant families more vulnerable?",10.1080/07352166.2018.1468222,68751d343a311b28982701c9,"Household Food Security Survey Module (HFSSM)",10,10,""
pub.1104335284,"Barriers to Food Security and Community Stress in an Urban Food Desert",10.3390/urbansci2020046,68751d343a311b28982701cf,"Food Access Research Atlas (FARA)",8,0,""
pub.1104476205,"Food Insecurity, Internalized Stigma, and Depressive Symptoms Among Women Living with HIV in the United States",10.1007/s10461-018-2164-8,68751d343a311b28982701c9,"Household Food Security Survey Module (HFSSM)",10,10,""
pub.1104785626,"Relationship of food insecurity to women’s dietary outcomes: a systematic review",10.1093/nutrit/nuy042,68751d343a311b28982701c9,"Household Food Security Survey Module (HFSSM)",8,1,""
pub.1104785626,"Relationship of food insecurity to women’s dietary outcomes: a systematic review",10.1093/nutrit/nuy042,68ea7da0b68f81f17e35ef38,"National Health and Nutrition Examination Survey (NHANES)",8,1,""
pub.1105212844,"A pilot study of low-income mothers and fathers of preschool age children to determine the relationship of food security and nutrition assistance on feeding style and child body weight",10.1080/19320248.2018.1491363,68751d343a311b28982701c9,"Household Food Security Survey Module (HFSSM)",10,10,""
pub.1105212844,"A pilot study of low-income mothers and fathers of preschool age children to determine the relationship of food security and nutrition assistance on feeding style and child body weight",10.1080/19320248.2018.1491363,68ea7da0b68f81f17e35ef38,"National Health and Nutrition Examination Survey (NHANES)",10,0,""
pub.1105225625,"Overlapping geographic clusters of food security and health: Where do social determinants and health outcomes converge in the U.S?",10.1016/j.ssmph.2018.06.006,68751d353a311b28982701d3,"Rural-Urban Continuum Codes (RUCC)",10,10,""
pub.1105293820,"The intersection of food insecure populations in the Midwest U.S. and rates of chronic health conditions",10.1186/s40066-018-0195-z,68751d343a311b28982701c9,"Household Food Security Survey Module (HFSSM)",8,1,""
pub.1105444823,"Food insecurity, comorbidity, and mobility limitations among older U.S. adults: Findings from the Health and Retirement Study and Health Care and Nutrition Study",10.1016/j.ypmed.2018.07.001,68751d343a311b28982701c9,"Household Food Security Survey Module (HFSSM)",9,10,""
pub.1105876825,"Food security status of mothers at-risk for child maltreatment",10.1016/j.childyouth.2018.07.031,68751d343a311b28982701c9,"Household Food Security Survey Module (HFSSM)",9,10,""
pub.1106035366,"Pathways between food insecurity and glycaemic control in individuals with type 2 diabetes",10.1017/s1368980018001908,68751d343a311b28982701c9,"Household Food Security Survey Module (HFSSM)",10,10,""
pub.1106035366,"Pathways between food insecurity and glycaemic control in individuals with type 2 diabetes",10.1017/s1368980018001908,68ea7da0b68f81f17e35ef39,"National Health Interview Survey (NHIS)",10,10,""
pub.1106035366,"Pathways between food insecurity and glycaemic control in individuals with type 2 diabetes",10.1017/s1368980018001908,68ea7da0b68f81f17e35ef38,"National Health and Nutrition Examination Survey (NHANES)",8,2,""
pub.1106092544,"Regional Variations of Bovine and Porcine Fecal Pollution as a Function of Landscape, Nutrient, and Hydrological Factors",10.2134/jeq2017.11.0438,68751d343a311b28982701cb,"NASS Census of Agriculture",8,0,""
pub.1106101423,"Hunger in the fields: Food insecurity and food access among farmworker families in Migrant and Seasonal Head Start",10.1080/15348431.2018.1500291,68751d343a311b28982701c9,"Household Food Security Survey Module (HFSSM)",9,8,""
pub.1106137609,"Household Food Insecurity and Psychosocial Dysfunction in Ecuadorian Elementary Schoolchildren",10.1155/2018/6067283,68751d343a311b28982701c9,"Household Food Security Survey Module (HFSSM)",10,10,""
pub.1106150367,"Longitudinal associations between food insecurity and substance use in a cohort of women with or at risk for HIV in the United States",10.1111/add.14418,68751d343a311b28982701c9,"Household Food Security Survey Module (HFSSM)",10,10,""
pub.1106238600,"Exploring Dietary Factors in the Food Insecurity and Obesity Relationship Among Latinos in California",10.1353/hpu.2018.0082,68751d343a311b28982701c9,"Household Food Security Survey Module (HFSSM)",9,10,""
pub.1106238600,"Exploring Dietary Factors in the Food Insecurity and Obesity Relationship Among Latinos in California",10.1353/hpu.2018.0082,68ea7da0b68f81f17e35ef38,"National Health and Nutrition Examination Survey (NHANES)",7,1,""
pub.1106250905,"Who feels the calorie crunch and when? The impact of school meals on cyclical food insecurity",10.1016/j.jpubeco.2018.08.001,68751d343a311b28982701cc,"Food Acquisition and Purchase Survey (FoodAPS)",10,10,""
pub.1106250905,"Who feels the calorie crunch and when? The impact of school meals on cyclical food insecurity",10.1016/j.jpubeco.2018.08.001,68ea7da0b68f81f17e35ef38,"National Health and Nutrition Examination Survey (NHANES)",8,2,""
pub.1106289583,"The Effects of Hispanic Immigrant Mother’s Resiliency on Children’s Dietary Adjustment",10.1007/s10903-018-0810-x,68751d343a311b28982701c9,"Household Food Security Survey Module (HFSSM)",10,10,""
pub.1106289583,"The Effects of Hispanic Immigrant Mother’s Resiliency on Children’s Dietary Adjustment",10.1007/s10903-018-0810-x,68ea7da0b68f81f17e35ef38,"National Health and Nutrition Examination Survey (NHANES)",8,0,""
pub.1106320584,"Voices for food: methodologies for implementing a multi-state community-based intervention in rural, high poverty communities",10.1186/s12889-018-5957-9,68751d343a311b28982701c9,"Household Food Security Survey Module (HFSSM)",10,10,""
pub.1106352981,"Food Insecurity Is Associated With Inflammation Among Women Living With HIV",10.1093/infdis/jiy511,68751d343a311b28982701c9,"Household Food Security Survey Module (HFSSM)",10,10,""
pub.1106352981,"Food Insecurity Is Associated With Inflammation Among Women Living With HIV",10.1093/infdis/jiy511,68ea7da0b68f81f17e35ef39,"National Health Interview Survey (NHIS)",8,1,""
pub.1106362459,"Why Are Hungry College Students Not Seeking Help? Predictors of and Barriers to Using an On-Campus Food Pantry",10.3390/nu10091163,68751d343a311b28982701c9,"Household Food Security Survey Module (HFSSM)",10,10,""
pub.1106415891,"Food Insecurity, Cardiometabolic Health, and Health Care in U.S.-Mexico Border Immigrant Adults: An Exploratory Study",10.1007/s10903-018-0817-3,68751d343a311b28982701c9,"Household Food Security Survey Module (HFSSM)",10,10,""
pub.1106491289,"Family socioeconomic status and maternal depressive symptoms: Mediation through household food insecurity across five years",10.1016/j.socscimed.2018.08.043,68751d343a311b28982701c9,"Household Food Security Survey Module (HFSSM)",10,10,""
pub.1106857130,"Regional food production and land redistribution as adaptation to climate change in the U.S. Northeast Seaboard",10.1016/j.compag.2018.08.026,68751d343a311b28982701cb,"NASS Census of Agriculture",10,10,""
pub.1106860255,"Do Walmart Supercenters Improve Food Security?",10.1093/aepp/ppy023,68751d343a311b28982701d0,"Current Population Survey Food Security Supplement (CPS-FSS)",10,10,""
pub.1107040496,"A qualitative investigation into the U.S. Department of Agriculture 18‐item Household Food Security Survey Module: Variations in interpretation, understanding and report by gender",10.1002/pa.1861,68751d343a311b28982701c9,"Household Food Security Survey Module (HFSSM)",10,10,""
pub.1107092762,"An Exploration of the Influences Contributing to Food Insecurity in Chester County, Pennsylvania",10.1177/1524839918801588,68751d343a311b28982701cc,"Food Acquisition and Purchase Survey (FoodAPS)",8,0,""
pub.1107175478,"Life course influences on food provisioning among low-income, Mexican-born mothers with young children at risk of food insecurity",10.1016/j.appet.2018.09.014,68751d343a311b28982701c9,"Household Food Security Survey Module (HFSSM)",10,10,""
pub.1107839895,"Food insecurity increases odds of diabetes and hypertension, not obesity in medically underserved region",10.1080/19320248.2018.1538921,68751d343a311b28982701d0,"Current Population Survey Food Security Supplement (CPS-FSS)",9,9,""
pub.1107839895,"Food insecurity increases odds of diabetes and hypertension, not obesity in medically underserved region",10.1080/19320248.2018.1538921,68751d343a311b28982701c9,"Household Food Security Survey Module (HFSSM)",9,9,""
pub.1107866544,"Peer support and food security in deaf college students",10.1080/07448481.2018.1515750,68751d343a311b28982701c9,"Household Food Security Survey Module (HFSSM)",10,10,""
pub.1107928387,"Reaching rural veterans: a new mechanism to connect rural, low-income US Veterans with resources and improve food security",10.1093/pubmed/fdy203,68751d343a311b28982701c9,"Household Food Security Survey Module (HFSSM)",10,10,""
pub.1110254080,"Association of food insecurity with early childhood caries",10.1111/jphd.12299,68751d343a311b28982701c9,"Household Food Security Survey Module (HFSSM)",9,10,""
pub.1110338148,"Timing of household food insecurity exposures and asthma in a cohort of US school-aged children",10.1136/bmjopen-2018-021683,68751d343a311b28982701c9,"Household Food Security Survey Module (HFSSM)",10,10,""
pub.1110445877,"Grit is Associated with Food Security among US Parents and Adolescents",10.5993/ajhb.43.1.17,68751d343a311b28982701c9,"Household Food Security Survey Module (HFSSM)",10,10,""
pub.1110754191,"Household food insecurity is associated with binge‐eating disorder and obesity",10.1002/eat.22990,68751d343a311b28982701c9,"Household Food Security Survey Module (HFSSM)",10,10,""
pub.1110754191,"Household food insecurity is associated with binge‐eating disorder and obesity",10.1002/eat.22990,68ea7da0b68f81f17e35ef38,"National Health and Nutrition Examination Survey (NHANES)",8,0,""
pub.1110882709,"Food Insecurity and Health-Related Quality of Life: A Cross-Sectional Analysis of Older Adults in Florida, U.S.",10.1080/03670244.2018.1559160,68751d343a311b28982701c9,"Household Food Security Survey Module (HFSSM)",10,10,""
pub.1110882709,"Food Insecurity and Health-Related Quality of Life: A Cross-Sectional Analysis of Older Adults in Florida, U.S.",10.1080/03670244.2018.1559160,68ea7da0b68f81f17e35ef38,"National Health and Nutrition Examination Survey (NHANES)",9,0,""
pub.1110915630,"The Unintended Consequences of Biotechnology Innovation Adoption",10.2139/ssrn.3297176,68751d343a311b28982701d0,"Current Population Survey Food Security Supplement (CPS-FSS)",10,10,""
pub.1110928785,"Suitability of the eight-item version of the Brazilian Household Food Insecurity Measurement Scale to identify risk groups: evidence from a nationwide representative sample",10.1017/s1368980018003592,68751d343a311b28982701c9,"Household Food Security Survey Module (HFSSM)",8,1,""
pub.1111099008,"Characteristics Associated with Household Purchases of Sugar‐Sweetened Beverages in US Restaurants",10.1002/oby.22380,68751d343a311b28982701cc,"Food Acquisition and Purchase Survey (FoodAPS)",10,10,""
pub.1111099008,"Characteristics Associated with Household Purchases of Sugar‐Sweetened Beverages in US Restaurants",10.1002/oby.22380,68751d343a311b28982701c9,"Household Food Security Survey Module (HFSSM)",10,8,""
pub.1111099008,"Characteristics Associated with Household Purchases of Sugar‐Sweetened Beverages in US Restaurants",10.1002/oby.22380,68ea7da0b68f81f17e35ef38,"National Health and Nutrition Examination Survey (NHANES)",10,2,""
pub.1111308553,"Professionals’ Perceptions of Food Insecurity Among Their Low-Income Clients",10.1080/01488376.2018.1532942,68751d343a311b28982701d0,"Current Population Survey Food Security Supplement (CPS-FSS)",8,1,""
pub.1111418597,"Persistent Food Insecurity Is Associated with Adverse Mental Health among Women Living with or at Risk of HIV in the United States",10.1093/jn/nxy203,68751d343a311b28982701c9,"Household Food Security Survey Module (HFSSM)",10,10,""
pub.1111755539,"Armed Conflict in Central America and Immigrant Food Insecurity in the United States",10.2991/j.jegh.2018.02.005,68751d343a311b28982701d0,"Current Population Survey Food Security Supplement (CPS-FSS)",10,10,""
pub.1111755539,"Armed Conflict in Central America and Immigrant Food Insecurity in the United States",10.2991/j.jegh.2018.02.005,68751d343a311b28982701c9,"Household Food Security Survey Module (HFSSM)",10,10,""
pub.1111764285,"Food Insecurity Among Hispanic/Latino Youth: Who Is at Risk and What Are the Health Correlates?",10.1016/j.jadohealth.2018.10.302,68751d343a311b28982701c9,"Household Food Security Survey Module (HFSSM)",10,10,""
pub.1111810039,"Inflammation and Stress Biomarkers Mediate the Association between Household Food Insecurity and Insulin Resistance among Latinos with Type 2 Diabetes",10.1093/jn/nxz021,68751d343a311b28982701c9,"Household Food Security Survey Module (HFSSM)",9,10,""
pub.1111810039,"Inflammation and Stress Biomarkers Mediate the Association between Household Food Insecurity and Insulin Resistance among Latinos with Type 2 Diabetes",10.1093/jn/nxz021,68ea7da0b68f81f17e35ef38,"National Health and Nutrition Examination Survey (NHANES)",7,2,""
pub.1111933060,"Food insecurity, psychosocial health and academic performance among college and university students in Georgia, USA",10.1017/s1368980018003439,68751d343a311b28982701c9,"Household Food Security Survey Module (HFSSM)",10,10,""
pub.1112026317,"Food security of food recipients of a food pantry and soup kitchen",10.1017/s1368980018003658,68751d343a311b28982701c9,"Household Food Security Survey Module (HFSSM)",10,10,""
pub.1112026317,"Food security of food recipients of a food pantry and soup kitchen",10.1017/s1368980018003658,68ea7da0b68f81f17e35ef38,"National Health and Nutrition Examination Survey (NHANES)",8,1,""
pub.1112157019,"Food security and access to healthy foods in Indian country: Learning from the Food Distribution Program on Indian Reservations",10.1002/pa.1876,68751d343a311b28982701d0,"Current Population Survey Food Security Supplement (CPS-FSS)",8,2,""
pub.1112157019,"Food security and access to healthy foods in Indian country: Learning from the Food Distribution Program on Indian Reservations",10.1002/pa.1876,68751d343a311b28982701cf,"Food Access Research Atlas (FARA)",9,10,""
pub.1112166832,"Predictors of Diet-Related Health Outcomes in Food-Secure and Food-Insecure Communities",10.1080/19371918.2019.1575313,68751d343a311b28982701cc,"Food Acquisition and Purchase Survey (FoodAPS)",9,0,""
pub.1112166832,"Predictors of Diet-Related Health Outcomes in Food-Secure and Food-Insecure Communities",10.1080/19371918.2019.1575313,68751d343a311b28982701c9,"Household Food Security Survey Module (HFSSM)",9,10,""
pub.1112166832,"Predictors of Diet-Related Health Outcomes in Food-Secure and Food-Insecure Communities",10.1080/19371918.2019.1575313,68ea7da0b68f81f17e35ef38,"National Health and Nutrition Examination Survey (NHANES)",8,0,""
pub.1112167330,"Food Security Status and Overweight/Obesity Among 2- to 5-Year-Old Boys and Girls in a Community-Based Clinic",10.1097/fch.0000000000000218,68751d343a311b28982701c9,"Household Food Security Survey Module (HFSSM)",10,10,""
pub.1112173547,"Mapping Food Insecurity in Metro Atlanta",10.18737/atls20170620,68751d343a311b28982701d0,"Current Population Survey Food Security Supplement (CPS-FSS)",9,0,""
pub.1112173547,"Mapping Food Insecurity in Metro Atlanta",10.18737/atls20170620,68751d343a311b28982701c9,"Household Food Security Survey Module (HFSSM)",9,0,""
pub.1112173547,"Mapping Food Insecurity in Metro Atlanta",10.18737/atls20170620,68ea7da0b68f81f17e35ef38,"National Health and Nutrition Examination Survey (NHANES)",8,0,""
pub.1112200364,"The Occupational Therapy Approach to Addressing Food Insecurity among Older Adults with Chronic Disease",10.3390/geriatrics4010022,68751d343a311b28982701c9,"Household Food Security Survey Module (HFSSM)",8,1,""
pub.1112200364,"The Occupational Therapy Approach to Addressing Food Insecurity among Older Adults with Chronic Disease",10.3390/geriatrics4010022,68ea7da0b68f81f17e35ef38,"National Health and Nutrition Examination Survey (NHANES)",7,1,""
pub.1112325034,"“Prevention Produce”: Integrating Medical Student Mentorship into a Fruit and Vegetable Prescription Program for At-Risk Patients",10.7812/tpp/18-238,68751d343a311b28982701c9,"Household Food Security Survey Module (HFSSM)",10,10,""
pub.1112419761,"The Decline of Cash Assistance and the Well-Being of Poor Households with Children",10.1093/sf/soz020,68751d343a311b28982701d0,"Current Population Survey Food Security Supplement (CPS-FSS)",10,10,""
pub.1112567751,"Household Food Consumption Patterns and Food Security among Low-Income Migrant Urban Farmers in Delhi, Jakarta, and Quito",10.3390/su11051378,68751d343a311b28982701c9,"Household Food Security Survey Module (HFSSM)",10,10,""
pub.1112635462,"Material Hardships and Health Care Utilization Among Low-Income Children with Special Health Care Needs",10.1016/j.acap.2019.01.009,68751d343a311b28982701c9,"Household Food Security Survey Module (HFSSM)",9,10,""
pub.1112635462,"Material Hardships and Health Care Utilization Among Low-Income Children with Special Health Care Needs",10.1016/j.acap.2019.01.009,68ea7da1b68f81f17e35ef3a,"National Survey of Children's Health (NSCH)",8,2,""
pub.1112852342,"The Relationship between Food Insecurity and Symptoms of Attention-Deficit Hyperactivity Disorder in Children: A Summary of the Literature",10.3390/nu11030659,68751d343a311b28982701c9,"Household Food Security Survey Module (HFSSM)",9,1,""
pub.1112862224,"The Relation Between Household Food Insecurity and Children's Height in Canada and the United States: A Scoping Review",10.1093/advances/nmz034,68751d343a311b28982701c9,"Household Food Security Survey Module (HFSSM)",10,1,""
pub.1112862224,"The Relation Between Household Food Insecurity and Children's Height in Canada and the United States: A Scoping Review",10.1093/advances/nmz034,68ea7da0b68f81f17e35ef38,"National Health and Nutrition Examination Survey (NHANES)",10,1,""
pub.1112862388,"Effect of Supplemental Nutrition Assistance Program–Education (SNAP-Ed) on food security and dietary outcomes",10.1093/nutrit/nuz013,68751d343a311b28982701c9,"Household Food Security Survey Module (HFSSM)",9,9,""
pub.1113048868,"Food insecurity and bulimia nervosa in the United States",10.1002/eat.23074,68751d343a311b28982701c9,"Household Food Security Survey Module (HFSSM)",10,10,""
pub.1113049609,"Food Insecurity, Loneliness, and Social Support among Older Adults",10.1080/19320248.2019.1595253,68751d343a311b28982701c9,"Household Food Security Survey Module (HFSSM)",10,10,""
pub.1113257504,"Trends in Food Insecurity and SNAP Participation among Immigrant Families U.S.-Born Young Children",10.3390/children6040055,68751d343a311b28982701c9,"Household Food Security Survey Module (HFSSM)",10,10,""
pub.1113258072,"Connecting Urban Food Plans to the Countryside: Leveraging Denver’s Food Vision to Explore Meaningful Rural–Urban Linkages",10.3390/su11072022,68751d343a311b28982701cb,"NASS Census of Agriculture",8,8,""
pub.1113304574,"Indirect Effects of Food Insecurity on Body Mass Index Through Feeding Style and Dietary Quality Among Low-Income Hispanic Preschoolers",10.1016/j.jneb.2019.02.010,68751d343a311b28982701c9,"Household Food Security Survey Module (HFSSM)",10,10,""
pub.1113378957,"National Trends in Food Insecurity and Congregation-Based Food Provision between 1998 and 2012",10.1080/03670244.2019.1598979,68751d343a311b28982701d0,"Current Population Survey Food Security Supplement (CPS-FSS)",10,10,""
pub.1113378957,"National Trends in Food Insecurity and Congregation-Based Food Provision between 1998 and 2012",10.1080/03670244.2019.1598979,68ea7da0b68f81f17e35ef38,"National Health and Nutrition Examination Survey (NHANES)",8,0,""
pub.1113407479,"Food insecurity is associated with anxiety, stress, and symptoms of posttraumatic stress disorder in a cohort of women with or at risk of HIV in the United States",10.1093/jn/nxz093,68751d343a311b28982701c9,"Household Food Security Survey Module (HFSSM)",10,10,""
pub.1113490561,"Parenting While Food Insecure: Links Between Adult Food Insecurity, Parenting Aggravation, and Children’s Behaviors",10.1177/0192513x19842902,68751d343a311b28982701c9,"Household Food Security Survey Module (HFSSM)",10,10,""
pub.1113667661,"Food Insecure College Students and Objective Measurements of Their Unused Meal Plans",10.3390/nu11040904,68751d343a311b28982701c9,"Household Food Security Survey Module (HFSSM)",9,10,""
pub.1113824054,"Children’s Dietary Quality and Micronutrient Adequacy by Food Security in the Household and among Household Children",10.3390/nu11050965,68751d343a311b28982701c9,"Household Food Security Survey Module (HFSSM)",10,10,""
pub.1113824054,"Children’s Dietary Quality and Micronutrient Adequacy by Food Security in the Household and among Household Children",10.3390/nu11050965,68ea7da0b68f81f17e35ef38,"National Health and Nutrition Examination Survey (NHANES)",10,10,""
pub.1114050530,"Varying Levels of Food Insecurity Associated with Clinically Relevant Depressive Symptoms in U.S. Adults Aged 60 Years and Over: Results from the 2005–2014 National Health and Nutrition Survey",10.1080/21551197.2019.1611520,68751d343a311b28982701c9,"Household Food Security Survey Module (HFSSM)",10,10,""
pub.1114050530,"Varying Levels of Food Insecurity Associated with Clinically Relevant Depressive Symptoms in U.S. Adults Aged 60 Years and Over: Results from the 2005–2014 National Health and Nutrition Survey",10.1080/21551197.2019.1611520,68ea7da0b68f81f17e35ef38,"National Health and Nutrition Examination Survey (NHANES)",10,10,""
pub.1114499508,"Food insecurity, childhood hunger and caregiver life experiences among households with children in South Carolina, USA",10.1017/s1368980019000922,68751d343a311b28982701c9,"Household Food Security Survey Module (HFSSM)",10,10,""
pub.1114499508,"Food insecurity, childhood hunger and caregiver life experiences among households with children in South Carolina, USA",10.1017/s1368980019000922,68ea7da0b68f81f17e35ef38,"National Health and Nutrition Examination Survey (NHANES)",8,2,""
pub.1114810683,"Phosphorus use efficiency and crop production: Patterns of regional variation in the United States, 1987–2012",10.1016/j.scitotenv.2019.05.228,68751d343a311b28982701cb,"NASS Census of Agriculture",9,9,""
pub.1115597788,"Reframing food security by and for Native American communities: a case study among tribes in the Klamath River basin of Oregon and California",10.1007/s12571-019-00925-y,68751d343a311b28982701d0,"Current Population Survey Food Security Supplement (CPS-FSS)",8,0,""
pub.1115597788,"Reframing food security by and for Native American communities: a case study among tribes in the Klamath River basin of Oregon and California",10.1007/s12571-019-00925-y,68751d343a311b28982701c9,"Household Food Security Survey Module (HFSSM)",9,10,""
pub.1115597788,"Reframing food security by and for Native American communities: a case study among tribes in the Klamath River basin of Oregon and California",10.1007/s12571-019-00925-y,68ea7da0b68f81f17e35ef38,"National Health and Nutrition Examination Survey (NHANES)",7,0,""
pub.1116194880,"Diet quality trends among adults with diabetes by socioeconomic status in the U.S.: 1999–2014",10.1186/s12902-019-0382-3,68751d343a311b28982701c9,"Household Food Security Survey Module (HFSSM)",10,10,""
pub.1116194880,"Diet quality trends among adults with diabetes by socioeconomic status in the U.S.: 1999–2014",10.1186/s12902-019-0382-3,68ea7da0b68f81f17e35ef38,"National Health and Nutrition Examination Survey (NHANES)",10,10,""
pub.1117163849,"Child Food Insecurity and Neighborhood Food Environment in Relation to Academic Performance and Behavior Problems Among a National Sample of Kindergarten Children (OR02-04-19)",10.1093/cdn/nzz051.or02-04-19,68751d343a311b28982701cf,"Food Access Research Atlas (FARA)",10,10,""
pub.1117366453,"Using chiles and comics to address the physical and emotional wellbeing of farmworkers in Vermont’s borderlands",10.1007/s10460-019-09960-z,68751d343a311b28982701c9,"Household Food Security Survey Module (HFSSM)",10,10,""
pub.1117376251,"Food Insecurity Among Formerly Incarcerated Adults",10.1177/0093854819856920,68751d343a311b28982701c9,"Household Food Security Survey Module (HFSSM)",8,2,""
pub.1117614998,"Tobacco use increases risk of food insecurity: An analysis of continuous NHANES data from 1999 to 2014",10.1016/j.ypmed.2019.105765,68751d343a311b28982701c9,"Household Food Security Survey Module (HFSSM)",10,10,""
pub.1117614998,"Tobacco use increases risk of food insecurity: An analysis of continuous NHANES data from 1999 to 2014",10.1016/j.ypmed.2019.105765,68ea7da0b68f81f17e35ef38,"National Health and Nutrition Examination Survey (NHANES)",10,10,""
pub.1117637384,"Latent profile analysis of dietary intake in a community-dwelling sample of older Americans",10.1017/s1368980019001496,68751d343a311b28982701c9,"Household Food Security Survey Module (HFSSM)",9,9,""
pub.1117767274,"Household Debt and Children’s Risk of Food Insecurity",10.1093/socpro/spz027,68751d343a311b28982701c9,"Household Food Security Survey Module (HFSSM)",9,9,""
pub.1117767274,"Household Debt and Children’s Risk of Food Insecurity",10.1093/socpro/spz027,68ea7da0b68f81f17e35ef39,"National Health Interview Survey (NHIS)",8,1,""
pub.1117860982,"Food insecurity screening: A missing piece in cancer management",10.1002/cncr.32291,68751d343a311b28982701c9,"Household Food Security Survey Module (HFSSM)",10,10,""
pub.1117860982,"Food insecurity screening: A missing piece in cancer management",10.1002/cncr.32291,68ea7da0b68f81f17e35ef39,"National Health Interview Survey (NHIS)",10,10,""
pub.1117860982,"Food insecurity screening: A missing piece in cancer management",10.1002/cncr.32291,68ea7da0b68f81f17e35ef38,"National Health and Nutrition Examination Survey (NHANES)",8,0,""
pub.1118014922,"Household Food Insecurity among African Immigrants of the United States: Evidence from the National Health Interview Survey",10.1080/19320248.2019.1640828,68751d343a311b28982701c9,"Household Food Security Survey Module (HFSSM)",10,10,""
pub.1118014922,"Household Food Insecurity among African Immigrants of the United States: Evidence from the National Health Interview Survey",10.1080/19320248.2019.1640828,68ea7da0b68f81f17e35ef39,"National Health Interview Survey (NHIS)",10,10,""
pub.1118093754,"Measuring Social Cohesion and Social Capital within the Context of Community Food Security: A Confirmatory Factor Analysis",10.1080/19320248.2019.1640161,68751d343a311b28982701c9,"Household Food Security Survey Module (HFSSM)",10,10,""
pub.1118093754,"Measuring Social Cohesion and Social Capital within the Context of Community Food Security: A Confirmatory Factor Analysis",10.1080/19320248.2019.1640161,68ea7da0b68f81f17e35ef38,"National Health and Nutrition Examination Survey (NHANES)",8,0,""
pub.1119798005,"Social support and monetary resources as protective factors against food insecurity among older Americans: findings from a health and retirement study",10.1007/s12571-019-00945-8,68751d343a311b28982701c9,"Household Food Security Survey Module (HFSSM)",10,10,""
pub.1119798005,"Social support and monetary resources as protective factors against food insecurity among older Americans: findings from a health and retirement study",10.1007/s12571-019-00945-8,68ea7da0b68f81f17e35ef38,"National Health and Nutrition Examination Survey (NHANES)",9,0,""
pub.1119824225,"Food Security Status and Hair Cortisol among Low-income Mother-Child Dyads",10.1177/0193945919867112,68751d343a311b28982701c9,"Household Food Security Survey Module (HFSSM)",10,10,""
pub.1120022213,"Long-Term Food Insecurity, Hunger and Risky Food Acquisition Practices: A Cross-Sectional Study of Food Charity Recipients in an Australian Capital City",10.3390/ijerph16152749,68751d343a311b28982701c9,"Household Food Security Survey Module (HFSSM)",10,10,""
pub.1120023659,"Malign and benign neglect: a local food system and the myth of sustainable redevelopment in Appalachia Ohio",10.1007/s10460-019-09976-5,68751d343a311b28982701cb,"NASS Census of Agriculture",8,1,""
pub.1120484769,"Housing and food stress among transgender adults in the United States",10.1016/j.annepidem.2019.08.004,68751d343a311b28982701d0,"Current Population Survey Food Security Supplement (CPS-FSS)",8,1,""
pub.1120484769,"Housing and food stress among transgender adults in the United States",10.1016/j.annepidem.2019.08.004,68751d343a311b28982701c9,"Household Food Security Survey Module (HFSSM)",9,1,""
pub.1120549780,"Utilization of Informal Food Support Among Low-Income Households: Application of Andersen’s Service Use Model",10.1177/1044389419860636,68751d343a311b28982701c9,"Household Food Security Survey Module (HFSSM)",10,10,""
pub.1120657067,"Association between food insecurity, cardiorenal syndrome and all-cause mortality among low-income adults",10.1177/0260106019869069,68751d343a311b28982701d0,"Current Population Survey Food Security Supplement (CPS-FSS)",8,0,""
pub.1120657067,"Association between food insecurity, cardiorenal syndrome and all-cause mortality among low-income adults",10.1177/0260106019869069,68751d343a311b28982701c9,"Household Food Security Survey Module (HFSSM)",9,10,""
pub.1120657067,"Association between food insecurity, cardiorenal syndrome and all-cause mortality among low-income adults",10.1177/0260106019869069,68ea7da0b68f81f17e35ef38,"National Health and Nutrition Examination Survey (NHANES)",10,10,""
pub.1120926181,"Food Insecurity and Health Care Use",10.1542/peds.2019-0347,68751d343a311b28982701d0,"Current Population Survey Food Security Supplement (CPS-FSS)",10,10,""
pub.1120928208,"Food Insecurity, Health, and Development in Children Under Age Four Years",10.1542/peds.2019-0824,68751d343a311b28982701c9,"Household Food Security Survey Module (HFSSM)",10,10,""
pub.1121084384,"SNAP, Young Children's Health, and Family Food Security and Healthcare Access",10.1016/j.amepre.2019.04.027,68751d343a311b28982701c9,"Household Food Security Survey Module (HFSSM)",10,10,""
pub.1121084384,"SNAP, Young Children's Health, and Family Food Security and Healthcare Access",10.1016/j.amepre.2019.04.027,68ea7da0b68f81f17e35ef38,"National Health and Nutrition Examination Survey (NHANES)",10,10,""
pub.1121091591,"Maternal Place of Birth, Socioeconomic Characteristics, and Child Health in US-Born Latinx Children in Boston",10.1016/j.acap.2019.09.005,68751d343a311b28982701c9,"Household Food Security Survey Module (HFSSM)",10,10,""
pub.1121091591,"Maternal Place of Birth, Socioeconomic Characteristics, and Child Health in US-Born Latinx Children in Boston",10.1016/j.acap.2019.09.005,68ea7da0b68f81f17e35ef38,"National Health and Nutrition Examination Survey (NHANES)",8,2,""
pub.1121334461,"Child Compared with Parent Perceptions of Child-Level Food Security",10.1093/cdn/nzz106,68751d343a311b28982701c9,"Household Food Security Survey Module (HFSSM)",10,10,""
pub.1121407211,"Farm-to-school education grants reach low-income children and encourage them to learn about fruits and vegetables",10.1093/tbm/ibz092,68751d343a311b28982701d1,"Farm to School Census",8,1,""
pub.1121479589,"The Hunger Vital Sign Identifies Household Food Insecurity among Children in Emergency Departments and Primary Care",10.3390/children6100107,68751d343a311b28982701c9,"Household Food Security Survey Module (HFSSM)",9,10,""
pub.1121479589,"The Hunger Vital Sign Identifies Household Food Insecurity among Children in Emergency Departments and Primary Care",10.3390/children6100107,68ea7da0b68f81f17e35ef38,"National Health and Nutrition Examination Survey (NHANES)",8,1,""
pub.1121580493,"A Comparison of Mental Health, Food Insecurity, and Diet Quality Indicators between Foreign-Born Immigrants of Canada and Native-Born Canadians",10.1080/19320248.2019.1672601,68751d343a311b28982701c9,"Household Food Security Survey Module (HFSSM)",10,10,""
pub.1121886574,"Cross-sectional associations of food insecurity with smoking cigarettes and heavy alcohol use in a population-based sample of adults",10.1016/j.drugalcdep.2019.107646,68751d343a311b28982701c9,"Household Food Security Survey Module (HFSSM)",8,2,""
pub.1121997691,"Money speaks: Reductions in severe food insecurity follow the Canada Child Benefit",10.1016/j.ypmed.2019.105876,68751d343a311b28982701c9,"Household Food Security Survey Module (HFSSM)",10,10,""
pub.1122014966,"An Evaluation of Food Insecurity and Its Correlates in a Filipino American Study Sample Residing in Clark County, Nevada",10.1089/heq.2019.0074,68751d343a311b28982701c9,"Household Food Security Survey Module (HFSSM)",10,10,""
pub.1122150392,"Food insecurity and the extremes of childhood weight: defining windows of vulnerability",10.1093/ije/dyz233,68751d343a311b28982701c9,"Household Food Security Survey Module (HFSSM)",10,10,""
pub.1122204969,"Incarceration Exposure and Maternal Food Insecurity During Pregnancy: Findings from the Pregnancy Risk Assessment Monitoring System (PRAMS), 2004–2015",10.1007/s10995-019-02822-4,68751d343a311b28982701c9,"Household Food Security Survey Module (HFSSM)",8,1,""
pub.1122204969,"Incarceration Exposure and Maternal Food Insecurity During Pregnancy: Findings from the Pregnancy Risk Assessment Monitoring System (PRAMS), 2004–2015",10.1007/s10995-019-02822-4,68ea7da0b68f81f17e35ef38,"National Health and Nutrition Examination Survey (NHANES)",7,1,""
pub.1122337406,"Effects of family income and conditional cash transfers on household food insecurity: evidence from a longitudinal study in Northeast Brazil",10.1017/s1368980019003136,68751d343a311b28982701c9,"Household Food Security Survey Module (HFSSM)",8,1,""
pub.1122337406,"Effects of family income and conditional cash transfers on household food insecurity: evidence from a longitudinal study in Northeast Brazil",10.1017/s1368980019003136,68ea7da0b68f81f17e35ef38,"National Health and Nutrition Examination Survey (NHANES)",7,1,""
pub.1122431846,"Experiences of Racial and Ethnic Discrimination Are Associated with Food Insecurity and Poor Health",10.3390/ijerph16224369,68751d343a311b28982701c9,"Household Food Security Survey Module (HFSSM)",10,10,""
pub.1122526897,"Association between food insecurity and emotional eating in Latinos and the mediating role of perceived stress",10.1017/s1368980019002878,68751d343a311b28982701c9,"Household Food Security Survey Module (HFSSM)",10,10,""
pub.1122546743,"Understanding Coping Mechanisms: An Investigation Into the Strategies Students Use to Avoid, Manage, or Alleviate Food Insecurity",10.1080/2194587x.2019.1669463,68751d343a311b28982701c9,"Household Food Security Survey Module (HFSSM)",10,10,""
pub.1122755732,"Improving Food Security in Medical Students Using a Cooking Program",10.1080/19320248.2019.1693470,68751d343a311b28982701c9,"Household Food Security Survey Module (HFSSM)",9,10,""
pub.1122803201,"Food insecurity during pregnancy and gestational weight gain",10.1016/j.ajogmf.2019.100068,68751d343a311b28982701c9,"Household Food Security Survey Module (HFSSM)",10,10,""
pub.1123024961,"Food Insecurity among College Students Differs by Questionnaire Modality: An Exploratory Study",10.5993/ajhb.44.1.9,68751d343a311b28982701d0,"Current Population Survey Food Security Supplement (CPS-FSS)",7,0,""
pub.1123162510,"Identifying a Fine Line between Food Insecurity and Food Acquisition Stress: A Mixed Methods Exploration",10.1080/19320248.2019.1697407,68751d343a311b28982701c9,"Household Food Security Survey Module (HFSSM)",10,10,""
pub.1123354232,"Effects of a diabetes education intervention on diabetes-related factors among Mexican-origin Hispanics",10.1177/0017896919892025,68751d343a311b28982701c9,"Household Food Security Survey Module (HFSSM)",9,10,""
pub.1123354232,"Effects of a diabetes education intervention on diabetes-related factors among Mexican-origin Hispanics",10.1177/0017896919892025,68ea7da0b68f81f17e35ef38,"National Health and Nutrition Examination Survey (NHANES)",8,0,""
pub.1123463238,"Understanding the Why of College Student Food Insecurity",10.1080/19320248.2019.1701600,68751d343a311b28982701c9,"Household Food Security Survey Module (HFSSM)",10,10,""
pub.1123654675,"Maternal Depression: Relationship to Food Insecurity and Preschooler Fruit/Vegetable Consumption",10.3390/ijerph17010123,68751d343a311b28982701c9,"Household Food Security Survey Module (HFSSM)",9,10,""
pub.1123654675,"Maternal Depression: Relationship to Food Insecurity and Preschooler Fruit/Vegetable Consumption",10.3390/ijerph17010123,68ea7da0b68f81f17e35ef38,"National Health and Nutrition Examination Survey (NHANES)",8,0,""
pub.1124047862,"Food Insecurity and Depression among Economically Disadvantaged Mothers: Does Maternal Efficacy Matter?",10.1111/aphw.12191,68751d343a311b28982701c9,"Household Food Security Survey Module (HFSSM)",10,10,""
pub.1124303944,"Frequently Consumed Foods and Energy Contributions among Food Secure and Insecure U.S. Children and Adolescents",10.3390/nu12020304,68751d343a311b28982701c9,"Household Food Security Survey Module (HFSSM)",10,10,""
pub.1124303944,"Frequently Consumed Foods and Energy Contributions among Food Secure and Insecure U.S. Children and Adolescents",10.3390/nu12020304,68ea7da0b68f81f17e35ef38,"National Health and Nutrition Examination Survey (NHANES)",10,10,""
pub.1124869068,"Food Insecurity and Age at Menarche in Tampa Bay, Florida",10.1080/03670244.2020.1727464,68751d343a311b28982701c9,"Household Food Security Survey Module (HFSSM)",9,10,""
pub.1124869068,"Food Insecurity and Age at Menarche in Tampa Bay, Florida",10.1080/03670244.2020.1727464,68ea7da0b68f81f17e35ef38,"National Health and Nutrition Examination Survey (NHANES)",8,1,""
pub.1125153020,"Household food insecurity and antepartum depression in the National Children's Study",10.1016/j.annepidem.2020.01.010,68751d343a311b28982701c9,"Household Food Security Survey Module (HFSSM)",10,10,""
pub.1125153020,"Household food insecurity and antepartum depression in the National Children's Study",10.1016/j.annepidem.2020.01.010,68ea7da0b68f81f17e35ef38,"National Health and Nutrition Examination Survey (NHANES)",10,10,""
pub.1125403014,"Influence of Gestational Weight Gain on the Risk of Preterm Birth for Underweight Women Living in Food Deserts",10.1055/s-0040-1705168,68751d343a311b28982701cf,"Food Access Research Atlas (FARA)",10,10,""
pub.1125439346,"Racial Differences in the Associations Between Food Insecurity and Fibroblast Growth Factor 23 in the Coronary Artery Risk Development in Young Adults Study",10.1053/j.jrn.2020.01.020,68751d343a311b28982701c9,"Household Food Security Survey Module (HFSSM)",8,0,""
pub.1125439346,"Racial Differences in the Associations Between Food Insecurity and Fibroblast Growth Factor 23 in the Coronary Artery Risk Development in Young Adults Study",10.1053/j.jrn.2020.01.020,68ea7da0b68f81f17e35ef38,"National Health and Nutrition Examination Survey (NHANES)",6,0,""
pub.1125499099,"Competitive ability of weedy rice: toward breeding weed-suppressive rice cultivars",10.1080/15427528.2020.1733158,68751d343a311b28982701cb,"NASS Census of Agriculture",8,1,""
pub.1125505629,"Food insecurity on a college campus: Prevalence, determinants, and solutions",10.1080/07448481.2020.1725019,68751d343a311b28982701c9,"Household Food Security Survey Module (HFSSM)",10,10,""
pub.1125510515,"The importance of precision: differences in characteristics associated with levels of food security among college students",10.1017/s1368980019004026,68751d343a311b28982701c9,"Household Food Security Survey Module (HFSSM)",10,10,""
pub.1125510515,"The importance of precision: differences in characteristics associated with levels of food security among college students",10.1017/s1368980019004026,68ea7da0b68f81f17e35ef38,"National Health and Nutrition Examination Survey (NHANES)",8,0,""
pub.1125613768,"U.S food insecurity and population trends with a focus on adults with disabilities",10.1016/j.physbeh.2020.112865,68751d343a311b28982701d0,"Current Population Survey Food Security Supplement (CPS-FSS)",10,10,""
pub.1125613768,"U.S food insecurity and population trends with a focus on adults with disabilities",10.1016/j.physbeh.2020.112865,68751d343a311b28982701c9,"Household Food Security Survey Module (HFSSM)",10,9,""
pub.1125613768,"U.S food insecurity and population trends with a focus on adults with disabilities",10.1016/j.physbeh.2020.112865,68ea7da0b68f81f17e35ef39,"National Health Interview Survey (NHIS)",9,1,""
pub.1125613768,"U.S food insecurity and population trends with a focus on adults with disabilities",10.1016/j.physbeh.2020.112865,68ea7da0b68f81f17e35ef38,"National Health and Nutrition Examination Survey (NHANES)",9,1,""
pub.1125662981,"Food Security Status of Native Hawaiians and Pacific Islanders in the US: Analysis of a National Survey",10.1016/j.jneb.2020.01.009,68ea7da0b68f81f17e35ef39,"National Health Interview Survey (NHIS)",10,10,""
pub.1125662981,"Food Security Status of Native Hawaiians and Pacific Islanders in the US: Analysis of a National Survey",10.1016/j.jneb.2020.01.009,68ea7da0b68f81f17e35ef38,"National Health and Nutrition Examination Survey (NHANES)",8,2,""
pub.1125693172,"Geography of Hunger: Demographic and Socioeconomic Determinates of Large-scale Severe Hunger Rates in Fresno, California",10.1080/10875549.2020.1740908,68751d343a311b28982701cf,"Food Access Research Atlas (FARA)",9,10,""
pub.1125857260,"Changes of crop failure risks in the United States associated with large-scale climate oscillations in the Atlantic and Pacific Oceans",10.1088/1748-9326/ab82cd,68751d343a311b28982701cb,"NASS Census of Agriculture",10,10,""
pub.1125879832,"Food Insecurity and Mental Health: A Meta-Analysis",10.2139/ssrn.3520061,68751d343a311b28982701c9,"Household Food Security Survey Module (HFSSM)",8,1,""
pub.1125879832,"Food Insecurity and Mental Health: A Meta-Analysis",10.2139/ssrn.3520061,68ea7da0b68f81f17e35ef39,"National Health Interview Survey (NHIS)",8,1,""
pub.1125879832,"Food Insecurity and Mental Health: A Meta-Analysis",10.2139/ssrn.3520061,68ea7da0b68f81f17e35ef38,"National Health and Nutrition Examination Survey (NHANES)",8,1,""
pub.1125921435,"Food Insecurity and Influenza and Pneumonia Vaccines Uptake Among Community-Dwelling Older Adults in the United States",10.1007/s10900-020-00812-0,68751d343a311b28982701c9,"Household Food Security Survey Module (HFSSM)",9,8,""
pub.1125921435,"Food Insecurity and Influenza and Pneumonia Vaccines Uptake Among Community-Dwelling Older Adults in the United States",10.1007/s10900-020-00812-0,68ea7da0b68f81f17e35ef39,"National Health Interview Survey (NHIS)",10,10,""
pub.1125947018,"The association of food insecurity with the relative reinforcing value of food, BMI, and gestational weight gain among pregnant women",10.1016/j.appet.2020.104685,68751d343a311b28982701c9,"Household Food Security Survey Module (HFSSM)",10,10,""
pub.1126038151,"Sexual orientation disparities in food insecurity and food assistance resource use in U.S. adult women: National Health and Nutrition Examination Survey, 2005-2014",10.21203/rs.2.17116/v2,68751d343a311b28982701c9,"Household Food Security Survey Module (HFSSM)",10,8,""
pub.1126038151,"Sexual orientation disparities in food insecurity and food assistance resource use in U.S. adult women: National Health and Nutrition Examination Survey, 2005-2014",10.21203/rs.2.17116/v2,68ea7da0b68f81f17e35ef39,"National Health Interview Survey (NHIS)",8,0,""
pub.1126038151,"Sexual orientation disparities in food insecurity and food assistance resource use in U.S. adult women: National Health and Nutrition Examination Survey, 2005-2014",10.21203/rs.2.17116/v2,68ea7da0b68f81f17e35ef38,"National Health and Nutrition Examination Survey (NHANES)",10,10,""
pub.1126150527,"Adverse Childhood Experiences and Food Insecurity in Adulthood: Evidence From the National Longitudinal Study of Adolescent to Adult Health",10.1016/j.jadohealth.2020.02.002,68751d343a311b28982701c9,"Household Food Security Survey Module (HFSSM)",8,0,""
pub.1126152627,"Associations between food insecurity and psychotropic medication use among women living with HIV in the United States",10.1017/s2045796020000232,68751d343a311b28982701c9,"Household Food Security Survey Module (HFSSM)",10,10,""
pub.1126258589,"Food insecurity and food assistance resource use by sexual minority women: National Health and Nutrition Examination Survey, 2005-2014",10.21203/rs.2.17116/v1,68751d343a311b28982701c9,"Household Food Security Survey Module (HFSSM)",10,10,""
pub.1126258589,"Food insecurity and food assistance resource use by sexual minority women: National Health and Nutrition Examination Survey, 2005-2014",10.21203/rs.2.17116/v1,68ea7da0b68f81f17e35ef39,"National Health Interview Survey (NHIS)",8,0,""
pub.1126258589,"Food insecurity and food assistance resource use by sexual minority women: National Health and Nutrition Examination Survey, 2005-2014",10.21203/rs.2.17116/v1,68ea7da0b68f81f17e35ef38,"National Health and Nutrition Examination Survey (NHANES)",10,10,""
pub.1126394519,"Food Insecurity among Cancer Patients Enrolled in the Supplemental Nutrition Assistance Program (SNAP)",10.1080/01635581.2020.1743867,68751d343a311b28982701c9,"Household Food Security Survey Module (HFSSM)",10,10,""
pub.1126394519,"Food Insecurity among Cancer Patients Enrolled in the Supplemental Nutrition Assistance Program (SNAP)",10.1080/01635581.2020.1743867,68ea7da0b68f81f17e35ef38,"National Health and Nutrition Examination Survey (NHANES)",8,1,""
pub.1126650195,"Nudging while online grocery shopping: A randomized feasibility trial to enhance nutrition in individuals with food insecurity",10.1016/j.appet.2020.104714,68751d343a311b28982701c9,"Household Food Security Survey Module (HFSSM)",10,10,""
pub.1127159187,"Maternal marital status predicts self‐reported stress among pregnant women following hurricane Florence",10.1002/ajhb.23427,68751d343a311b28982701c9,"Household Food Security Survey Module (HFSSM)",10,10,""
pub.1127379265,"Food security and health in transition to adulthood for individuals with disabilities",10.1016/j.dhjo.2020.100937,68ea7da0b68f81f17e35ef39,"National Health Interview Survey (NHIS)",10,10,""
pub.1127399374,"Trauma-Informed Financial Empowerment Programming Improves Food Security Among Families With Young Children",10.1016/j.jneb.2020.02.008,68751d343a311b28982701c9,"Household Food Security Survey Module (HFSSM)",10,10,""
pub.1127465224,"Using a Bifactor Model to Measure Food Insecurity in Households with Children",10.1007/s10834-020-09686-9,68751d343a311b28982701d0,"Current Population Survey Food Security Supplement (CPS-FSS)",10,10,""
pub.1127465224,"Using a Bifactor Model to Measure Food Insecurity in Households with Children",10.1007/s10834-020-09686-9,68751d343a311b28982701c9,"Household Food Security Survey Module (HFSSM)",10,10,""
pub.1127502875,"Food Insecurity and Pediatric Malnutrition Related to Under- and Overweight in the United States: An Evidence Analysis Center Systematic Review",10.1016/j.jand.2020.03.009,68751d343a311b28982701c9,"Household Food Security Survey Module (HFSSM)",9,1,""
pub.1127502875,"Food Insecurity and Pediatric Malnutrition Related to Under- and Overweight in the United States: An Evidence Analysis Center Systematic Review",10.1016/j.jand.2020.03.009,68ea7da0b68f81f17e35ef38,"National Health and Nutrition Examination Survey (NHANES)",9,1,""
pub.1127578328,"The Early Food Insecurity Impacts of COVID-19",10.1101/2020.05.09.20096412,68751d343a311b28982701c9,"Household Food Security Survey Module (HFSSM)",10,10,""
pub.1127814481,"Food insecurity among nursing students: A mixed methods study",10.1111/nuf.12460,68751d343a311b28982701c9,"Household Food Security Survey Module (HFSSM)",10,10,""
pub.1127859718,"Diet Quality and Associations with Food Security among Women Eligible for Indiana Supplemental Nutrition Assistance Program-Education",10.1093/jn/nxaa171,68751d343a311b28982701c9,"Household Food Security Survey Module (HFSSM)",10,10,""
pub.1127859718,"Diet Quality and Associations with Food Security among Women Eligible for Indiana Supplemental Nutrition Assistance Program-Education",10.1093/jn/nxaa171,68ea7da0b68f81f17e35ef38,"National Health and Nutrition Examination Survey (NHANES)",8,0,""
pub.1127991324,"Household food insecurity: associations with disordered eating behaviours and overweight in a population-based sample of adolescents",10.1017/s1368980020000464,68751d343a311b28982701c9,"Household Food Security Survey Module (HFSSM)",10,10,""
pub.1127991324,"Household food insecurity: associations with disordered eating behaviours and overweight in a population-based sample of adolescents",10.1017/s1368980020000464,68ea7da0b68f81f17e35ef38,"National Health and Nutrition Examination Survey (NHANES)",10,0,""
pub.1128171602,"Diabetes Prevention for Pacific People in the United States: A Mixed-Methods Feasibility Study to Adapt the Diabetes Prevention Program With Samoan/Tongan Church Communities",10.1097/phh.0000000000001181,68751d343a311b28982701c9,"Household Food Security Survey Module (HFSSM)",9,10,""
pub.1128173362,"Psychosocial Risk Factors for Food Insecurity in Puerto Ricans Living in the USA from Baseline to 5-Year Follow-Up",10.1093/jn/nxaa177,68751d343a311b28982701c9,"Household Food Security Survey Module (HFSSM)",10,10,""
pub.1128294984,"Criminal offending trajectories from adolescence through young adulthood and the risk of food insecurity: evidence from the Add Health study",10.1016/j.annepidem.2020.06.002,68751d343a311b28982701c9,"Household Food Security Survey Module (HFSSM)",9,8,""
pub.1128539712,"Sexual orientation disparities in food insecurity and food assistance resource use in U.S. adult women: National Health and Nutrition Examination Survey, 2005-2014",10.21203/rs.2.17116/v3,68751d343a311b28982701c9,"Household Food Security Survey Module (HFSSM)",9,9,""
pub.1128539712,"Sexual orientation disparities in food insecurity and food assistance resource use in U.S. adult women: National Health and Nutrition Examination Survey, 2005-2014",10.21203/rs.2.17116/v3,68ea7da0b68f81f17e35ef39,"National Health Interview Survey (NHIS)",8,0,""
pub.1128539712,"Sexual orientation disparities in food insecurity and food assistance resource use in U.S. adult women: National Health and Nutrition Examination Survey, 2005-2014",10.21203/rs.2.17116/v3,68ea7da0b68f81f17e35ef38,"National Health and Nutrition Examination Survey (NHANES)",10,10,""
pub.1128582177,"Food insecurity is associated with increased weight loss attempts in children and adolescents",10.1111/ijpo.12691,68751d343a311b28982701c9,"Household Food Security Survey Module (HFSSM)",10,10,""
pub.1128582177,"Food insecurity is associated with increased weight loss attempts in children and adolescents",10.1111/ijpo.12691,68ea7da0b68f81f17e35ef38,"National Health and Nutrition Examination Survey (NHANES)",10,10,""
pub.1128617889,"Barriers to Preparing and Cooking Vegetables Are Associated with Decreased Home Availability of Vegetables in Low-Income Households",10.3390/nu12061823,68751d343a311b28982701c9,"Household Food Security Survey Module (HFSSM)",9,9,""
pub.1129060651,"O8 Implications of Social Norms When Measuring Childhood Food Security in Appalachia",10.1016/j.jneb.2020.04.020,68751d343a311b28982701c9,"Household Food Security Survey Module (HFSSM)",8,0,""
pub.1129060651,"O8 Implications of Social Norms When Measuring Childhood Food Security in Appalachia",10.1016/j.jneb.2020.04.020,68751d353a311b28982701d3,"Rural-Urban Continuum Codes (RUCC)",9,10,""
pub.1129391388,"Food Insecurity, Sexual Risk, and Substance Use in Young Adults",10.1016/j.jadohealth.2020.05.038,68751d343a311b28982701c9,"Household Food Security Survey Module (HFSSM)",8,1,""
pub.1129401313,"The Early Food Insecurity Impacts of COVID-19",10.3390/nu12072096,68751d343a311b28982701c9,"Household Food Security Survey Module (HFSSM)",10,10,""
pub.1129456405,"Maternal Food Insecurity is Positively Associated with Postpartum Mental Disorders in Ontario, Canada",10.1093/jn/nxaa240,68751d343a311b28982701c9,"Household Food Security Survey Module (HFSSM)",10,10,""
pub.1129598226,"Modeling Household Food Insecurity with a Polytomous Rasch Model",10.1007/978-3-030-43469-4_24,68751d343a311b28982701c9,"Household Food Security Survey Module (HFSSM)",10,10,""
pub.1129805907,"Explaining Racial Inequality in Food Security in Columbus, Ohio: A Blinder–Oaxaca Decomposition Analysis",10.3390/ijerph17155488,68751d343a311b28982701c9,"Household Food Security Survey Module (HFSSM)",10,10,""
pub.1129805907,"Explaining Racial Inequality in Food Security in Columbus, Ohio: A Blinder–Oaxaca Decomposition Analysis",10.3390/ijerph17155488,68ea7da0b68f81f17e35ef38,"National Health and Nutrition Examination Survey (NHANES)",8,0,""
pub.1129829908,"The Healthy Meal Program: A food insecurity screening and referral program for urban dwelling older adults",10.1111/phn.12778,68751d343a311b28982701c9,"Household Food Security Survey Module (HFSSM)",9,10,""
pub.1129846784,"SNAP Participants Improved Food Security And Diet After A Full-Service Supermarket Opened In An Urban Food Desert",10.1377/hlthaff.2019.01309,68751d343a311b28982701d0,"Current Population Survey Food Security Supplement (CPS-FSS)",8,0,""
pub.1129846784,"SNAP Participants Improved Food Security And Diet After A Full-Service Supermarket Opened In An Urban Food Desert",10.1377/hlthaff.2019.01309,68751d343a311b28982701cc,"Food Acquisition and Purchase Survey (FoodAPS)",7,0,""
pub.1129850895,"Food Insecurity Is Associated With Higher Health Care Use And Costs Among Canadian Adults",10.1377/hlthaff.2019.01637,68751d343a311b28982701c9,"Household Food Security Survey Module (HFSSM)",10,10,""
pub.1129854201,"Food Insecurity and Mortality in American Adults: Results From the NHANES-Linked Mortality Study",10.1177/1524839920945927,68751d343a311b28982701c9,"Household Food Security Survey Module (HFSSM)",10,10,""
pub.1129854201,"Food Insecurity and Mortality in American Adults: Results From the NHANES-Linked Mortality Study",10.1177/1524839920945927,68ea7da0b68f81f17e35ef38,"National Health and Nutrition Examination Survey (NHANES)",10,10,""
pub.1129863836,"Caregiver’s Self-Confidence in Food Resource Management Is Associated with Lower Risk of Household Food Insecurity among SNAP-Ed-Eligible Head Start Families",10.3390/nu12082304,68751d343a311b28982701c9,"Household Food Security Survey Module (HFSSM)",10,10,""
pub.1130433513,"Household Food Security and Infant Adiposity",10.1542/peds.2019-3725,68751d343a311b28982701c9,"Household Food Security Survey Module (HFSSM)",10,10,""
pub.1130433513,"Household Food Security and Infant Adiposity",10.1542/peds.2019-3725,68ea7da0b68f81f17e35ef38,"National Health and Nutrition Examination Survey (NHANES)",10,0,""
pub.1130512390,"Nutritional contributions of food pantries and other sources to the diets of rural, Midwestern food pantry users in the USA",10.1017/s0007114520003372,68751d343a311b28982701c9,"Household Food Security Survey Module (HFSSM)",9,9,""
pub.1130512390,"Nutritional contributions of food pantries and other sources to the diets of rural, Midwestern food pantry users in the USA",10.1017/s0007114520003372,68ea7da0b68f81f17e35ef38,"National Health and Nutrition Examination Survey (NHANES)",7,1,""
pub.1130695688,"Socioeconomic position is associated with glycemic control in youth and young adults with type 1 diabetes",10.1111/pedi.13112,68751d343a311b28982701c9,"Household Food Security Survey Module (HFSSM)",9,9,""
pub.1130695688,"Socioeconomic position is associated with glycemic control in youth and young adults with type 1 diabetes",10.1111/pedi.13112,68ea7da0b68f81f17e35ef38,"National Health and Nutrition Examination Survey (NHANES)",7,1,""
pub.1131438993,"Farming for life: impact of medical prescriptions for fresh vegetables on cardiometabolic health for adults with or at risk of type 2 diabetes in a predominantly Mexican-American population",10.1136/bmjnph-2020-000133,68ea7da0b68f81f17e35ef38,"National Health and Nutrition Examination Survey (NHANES)",8,0,""
pub.1131441345,"Validation of a 2-Item Food Insecurity Screen Among Adult General Medicine Outpatients",10.1089/pop.2020.0183,68751d343a311b28982701c9,"Household Food Security Survey Module (HFSSM)",10,10,""
pub.1131441345,"Validation of a 2-Item Food Insecurity Screen Among Adult General Medicine Outpatients",10.1089/pop.2020.0183,68ea7da0b68f81f17e35ef39,"National Health Interview Survey (NHIS)",8,0,""
pub.1132456558,"An Increase in SNAP Benefits Did Not Impact Food Security or Diet Quality in Youth",10.1016/j.jand.2020.09.030,68ea7da0b68f81f17e35ef38,"National Health and Nutrition Examination Survey (NHANES)",10,10,""
pub.1132520453,"Food Insecurity, Depression, and Race: Correlations Observed Among College Students at a University in the Southeastern United States",10.3390/ijerph17218268,68751d343a311b28982701c9,"Household Food Security Survey Module (HFSSM)",10,10,""
pub.1133113431,"Marginal, Low, and Very-Low Food Security among Children Are Associated with Intake of Select Dietary Factors during Summer",10.1016/j.jand.2020.11.010,68751d343a311b28982701c9,"Household Food Security Survey Module (HFSSM)",10,10,""
pub.1133113431,"Marginal, Low, and Very-Low Food Security among Children Are Associated with Intake of Select Dietary Factors during Summer",10.1016/j.jand.2020.11.010,68ea7da0b68f81f17e35ef38,"National Health and Nutrition Examination Survey (NHANES)",10,10,""
pub.1133356106,"Food Bank Donations in the United States: A Landscape Review of Federal Policies",10.3390/nu12123764,68751d343a311b28982701cc,"Food Acquisition and Purchase Survey (FoodAPS)",8,1,""
pub.1133541509,"Implementation of a food scholarship program improves nutrient intake and dietary quality of college students",10.1080/07448481.2020.1848847,68751d343a311b28982701c9,"Household Food Security Survey Module (HFSSM)",9,8,""
pub.1133541509,"Implementation of a food scholarship program improves nutrient intake and dietary quality of college students",10.1080/07448481.2020.1848847,68ea7da0b68f81f17e35ef38,"National Health and Nutrition Examination Survey (NHANES)",8,0,""
pub.1134463056,"Food Insufficiency and Mental Health in the U.S. During the COVID-19 Pandemic",10.1016/j.amepre.2020.12.004,68751d343a311b28982701d0,"Current Population Survey Food Security Supplement (CPS-FSS)",8,1,""
pub.1134463056,"Food Insufficiency and Mental Health in the U.S. During the COVID-19 Pandemic",10.1016/j.amepre.2020.12.004,68751d343a311b28982701c9,"Household Food Security Survey Module (HFSSM)",7,1,""
pub.1135477069,"Quasi-Experimental Evidence on the Effects of Expanding Cash Welfare",10.2139/ssrn.3778325,68751d343a311b28982701d0,"Current Population Survey Food Security Supplement (CPS-FSS)",10,10,""
pub.1136273490,"Association between Food Insecurity, Mental Health, and Intentions to Leave the US Army in a Cross-Sectional Sample of US Soldiers",10.1093/jn/nxab089,68751d343a311b28982701d0,"Current Population Survey Food Security Supplement (CPS-FSS)",9,0,""
pub.1136273490,"Association between Food Insecurity, Mental Health, and Intentions to Leave the US Army in a Cross-Sectional Sample of US Soldiers",10.1093/jn/nxab089,68751d343a311b28982701c9,"Household Food Security Survey Module (HFSSM)",8,0,""
pub.1136273490,"Association between Food Insecurity, Mental Health, and Intentions to Leave the US Army in a Cross-Sectional Sample of US Soldiers",10.1093/jn/nxab089,68ea7da0b68f81f17e35ef38,"National Health and Nutrition Examination Survey (NHANES)",7,0,""
pub.1136549657,"Does Supplemental Nutrition Assistance Program Reduce Food Insecurity among Households with Children? Evidence from the Current Population Survey",10.3390/ijerph18063178,68751d343a311b28982701d0,"Current Population Survey Food Security Supplement (CPS-FSS)",10,10,""
pub.1136549657,"Does Supplemental Nutrition Assistance Program Reduce Food Insecurity among Households with Children? Evidence from the Current Population Survey",10.3390/ijerph18063178,68751d343a311b28982701c9,"Household Food Security Survey Module (HFSSM)",10,10,""
pub.1138028591,"Differences in reporting food insecurity and factors associated with differences among Latino fathers and mothers",10.1186/s12889-021-10971-x,68751d343a311b28982701d0,"Current Population Survey Food Security Supplement (CPS-FSS)",9,0,""
pub.1138028591,"Differences in reporting food insecurity and factors associated with differences among Latino fathers and mothers",10.1186/s12889-021-10971-x,68751d343a311b28982701c9,"Household Food Security Survey Module (HFSSM)",8,0,""
pub.1138028591,"Differences in reporting food insecurity and factors associated with differences among Latino fathers and mothers",10.1186/s12889-021-10971-x,68ea7da0b68f81f17e35ef38,"National Health and Nutrition Examination Survey (NHANES)",9,0,""
pub.1138035068,"Putting grocery food taxes on the table: Evidence for food security policy-makers",10.1016/j.foodpol.2021.102098,68751d343a311b28982701d0,"Current Population Survey Food Security Supplement (CPS-FSS)",10,10,""
pub.1138086506,"Integrating transit data and travel time into food security analysis: A case study of San Diego, California",10.1016/j.apgeog.2021.102461,68751d343a311b28982701cf,"Food Access Research Atlas (FARA)",8,1,""
pub.1138149621,"Examining Factors Related to the Food Insecurity–Obesity Paradox in Low-Income Mothers and Fathers",10.1177/03795721211011133,68751d343a311b28982701c9,"Household Food Security Survey Module (HFSSM)",9,9,""
pub.1138149621,"Examining Factors Related to the Food Insecurity–Obesity Paradox in Low-Income Mothers and Fathers",10.1177/03795721211011133,68ea7da0b68f81f17e35ef38,"National Health and Nutrition Examination Survey (NHANES)",8,1,""
pub.1138157290,"Home food procurement impacts food security and diet quality during COVID-19",10.1186/s12889-021-10960-0,68751d343a311b28982701c9,"Household Food Security Survey Module (HFSSM)",9,9,""
pub.1138157290,"Home food procurement impacts food security and diet quality during COVID-19",10.1186/s12889-021-10960-0,68ea7da0b68f81f17e35ef38,"National Health and Nutrition Examination Survey (NHANES)",8,1,""
pub.1138365281,"More Than Hunger: Nutrition and Food Issues",10.1007/978-3-030-70135-2_17,68751d343a311b28982701c9,"Household Food Security Survey Module (HFSSM)",9,0,""
pub.1138365281,"More Than Hunger: Nutrition and Food Issues",10.1007/978-3-030-70135-2_17,68ea7da0b68f81f17e35ef38,"National Health and Nutrition Examination Survey (NHANES)",8,0,""
pub.1138665531,"Meal Consumption Patterns Throughout the SNAP Benefit Cycle",10.1093/cdn/nzab035_016,68751d343a311b28982701cc,"Food Acquisition and Purchase Survey (FoodAPS)",10,10,""
pub.1138665605,"College Students With Disabilities Report Higher Rates of Food Insecurity",10.1093/cdn/nzab035_094,68751d343a311b28982701c9,"Household Food Security Survey Module (HFSSM)",9,9,""
pub.1138676969,"Effects of COVID-19 on University Student Food Security",10.3390/nu13061932,68751d343a311b28982701c9,"Household Food Security Survey Module (HFSSM)",8,2,""
pub.1138768779,"Household food insecurity and children’s physical activity and sedentary behaviour in the United States: the Healthy Communities Study",10.1017/s1368980021002536,68751d343a311b28982701c9,"Household Food Security Survey Module (HFSSM)",9,7,""
pub.1138768779,"Household food insecurity and children’s physical activity and sedentary behaviour in the United States: the Healthy Communities Study",10.1017/s1368980021002536,68ea7da0b68f81f17e35ef38,"National Health and Nutrition Examination Survey (NHANES)",6,1,""
pub.1138771024,"Public Benefit Use and Social Needs in Hospitalized Children With Undocumented Parents",10.1542/peds.2020-021113,68751d343a311b28982701c9,"Household Food Security Survey Module (HFSSM)",10,10,""
pub.1138776046,"High food insecurity in Latinx families and associated COVID-19 infection in the Greater Bay Area, California",10.1186/s40795-021-00419-1,68751d343a311b28982701c9,"Household Food Security Survey Module (HFSSM)",10,10,""
pub.1138848176,"SNAP participation moderates the association between household food insecurity and HbA1c among Cambodian Americans with depression",10.1080/13557858.2021.1939272,68751d343a311b28982701c9,"Household Food Security Survey Module (HFSSM)",10,10,""
pub.1138918723,"Toward a deeper understanding of food insecurity among college students: examining associations with emotional eating and biological sex",10.1080/07448481.2021.1936536,68751d343a311b28982701c9,"Household Food Security Survey Module (HFSSM)",10,10,""
pub.1139029133,"Household Food Insecurity, Lung Function, and COPD in US Adults",10.3390/nu13062098,68751d343a311b28982701c9,"Household Food Security Survey Module (HFSSM)",10,10,""
pub.1139029133,"Household Food Insecurity, Lung Function, and COPD in US Adults",10.3390/nu13062098,68ea7da0b68f81f17e35ef38,"National Health and Nutrition Examination Survey (NHANES)",10,10,""
pub.1139121826,"The association between housing and food insecurity among medically underserved cancer patients",10.1007/s00520-021-06254-1,68751d343a311b28982701c9,"Household Food Security Survey Module (HFSSM)",9,10,""
pub.1139148972,"‘You run out of hope’: an exploration of low-income parents’ experiences with food insecurity using Photovoice",10.1017/s1368980021002743,68751d343a311b28982701cc,"Food Acquisition and Purchase Survey (FoodAPS)",9,0,""
pub.1139148972,"‘You run out of hope’: an exploration of low-income parents’ experiences with food insecurity using Photovoice",10.1017/s1368980021002743,68751d343a311b28982701c9,"Household Food Security Survey Module (HFSSM)",10,10,""
pub.1139148972,"‘You run out of hope’: an exploration of low-income parents’ experiences with food insecurity using Photovoice",10.1017/s1368980021002743,68ea7da0b68f81f17e35ef38,"National Health and Nutrition Examination Survey (NHANES)",8,0,""
pub.1139209831,"Soil health considerations for global food security",10.1002/agj2.20783,68751d343a311b28982701cd,"Agricultural Resource Management Survey (ARMS)",9,8,""
pub.1139209831,"Soil health considerations for global food security",10.1002/agj2.20783,68751d343a311b28982701cb,"NASS Census of Agriculture",9,8,""
pub.1139414250,"Food Insecurity and its Impact on Body Weight, Type 2 Diabetes, Cardiovascular Disease, and Mental Health",10.1007/s12170-021-00679-3,68751d343a311b28982701c9,"Household Food Security Survey Module (HFSSM)",9,0,""
pub.1139414250,"Food Insecurity and its Impact on Body Weight, Type 2 Diabetes, Cardiovascular Disease, and Mental Health",10.1007/s12170-021-00679-3,68ea7da0b68f81f17e35ef38,"National Health and Nutrition Examination Survey (NHANES)",9,0,""
pub.1139451579,"P38 Understanding Food Insecurity in a College Student Population",10.1016/j.jneb.2021.04.430,68751d343a311b28982701c9,"Household Food Security Survey Module (HFSSM)",10,10,""
pub.1139557473,"Inter-relationships between water depletion and temperature differential in row crop canopies in a sub-humid climate",10.1016/j.agwat.2021.107061,68751d343a311b28982701cb,"NASS Census of Agriculture",8,1,""
pub.1139557653,"Food Insecurity, Dietary Quality, and Health Care Utilization in Lower-Income Adults: A Cross-Sectional Study",10.1016/j.jand.2021.06.001,68751d343a311b28982701c9,"Household Food Security Survey Module (HFSSM)",10,10,""
pub.1139557653,"Food Insecurity, Dietary Quality, and Health Care Utilization in Lower-Income Adults: A Cross-Sectional Study",10.1016/j.jand.2021.06.001,68ea7da0b68f81f17e35ef38,"National Health and Nutrition Examination Survey (NHANES)",10,10,""
pub.1139706094,"Weeding Out Hunger: A Community Garden and Food Pantry Approach to Address Medical Student Food Insecurity",10.1080/19320248.2021.1953664,68751d343a311b28982701c9,"Household Food Security Survey Module (HFSSM)",9,1,""
pub.1139786655,"Barriers to Accessing Healthy Food and Food Assistance During the COVID-19 Pandemic and Racial Justice Uprisings: A Mixed-Methods Investigation of Emerging Adults’ Experiences",10.1016/j.jand.2021.05.018,68751d343a311b28982701c9,"Household Food Security Survey Module (HFSSM)",9,10,""
pub.1139911526,"Perceived Facilitators and Barriers to Engaging with a Digital Intervention among Those with Food Insecurity, Binge Eating, and Obesity",10.3390/nu13072458,68751d343a311b28982701c9,"Household Food Security Survey Module (HFSSM)",9,9,""
pub.1140005384,"Experiences and Situations of Shame among Food-insecure Adolescents in South Carolina and Oregon",10.1080/03670244.2021.1956484,68751d343a311b28982701c9,"Household Food Security Survey Module (HFSSM)",10,9,""
pub.1140006131,"The effect of food insecurity during college on graduation and type of degree attained: evidence from a nationally representative longitudinal survey",10.1017/s1368980021003104,68751d343a311b28982701c9,"Household Food Security Survey Module (HFSSM)",10,10,""
pub.1140083798,"Timing of Supplemental Nutrition Assistance Program Benefits and Families’ Home Food Environments",10.1542/peds.2020-025056,68751d343a311b28982701cc,"Food Acquisition and Purchase Survey (FoodAPS)",8,1,""
pub.1140083798,"Timing of Supplemental Nutrition Assistance Program Benefits and Families’ Home Food Environments",10.1542/peds.2020-025056,68751d343a311b28982701c9,"Household Food Security Survey Module (HFSSM)",9,10,""
pub.1140319566,"Hungry is not safe: A mixed methods study to explore food insecurity in early care and education",10.1016/j.appet.2021.105626,68751d343a311b28982701c9,"Household Food Security Survey Module (HFSSM)",9,9,""
pub.1140379801,"Mental health and well-being for aging adults during the COVID-19 pandemic",10.1080/13607863.2021.1963950,68751d343a311b28982701c9,"Household Food Security Survey Module (HFSSM)",8,2,""
pub.1140406152,"Differences in COVID-19 Preventive Behavior and Food Insecurity by HIV Status in Nigeria",10.1007/s10461-021-03433-3,68751d343a311b28982701c9,"Household Food Security Survey Module (HFSSM)",9,9,""
pub.1140450276,"Food insecurity is associated with higher food responsiveness in low‐income children: The moderating role of parent stress and family functioning",10.1111/ijpo.12837,68751d343a311b28982701c9,"Household Food Security Survey Module (HFSSM)",10,10,""
pub.1140469584,"Reducing food insecurity and improving fruit and vegetable intake through a nutrition incentive program in Michigan, USA",10.1016/j.ssmph.2021.100898,68751d343a311b28982701c9,"Household Food Security Survey Module (HFSSM)",10,10,""
pub.1140469584,"Reducing food insecurity and improving fruit and vegetable intake through a nutrition incentive program in Michigan, USA",10.1016/j.ssmph.2021.100898,68ea7da0b68f81f17e35ef38,"National Health and Nutrition Examination Survey (NHANES)",8,1,""
pub.1140811536,"Prevalence of food insecurity in NCAA Division III collegiate athletes",10.1080/07448481.2021.1942886,68751d343a311b28982701c9,"Household Food Security Survey Module (HFSSM)",10,10,""
pub.1140811818,"Beyond Groceries: An Analysis of Referral Needs to Address Underlying Causes of Child Hunger among Households Accessing Food Pantries",10.1080/19371918.2021.1943099,68751d343a311b28982701c9,"Household Food Security Survey Module (HFSSM)",10,10,""
pub.1140956186,"Assessing the dimensionality of food-security measures",10.3233/jem-210476,68751d343a311b28982701d0,"Current Population Survey Food Security Supplement (CPS-FSS)",10,10,""
pub.1140956186,"Assessing the dimensionality of food-security measures",10.3233/jem-210476,68751d343a311b28982701c9,"Household Food Security Survey Module (HFSSM)",10,10,""
pub.1140965906,"Food Security and Clinical Outcomes of the 2017 Georgia Fruit and Vegetable Prescription Program",10.1016/j.jneb.2021.06.010,68751d343a311b28982701c9,"Household Food Security Survey Module (HFSSM)",9,10,""
pub.1140966378,"Food insecurity is adversely associated with psychological distress, anxiety and depression during the COVID-19 pandemic",10.1016/j.pmedr.2021.101547,68751d343a311b28982701c9,"Household Food Security Survey Module (HFSSM)",10,10,""
pub.1141183947,"How partnerships shaped the Dane CARES Farm-to-Food Bank program",10.5304/jafscd.2021.104.023,68751d343a311b28982701cb,"NASS Census of Agriculture",8,1,""
pub.1141231262,"Migrants on the Move and Food (In)security: A Call for Research",10.1007/s10903-021-01276-7,68751d343a311b28982701c9,"Household Food Security Survey Module (HFSSM)",8,1,""
pub.1141231262,"Migrants on the Move and Food (In)security: A Call for Research",10.1007/s10903-021-01276-7,68ea7da0b68f81f17e35ef38,"National Health and Nutrition Examination Survey (NHANES)",7,1,""
pub.1141364919,"Niveles de micronutrientes en niños escolares colombianos e inseguridad alimentaria",10.7705/biomedica.5866,68751d343a311b28982701c9,"Household Food Security Survey Module (HFSSM)",10,10,""
pub.1141364919,"Niveles de micronutrientes en niños escolares colombianos e inseguridad alimentaria",10.7705/biomedica.5866,68ea7da0b68f81f17e35ef38,"National Health and Nutrition Examination Survey (NHANES)",8,0,""
pub.1141692404,"Do social isolation and neighborhood walkability influence relationships between COVID-19 experiences and wellbeing in predominantly Black urban areas?",10.1016/j.landurbplan.2021.104264,68751d343a311b28982701c9,"Household Food Security Survey Module (HFSSM)",9,10,""
pub.1141733356,"Integrating geo-linked electronic health records with neighborhood data to identify place-based barriers for diabetes management in a public healthcare system",10.21203/rs.3.rs-913499/v1,68751d343a311b28982701cf,"Food Access Research Atlas (FARA)",10,10,""
pub.1141816937,"Food Insecurity and Vision Impairment Among Adults Age 50 and Older in the United States",10.1016/j.ajo.2021.10.002,68751d343a311b28982701c9,"Household Food Security Survey Module (HFSSM)",10,10,""
pub.1141816937,"Food Insecurity and Vision Impairment Among Adults Age 50 and Older in the United States",10.1016/j.ajo.2021.10.002,68ea7da0b68f81f17e35ef38,"National Health and Nutrition Examination Survey (NHANES)",10,10,""
pub.1142150186,"The Consequences of Food Insecurity for Children with Disabilities in the Early Elementary School Years",10.1007/978-3-030-74342-0_3,68751d343a311b28982701c9,"Household Food Security Survey Module (HFSSM)",10,10,""
pub.1142164663,"Food Security Impacts of the COVID-19 Pandemic: Following a Cohort of Vermonters During the First Year",10.1101/2021.10.20.21265283,68751d343a311b28982701c9,"Household Food Security Survey Module (HFSSM)",9,10,""
pub.1142332479,"Mental Health Mediates the Association Between Gender-Based Violence and HIV Treatment Engagement in US Women",10.1097/qai.0000000000002848,68751d343a311b28982701c9,"Household Food Security Survey Module (HFSSM)",10,10,""
pub.1142418957,"Food Insecurity, Associated Health Behaviors, and Academic Performance Among Urban University Undergraduate Students",10.1016/j.jneb.2021.08.008,68751d343a311b28982701c9,"Household Food Security Survey Module (HFSSM)",10,10,""
pub.1142419155,"Implementing food bank and healthcare partnerships: a pilot study of perspectives from charitable food systems in Texas",10.1186/s12889-021-12031-w,68751d343a311b28982701c9,"Household Food Security Survey Module (HFSSM)",9,1,""
pub.1142419155,"Implementing food bank and healthcare partnerships: a pilot study of perspectives from charitable food systems in Texas",10.1186/s12889-021-12031-w,68ea7da0b68f81f17e35ef38,"National Health and Nutrition Examination Survey (NHANES)",7,1,""
pub.1142427844,"Pathways by Which Food Insecurity Is Associated With Atherosclerotic Cardiovascular Disease Risk",10.1161/jaha.121.021901,68751d343a311b28982701c9,"Household Food Security Survey Module (HFSSM)",10,10,""
pub.1142427844,"Pathways by Which Food Insecurity Is Associated With Atherosclerotic Cardiovascular Disease Risk",10.1161/jaha.121.021901,68ea7da0b68f81f17e35ef38,"National Health and Nutrition Examination Survey (NHANES)",10,10,""
pub.1142500590,"Nutrition Supports Deconstructed and Disrupted: An Evaluation of a Multilevel School-Based Intervention during the Time of COVID",10.3390/ijerph182111006,68751d343a311b28982701c9,"Household Food Security Survey Module (HFSSM)",9,9,""
pub.1142500742,"The HOME Study: Understanding How College Students at a Hispanic Serving Institution Coped with Food Insecurity in a Pandemic",10.3390/ijerph182111087,68751d343a311b28982701c9,"Household Food Security Survey Module (HFSSM)",10,10,""
pub.1142551109,"Sensitivity and Specificity of Real-World Social Factor Screening Approaches",10.1007/s10916-021-01788-7,68751d343a311b28982701c9,"Household Food Security Survey Module (HFSSM)",10,10,""
pub.1142552319,"Utilization Patterns of a Food Referral Program: Findings from the Mid-Ohio Farmacy",10.3122/jabfm.2021.06.210036,68751d343a311b28982701c9,"Household Food Security Survey Module (HFSSM)",9,9,""
pub.1142552319,"Utilization Patterns of a Food Referral Program: Findings from the Mid-Ohio Farmacy",10.3122/jabfm.2021.06.210036,68ea7da0b68f81f17e35ef38,"National Health and Nutrition Examination Survey (NHANES)",8,0,""
pub.1142634649,"Do Walmart Supercenters Improve Food Security?",10.2139/ssrn.3205856,68751d343a311b28982701d0,"Current Population Survey Food Security Supplement (CPS-FSS)",10,10,""
pub.1142634649,"Do Walmart Supercenters Improve Food Security?",10.2139/ssrn.3205856,68ea7da0b68f81f17e35ef38,"National Health and Nutrition Examination Survey (NHANES)",8,0,""
pub.1142705606,"Implementing Food Bank and Health Care Partnerships: A Pilot Study of Perspectives From Charitable Food Systems in Texas",10.21203/rs.3.rs-984059/v1,68751d343a311b28982701c9,"Household Food Security Survey Module (HFSSM)",8,2,""
pub.1142705606,"Implementing Food Bank and Health Care Partnerships: A Pilot Study of Perspectives From Charitable Food Systems in Texas",10.21203/rs.3.rs-984059/v1,68ea7da0b68f81f17e35ef38,"National Health and Nutrition Examination Survey (NHANES)",6,1,""
pub.1142907984,"Telehealth and food insecurity screenings: challenges and lessons learned",10.21037/mhealth-21-31,68751d343a311b28982701c9,"Household Food Security Survey Module (HFSSM)",9,1,""
pub.1143009944,"The Relationship between Political, Economic, Social, and Cultural Vulnerability and Food Insecurity among Adults Aged 50 Years and Older",10.3390/nu13113896,68751d343a311b28982701c9,"Household Food Security Survey Module (HFSSM)",9,9,""
pub.1143150507,"Food Insecurity Is Associated with Cognitive Function: A Systematic Review of Findings across the Life Course",10.3390/ijtm1030015,68751d343a311b28982701c9,"Household Food Security Survey Module (HFSSM)",10,10,""
pub.1143150507,"Food Insecurity Is Associated with Cognitive Function: A Systematic Review of Findings across the Life Course",10.3390/ijtm1030015,68ea7da0b68f81f17e35ef38,"National Health and Nutrition Examination Survey (NHANES)",10,10,""
pub.1143151520,"Geospatial Analysis of Food Deserts and Their Impact on Health Outcomes in Children with Cystic Fibrosis",10.3390/nu13113996,68751d343a311b28982701cf,"Food Access Research Atlas (FARA)",10,10,""
pub.1143151520,"Geospatial Analysis of Food Deserts and Their Impact on Health Outcomes in Children with Cystic Fibrosis",10.3390/nu13113996,68ea7da0b68f81f17e35ef38,"National Health and Nutrition Examination Survey (NHANES)",8,0,""
pub.1143198810,"Household disability status, food store choice, and food insecurity in the United States",10.1016/j.physbeh.2021.113663,68751d343a311b28982701cc,"Food Acquisition and Purchase Survey (FoodAPS)",10,10,""
pub.1143215821,"Food Security, Access, and Challenges in New Mexico during COVID-19",10.1093/cdn/nzab139,68751d343a311b28982701c9,"Household Food Security Survey Module (HFSSM)",8,9,""
pub.1143431510,"Understanding Food Security as a Social Determinant of Diabetes-Related Health during Pregnancy",10.1055/s-0041-1740194,68751d343a311b28982701c9,"Household Food Security Survey Module (HFSSM)",9,0,""
pub.1143431510,"Understanding Food Security as a Social Determinant of Diabetes-Related Health during Pregnancy",10.1055/s-0041-1740194,68ea7da0b68f81f17e35ef38,"National Health and Nutrition Examination Survey (NHANES)",7,0,""
pub.1143615191,"Determinants of Food Insecurity Among Congregate Meal Participants: A Cross-Sectional Study Using Participant Information Matched to Geographic and Service Provider Data",10.14283/jarlife.2020.7,68751d343a311b28982701cf,"Food Access Research Atlas (FARA)",9,10,""
pub.1143615191,"Determinants of Food Insecurity Among Congregate Meal Participants: A Cross-Sectional Study Using Participant Information Matched to Geographic and Service Provider Data",10.14283/jarlife.2020.7,68ea7da0b68f81f17e35ef38,"National Health and Nutrition Examination Survey (NHANES)",8,2,""
pub.1143646528,"Policy Implications of the COVID-19 Pandemic on Food Insecurity in Rural America: Evidence from Appalachia",10.3390/ijerph182312792,68751d343a311b28982701c9,"Household Food Security Survey Module (HFSSM)",9,8,""
pub.1143751751,"Oncology Registered Dietitian Nutritionists’ Knowledge, Attitudes, and Practices Related to Food Insecurity among Cancer Survivors: A Qualitative Study",10.1016/j.jand.2021.12.004,68751d343a311b28982701c9,"Household Food Security Survey Module (HFSSM)",9,0,""
pub.1143751751,"Oncology Registered Dietitian Nutritionists’ Knowledge, Attitudes, and Practices Related to Food Insecurity among Cancer Survivors: A Qualitative Study",10.1016/j.jand.2021.12.004,68ea7da0b68f81f17e35ef38,"National Health and Nutrition Examination Survey (NHANES)",8,0,""
pub.1143783875,"Pre-pandemic to early-pandemic changes in risk of household food insecurity among Maryland families with children",10.1017/s136898002100481x,68751d343a311b28982701c9,"Household Food Security Survey Module (HFSSM)",8,0,""
pub.1143825085,"Food insecurity among older adults in the U.S.: The role of mortgage borrowing",10.1002/aepp.13219,68751d353a311b28982701d3,"Rural-Urban Continuum Codes (RUCC)",9,9,""
pub.1144114841,"Healthy Eating Determinants and Food Security Resource Opportunities: Urban-Dwelling American Indian and Alaska Native Older Adults Perspectives",10.1016/j.jneb.2021.09.015,68751d343a311b28982701d0,"Current Population Survey Food Security Supplement (CPS-FSS)",8,1,""
pub.1144114841,"Healthy Eating Determinants and Food Security Resource Opportunities: Urban-Dwelling American Indian and Alaska Native Older Adults Perspectives",10.1016/j.jneb.2021.09.015,68751d343a311b28982701cc,"Food Acquisition and Purchase Survey (FoodAPS)",8,1,""
pub.1144114841,"Healthy Eating Determinants and Food Security Resource Opportunities: Urban-Dwelling American Indian and Alaska Native Older Adults Perspectives",10.1016/j.jneb.2021.09.015,68ea7da0b68f81f17e35ef38,"National Health and Nutrition Examination Survey (NHANES)",8,1,""
pub.1144171482,"Classification Differences in Food Insecurity Measures between the United States and Canada: Practical Implications for Trend Monitoring and Health Research",10.1093/jn/nxab447,68751d343a311b28982701c9,"Household Food Security Survey Module (HFSSM)",10,10,""
pub.1144331033,"Food Security, Financial Resources, and Mental Health: Evidence during the COVID-19 Pandemic",10.3390/nu14010161,68ea7da0b68f81f17e35ef38,"National Health and Nutrition Examination Survey (NHANES)",8,0,""
pub.1144331033,"Food Security, Financial Resources, and Mental Health: Evidence during the COVID-19 Pandemic",10.3390/nu14010161,68751d353a311b28982701d3,"Rural-Urban Continuum Codes (RUCC)",10,10,""
pub.1144464200,"Food Security and Climate Change: Differences in Impacts and Adaptation Strategies for Rural Communities in the Global South and North",10.3389/fsufs.2021.691191,68751d343a311b28982701ce,"Local Food Marketing Practices Survey",6,1,""
pub.1144464200,"Food Security and Climate Change: Differences in Impacts and Adaptation Strategies for Rural Communities in the Global South and North",10.3389/fsufs.2021.691191,68751d343a311b28982701cb,"NASS Census of Agriculture",6,1,""
pub.1144511416,"Household food insecurity is associated with child’s dietary diversity score among primary school children in two districts in Ghana",10.29219/fnr.v66.7715,68751d343a311b28982701c9,"Household Food Security Survey Module (HFSSM)",10,10,""
pub.1144940543,"Food insecurity among active duty soldiers and their families during the coronavirus disease 2019 pandemic",10.1017/s1368980022000192,68751d343a311b28982701d0,"Current Population Survey Food Security Supplement (CPS-FSS)",10,10,""
pub.1144940543,"Food insecurity among active duty soldiers and their families during the coronavirus disease 2019 pandemic",10.1017/s1368980022000192,68751d343a311b28982701c9,"Household Food Security Survey Module (HFSSM)",10,10,""
pub.1145065686,"Food insecurity moderates the relationship between momentary affect and adherence in a dietary intervention study",10.1002/oby.23335,68751d343a311b28982701c9,"Household Food Security Survey Module (HFSSM)",10,10,""
pub.1145167106,"Campus-Based Food Insecurity: The Case of International Students at a Southeastern University",10.1080/19496591.2021.1997755,68751d343a311b28982701c9,"Household Food Security Survey Module (HFSSM)",10,10,""
pub.1145175116,"Depression and food insecurity among patients with rheumatoid arthritis in NHANES",10.1186/s41927-021-00236-w,68751d343a311b28982701c9,"Household Food Security Survey Module (HFSSM)",10,10,""
pub.1145175116,"Depression and food insecurity among patients with rheumatoid arthritis in NHANES",10.1186/s41927-021-00236-w,68ea7da0b68f81f17e35ef38,"National Health and Nutrition Examination Survey (NHANES)",10,10,""
pub.1145634525,"Food insecurity and ultra-processed food consumption: the modifying role of participation in the Supplemental Nutrition Assistance Program (SNAP)",10.1093/ajcn/nqac049,68751d343a311b28982701c9,"Household Food Security Survey Module (HFSSM)",10,10,""
pub.1145634525,"Food insecurity and ultra-processed food consumption: the modifying role of participation in the Supplemental Nutrition Assistance Program (SNAP)",10.1093/ajcn/nqac049,68ea7da0b68f81f17e35ef38,"National Health and Nutrition Examination Survey (NHANES)",10,10,""
pub.1145693854,"Older adults and the food security infrastructure",10.1002/aepp.13238,68751d343a311b28982701d0,"Current Population Survey Food Security Supplement (CPS-FSS)",9,10,""
pub.1145717977,"Acute and Enduring Effects of Mindful Eating on Delay and Probability Discounting for Food and Money in Food-Insecure Women",10.1007/s12671-022-01828-4,68751d343a311b28982701c9,"Household Food Security Survey Module (HFSSM)",10,10,""
pub.1145837617,"Farms and gardens everywhere but not a bite to eat? A critical geographic approach to food apartheid in Salt Lake City",10.5304/jafscd.2022.112.013,68751d343a311b28982701cf,"Food Access Research Atlas (FARA)",10,10,""
pub.1145869693,"Prevalence of Food Insecurity in the General College Population and Student-Athletes: a Review of the Literature",10.1007/s13668-022-00394-4,68751d343a311b28982701c9,"Household Food Security Survey Module (HFSSM)",8,2,""
pub.1145871447,"Evaluating a Food Pantry–Based Intervention to Improve Food Security, Dietary Intake, and Quality in Midwestern Food Pantries",10.1016/j.jand.2022.02.016,68751d343a311b28982701c9,"Household Food Security Survey Module (HFSSM)",10,10,""
pub.1145949038,"National Trends and Disparities in Severe Food Insecurity in Brazil between 2004 and 2018",10.1093/cdn/nzac034,68751d343a311b28982701c9,"Household Food Security Survey Module (HFSSM)",8,1,""
pub.1146036306,"The citizenship shield: Mediated and moderated links between immigration status, discrimination, food insecurity, and negative health outcomes for latinx immigrants during the COVID‐19 pandemic",10.1002/jcop.22831,68751d343a311b28982701c9,"Household Food Security Survey Module (HFSSM)",10,10,""
pub.1146126421,"Validating Food Security Measurement in a Pediatric Nutrition Screening Tool (Nutristep®)",10.1080/19320248.2022.2047863,68751d343a311b28982701c9,"Household Food Security Survey Module (HFSSM)",10,10,""
pub.1146126421,"Validating Food Security Measurement in a Pediatric Nutrition Screening Tool (Nutristep®)",10.1080/19320248.2022.2047863,68ea7da0b68f81f17e35ef38,"National Health and Nutrition Examination Survey (NHANES)",9,2,""
pub.1146153885,"Rethinking the Urban–Rural Relationships and Productive Urban Landscapes",10.1007/978-3-030-90445-6_1,68751d343a311b28982701cb,"NASS Census of Agriculture",8,1,""
pub.1146159364,"Risk of Food Insecurity in Young Adulthood and Longitudinal Changes in Cardiometabolic Health: Evidence from the National Longitudinal Study of Adolescent to Adult Health",10.1093/jn/nxac055,68751d343a311b28982701c9,"Household Food Security Survey Module (HFSSM)",9,8,""
pub.1146170798,"Agroecological Transition: A Territorial Examination of the Simultaneity of Limited Farmer Livelihoods and Food Insecurity",10.3390/su14063160,68751d343a311b28982701cf,"Food Access Research Atlas (FARA)",8,7,""
pub.1146219134,"Measuring Food Insecurity in Older Adults Using Both Physical and Economic Food Access, NHANES 2013–18",10.1093/jn/nxac058,68751d343a311b28982701c9,"Household Food Security Survey Module (HFSSM)",10,10,""
pub.1146219134,"Measuring Food Insecurity in Older Adults Using Both Physical and Economic Food Access, NHANES 2013–18",10.1093/jn/nxac058,68ea7da0b68f81f17e35ef38,"National Health and Nutrition Examination Survey (NHANES)",10,10,""
pub.1146346880,"Factors associated with food security of Texas Woman’s University freshmen",10.1080/07448481.2022.2047701,68751d343a311b28982701c9,"Household Food Security Survey Module (HFSSM)",10,10,""
pub.1146458078,"Food Security of Temporary Foreign Farm Workers under the Seasonal Agricultural Worker Program in Canada and the United States: A Scoping Review",10.1093/advances/nmac027,68751d343a311b28982701c9,"Household Food Security Survey Module (HFSSM)",9,1,""
pub.1146458078,"Food Security of Temporary Foreign Farm Workers under the Seasonal Agricultural Worker Program in Canada and the United States: A Scoping Review",10.1093/advances/nmac027,68ea7da0b68f81f17e35ef38,"National Health and Nutrition Examination Survey (NHANES)",8,1,""
pub.1146483303,"Social-ecological interactions in a disaster context: Puerto Rican farmer households’ food security after Hurricane Maria",10.1088/1748-9326/ac6004,68751d343a311b28982701cb,"NASS Census of Agriculture",8,1,""
pub.1146568849,"Community Food Insecurity and Child Maltreatment Reports: County-Level Analysis of U.S. National Data From 2009 to 2018",10.1177/08862605221080148,68751d353a311b28982701d3,"Rural-Urban Continuum Codes (RUCC)",9,9,""
pub.1146580763,"Food Security Impacts of the COVID-19 Pandemic: Longitudinal Evidence from a Cohort of Adults in Vermont during the First Year",10.3390/nu14071358,68751d343a311b28982701c9,"Household Food Security Survey Module (HFSSM)",10,10,""
pub.1146809507,"Food insecurity and housing instability as determinants of cardiovascular health outcomes: A systematic review",10.1016/j.numecd.2022.03.025,68751d343a311b28982701d0,"Current Population Survey Food Security Supplement (CPS-FSS)",8,0,""
pub.1146809507,"Food insecurity and housing instability as determinants of cardiovascular health outcomes: A systematic review",10.1016/j.numecd.2022.03.025,68ea7da0b68f81f17e35ef39,"National Health Interview Survey (NHIS)",9,0,""
pub.1146809507,"Food insecurity and housing instability as determinants of cardiovascular health outcomes: A systematic review",10.1016/j.numecd.2022.03.025,68ea7da0b68f81f17e35ef38,"National Health and Nutrition Examination Survey (NHANES)",9,0,""
pub.1146914492,"Relationship between social determinants of health and clinical outcomes in adults with type 2 diabetes in Lebanon",10.1016/j.jnma.2022.03.002,68751d343a311b28982701c9,"Household Food Security Survey Module (HFSSM)",9,9,""
pub.1147033339,"Food Insecurity and Mental Well-Being Among Low-Income Families During COVID-19 Pandemic",10.1177/08901171221089627,68751d343a311b28982701c9,"Household Food Security Survey Module (HFSSM)",10,10,""
pub.1147033339,"Food Insecurity and Mental Well-Being Among Low-Income Families During COVID-19 Pandemic",10.1177/08901171221089627,68ea7da1b68f81f17e35ef3a,"National Survey of Children's Health (NSCH)",8,1,""
pub.1147071316,"Change in Employment Status Due to the COVID-19 Pandemic, SNAP Participation, and Household Food Insecurity among Black and Latino Adults in Illinois",10.3390/nu14081581,68751d343a311b28982701c9,"Household Food Security Survey Module (HFSSM)",9,1,""
pub.1147083523,"Examining the association of student mental health and food security with college GPA",10.1080/07448481.2022.2058327,68751d343a311b28982701c9,"Household Food Security Survey Module (HFSSM)",10,10,""
pub.1147119725,"Food insecurity and adverse childhood experiences: a systematic review",10.1093/nutrit/nuac029,68751d343a311b28982701c9,"Household Food Security Survey Module (HFSSM)",9,1,""
pub.1147119725,"Food insecurity and adverse childhood experiences: a systematic review",10.1093/nutrit/nuac029,68ea7da0b68f81f17e35ef38,"National Health and Nutrition Examination Survey (NHANES)",8,1,""
pub.1147119725,"Food insecurity and adverse childhood experiences: a systematic review",10.1093/nutrit/nuac029,68ea7da1b68f81f17e35ef3a,"National Survey of Children's Health (NSCH)",8,1,""
pub.1147386484,"Food insecurity and time use in elderly vs. non‐elderly: An exploratory analysis",10.1002/aepp.13275,68751d343a311b28982701d0,"Current Population Survey Food Security Supplement (CPS-FSS)",10,10,""
pub.1147386484,"Food insecurity and time use in elderly vs. non‐elderly: An exploratory analysis",10.1002/aepp.13275,68ea7da0b68f81f17e35ef38,"National Health and Nutrition Examination Survey (NHANES)",8,1,""
pub.1147510986,"The Potential Impact of Food Insecurity in an Urban Trauma Population",10.1177/00031348221094217,68751d343a311b28982701cf,"Food Access Research Atlas (FARA)",10,10,""
pub.1147627419,"Food security and diet quality in a racially diverse cohort of postpartum women in the USA",10.1017/s0007114522001143,68751d343a311b28982701cc,"Food Acquisition and Purchase Survey (FoodAPS)",9,1,""
pub.1147627419,"Food security and diet quality in a racially diverse cohort of postpartum women in the USA",10.1017/s0007114522001143,68ea7da0b68f81f17e35ef38,"National Health and Nutrition Examination Survey (NHANES)",8,1,""
pub.1147851888,"Association of Food Insecurity with Mental Health Outcomes in Parents and Children",10.1016/j.acap.2022.04.010,68751d343a311b28982701c9,"Household Food Security Survey Module (HFSSM)",8,1,""
pub.1147851888,"Association of Food Insecurity with Mental Health Outcomes in Parents and Children",10.1016/j.acap.2022.04.010,68ea7da0b68f81f17e35ef38,"National Health and Nutrition Examination Survey (NHANES)",8,1,""
pub.1147852507,"Do Households Use Food Budget Stretching to Alleviate Food Insecurity?",10.1111/fcsr.12438,68751d343a311b28982701cc,"Food Acquisition and Purchase Survey (FoodAPS)",10,10,""
pub.1147861576,"Food Insecurity and Less Frequent Cooking Dinner at Home Are Associated with Lower Diet Quality in a National Sample of Low-Income Adults in the United States during the Initial Months of the Coronavirus Disease 2019 Pandemic",10.1016/j.jand.2022.05.009,68751d343a311b28982701d0,"Current Population Survey Food Security Supplement (CPS-FSS)",10,1,""
pub.1147861576,"Food Insecurity and Less Frequent Cooking Dinner at Home Are Associated with Lower Diet Quality in a National Sample of Low-Income Adults in the United States during the Initial Months of the Coronavirus Disease 2019 Pandemic",10.1016/j.jand.2022.05.009,68751d343a311b28982701c9,"Household Food Security Survey Module (HFSSM)",10,10,""
pub.1147861576,"Food Insecurity and Less Frequent Cooking Dinner at Home Are Associated with Lower Diet Quality in a National Sample of Low-Income Adults in the United States during the Initial Months of the Coronavirus Disease 2019 Pandemic",10.1016/j.jand.2022.05.009,68ea7da0b68f81f17e35ef38,"National Health and Nutrition Examination Survey (NHANES)",10,1,""
pub.1147861577,"The Psychological Distress of Food Insecurity: A Qualitative Study of the Emotional Experiences of Parents and Their Coping Strategies",10.1016/j.jand.2022.05.010,68751d343a311b28982701c9,"Household Food Security Survey Module (HFSSM)",9,8,""
pub.1148000203,"Association of Food Insecurity and Food Addiction Symptoms: A Secondary Analysis of Two Samples of Low-Income Female Adults",10.1016/j.jand.2022.04.015,68751d343a311b28982701c9,"Household Food Security Survey Module (HFSSM)",10,10,""
pub.1148122090,"Food Insecurity and Suicidal Behaviors Among US High School Students*",10.1111/josh.13199,68751d343a311b28982701c9,"Household Food Security Survey Module (HFSSM)",9,1,""
pub.1148644523,"Assessment of Weight Status, Food Security Level, and Fiber Intake Among Hispanic/Latino Adults Residing in New Hampshire",10.1093/cdn/nzac051.061,68751d343a311b28982701c9,"Household Food Security Survey Module (HFSSM)",9,1,""
pub.1148644523,"Assessment of Weight Status, Food Security Level, and Fiber Intake Among Hispanic/Latino Adults Residing in New Hampshire",10.1093/cdn/nzac051.061,68ea7da0b68f81f17e35ef38,"National Health and Nutrition Examination Survey (NHANES)",9,1,""
pub.1148645942,"The association between food insecurity and gestational weight gain: A systematic review and meta-analysis",10.1016/j.appet.2022.106124,68751d343a311b28982701c9,"Household Food Security Survey Module (HFSSM)",8,1,""
pub.1148658585,"Grit Was Associated With Food Insecurity Among Low Income, At-Risk Rural Veterans",10.1093/cdn/nzac065.042,68751d343a311b28982701c9,"Household Food Security Survey Module (HFSSM)",9,9,""
pub.1148739692,"Food to Overcome Outcomes Disparities: A Randomized Controlled Trial of Food Insecurity Interventions to Improve Cancer Outcomes",10.1200/jco.21.02400,68751d343a311b28982701c9,"Household Food Security Survey Module (HFSSM)",10,10,""
pub.1148759450,"“Something Fun to Look Forward to”: Lessons From Implementing the Prescription for Health Farmers’ Market Initiative in Rural Upper Michigan",10.1177/15248399221093966,68751d343a311b28982701cf,"Food Access Research Atlas (FARA)",9,2,""
pub.1148761956,"Community food insecurity predicts child maltreatment report rates across Illinois zip codes, 2011–2018",10.1016/j.annepidem.2022.06.002,68751d353a311b28982701d3,"Rural-Urban Continuum Codes (RUCC)",9,9,""
pub.1148799508,"Racial/Ethnic Disparities in Food Pantry Use and Barriers in Massachusetts during the First Year of the COVID-19 Pandemic",10.3390/nu14122531,68751d343a311b28982701c9,"Household Food Security Survey Module (HFSSM)",10,10,""
pub.1148831422,"Unemployment benefits, food insecurity, and supplemental nutrition assistance program spending",10.1111/ajae.12322,68751d343a311b28982701d0,"Current Population Survey Food Security Supplement (CPS-FSS)",10,10,""
pub.1149003514,"Adult Food Security and the Relationship with Adverse Childhood Experiences Among Residents of Appalachian North Carolina",10.13023/jah.0103.03,68751d343a311b28982701d0,"Current Population Survey Food Security Supplement (CPS-FSS)",9,1,""
pub.1149003588,"Geospatial Analysis of Rurality and Food Banks in Appalachian Ohio",10.13023/jah.0303.09,68751d353a311b28982701d3,"Rural-Urban Continuum Codes (RUCC)",9,9,""
pub.1149112602,"Household food insecurity and obesity risk in preschool-aged children: A three-year prospective study",10.1016/j.socscimed.2022.115176,68751d343a311b28982701c9,"Household Food Security Survey Module (HFSSM)",10,10,""
pub.1149183763,"Food insecurity among parents of young children in the United States and Australia: focusing on etiology and outcomes",10.1007/s12571-022-01303-x,68751d343a311b28982701c9,"Household Food Security Survey Module (HFSSM)",9,1,""
pub.1149193210,"Food insecurity as a social determinant of sexual health and substance use independent of poverty status among men who have sex with men in the United States",10.1016/j.annepidem.2022.06.037,68751d343a311b28982701c9,"Household Food Security Survey Module (HFSSM)",8,9,""
pub.1149224523,"SNAP and Cardiometabolic Risk in Youth",10.3390/nu14132756,68ea7da0b68f81f17e35ef38,"National Health and Nutrition Examination Survey (NHANES)",10,10,""
pub.1149237728,"Using Social Media to Predict Food Deserts in the United States: Infodemiology Study of Tweets",10.2196/34285,68751d343a311b28982701cf,"Food Access Research Atlas (FARA)",10,10,""
pub.1149272027,"Development of Older Adult Food Insecurity Index to Assess Food Insecurity of Older Adults",10.1007/s12603-022-1816-6,68751d343a311b28982701cf,"Food Access Research Atlas (FARA)",10,10,""
pub.1149272027,"Development of Older Adult Food Insecurity Index to Assess Food Insecurity of Older Adults",10.1007/s12603-022-1816-6,68751d343a311b28982701c9,"Household Food Security Survey Module (HFSSM)",9,1,""
pub.1149272027,"Development of Older Adult Food Insecurity Index to Assess Food Insecurity of Older Adults",10.1007/s12603-022-1816-6,68ea7da0b68f81f17e35ef38,"National Health and Nutrition Examination Survey (NHANES)",9,1,""
pub.1149312190,"Prevalence and Predictors of Food Insecurity Among Stroke Survivors in the United States",10.1161/strokeaha.122.038574,68751d343a311b28982701c9,"Household Food Security Survey Module (HFSSM)",9,9,""
pub.1149312190,"Prevalence and Predictors of Food Insecurity Among Stroke Survivors in the United States",10.1161/strokeaha.122.038574,68ea7da0b68f81f17e35ef38,"National Health and Nutrition Examination Survey (NHANES)",10,10,""
pub.1149391246,"College Campus Food Pantry Program Evaluation: What Barriers Do Students Face to Access On-Campus Food Pantries?",10.3390/nu14142807,68751d343a311b28982701c9,"Household Food Security Survey Module (HFSSM)",8,9,""
pub.1149406378,"Prevalence of Food Insecurity Among Cancer Survivors in the United States: A Scoping Review",10.1016/j.jand.2022.07.004,68751d343a311b28982701c9,"Household Food Security Survey Module (HFSSM)",9,1,""
pub.1149406378,"Prevalence of Food Insecurity Among Cancer Survivors in the United States: A Scoping Review",10.1016/j.jand.2022.07.004,68ea7da0b68f81f17e35ef39,"National Health Interview Survey (NHIS)",9,1,""
pub.1149406378,"Prevalence of Food Insecurity Among Cancer Survivors in the United States: A Scoping Review",10.1016/j.jand.2022.07.004,68ea7da0b68f81f17e35ef38,"National Health and Nutrition Examination Survey (NHANES)",9,1,""
pub.1149443008,"A Tale of Two Cities During the COVID-19 Pandemic: Evaluating Food Insecurity in Chicago and New York City",10.1007/s40615-022-01355-x,68751d343a311b28982701c9,"Household Food Security Survey Module (HFSSM)",9,9,""
pub.1149474393,"Food insecurity associated with educational disruptions during the COVID-19 pandemic for college students and the role of anxiety and depression",10.1080/07448481.2022.2093115,68751d343a311b28982701c9,"Household Food Security Survey Module (HFSSM)",9,9,""
pub.1149474396,"Food insecurity among female collegiate athletes exists despite university assistance",10.1080/07448481.2022.2098029,68751d343a311b28982701c9,"Household Food Security Survey Module (HFSSM)",9,9,""
pub.1149663501,"Disparities and Determinants of Food Insecurity for New Mexico’s Unique Populations",10.21203/rs.3.rs-1848075/v1,68751d343a311b28982701d0,"Current Population Survey Food Security Supplement (CPS-FSS)",10,10,""
pub.1149663501,"Disparities and Determinants of Food Insecurity for New Mexico’s Unique Populations",10.21203/rs.3.rs-1848075/v1,68ea7da0b68f81f17e35ef38,"National Health and Nutrition Examination Survey (NHANES)",8,1,""
pub.1149708179,"Caregiver‐reported household food insecurity and child‐reported food insecurity in relation to eating disorder risk factors and symptoms among preadolescent children",10.1002/eat.23784,68751d343a311b28982701c9,"Household Food Security Survey Module (HFSSM)",10,10,""
pub.1149789918,"Food and housing security at a US Hispanic-Serving Institution: An examination before and during the COVID-19 pandemic",10.3389/fpubh.2022.918955,68751d343a311b28982701c9,"Household Food Security Survey Module (HFSSM)",10,10,""
pub.1149823859,"A Broadened Understanding of University Student Food Security: Undergraduate and Graduate Student Food Utilization and Access at a Big Ten University",10.1080/19320248.2022.2101411,68751d343a311b28982701c9,"Household Food Security Survey Module (HFSSM)",9,9,""
pub.1149994933,"Food insecurity and food consumption among children who receive federal food assistance",10.1016/j.appet.2022.106268,68751d343a311b28982701c9,"Household Food Security Survey Module (HFSSM)",10,10,""
pub.1149994933,"Food insecurity and food consumption among children who receive federal food assistance",10.1016/j.appet.2022.106268,68ea7da0b68f81f17e35ef38,"National Health and Nutrition Examination Survey (NHANES)",9,1,""
pub.1150121365,"Housing Instability, Food Insecurity, and Barriers to Healthy Eating",10.1111/fcsr.12454,68751d343a311b28982701cc,"Food Acquisition and Purchase Survey (FoodAPS)",10,10,""
pub.1150121365,"Housing Instability, Food Insecurity, and Barriers to Healthy Eating",10.1111/fcsr.12454,68ea7da0b68f81f17e35ef39,"National Health Interview Survey (NHIS)",9,1,""
pub.1150152055,"A livelihoods assessment of new entrants within the US fisheries agriculture continuum",10.1016/j.jrurstud.2022.07.024,68751d343a311b28982701cb,"NASS Census of Agriculture",9,1,""
pub.1150265156,"Unpacking determinants and consequences of food insecurity for insulin resistance among people living with HIV: Conceptual framework and protocol for the NOURISH-OK study",10.3389/fcdhc.2022.947552,68751d343a311b28982701cf,"Food Access Research Atlas (FARA)",8,1,""
pub.1150265156,"Unpacking determinants and consequences of food insecurity for insulin resistance among people living with HIV: Conceptual framework and protocol for the NOURISH-OK study",10.3389/fcdhc.2022.947552,68ea7da0b68f81f17e35ef38,"National Health and Nutrition Examination Survey (NHANES)",6,1,""
pub.1150274532,"Characteristics of food insecurity prevalence in North Philadelphia Federally Qualified Health Center target populations, a cross-sectional study",10.21203/rs.3.rs-1835674/v1,68751d343a311b28982701c9,"Household Food Security Survey Module (HFSSM)",8,1,""
pub.1150333586,"SNAP and WIC Participation During Childhood and Food Security in Adulthood, 1984–2019",10.2105/ajph.2022.306967,68751d343a311b28982701c9,"Household Food Security Survey Module (HFSSM)",7,0,""
pub.1150350298,"Relationship Between Food Security Status in a Caregiver's Family of Origin and Current Feeding Practices Among Low-Income, Single, Female Primary Caregivers",10.1097/fch.0000000000000347,68751d343a311b28982701d0,"Current Population Survey Food Security Supplement (CPS-FSS)",8,1,""
pub.1150360381,"Prevalence of Food Insecurity in a Community College District: Relationship Between Food Security and Grade Point Average",10.1080/10668926.2022.2114035,68751d343a311b28982701c9,"Household Food Security Survey Module (HFSSM)",9,1,""
pub.1150391609,"Food Insecurity among Low-Income Households with Children Participating in a School-Based Fruit and Vegetable Co-Op",10.3390/children9081250,68751d343a311b28982701c9,"Household Food Security Survey Module (HFSSM)",9,10,""
pub.1150391609,"Food Insecurity among Low-Income Households with Children Participating in a School-Based Fruit and Vegetable Co-Op",10.3390/children9081250,68ea7da0b68f81f17e35ef38,"National Health and Nutrition Examination Survey (NHANES)",8,2,""
pub.1150427291,"Food security and part-time work for students: do race and region play a role?",10.1080/07448481.2022.2109033,68751d343a311b28982701d0,"Current Population Survey Food Security Supplement (CPS-FSS)",10,10,""
pub.1150458835,"A latent class analysis to identify socio-economic and health risk profiles among mothers of young children predicting longitudinal risk of food insecurity",10.1371/journal.pone.0272614,68751d343a311b28982701c9,"Household Food Security Survey Module (HFSSM)",10,10,""
pub.1150458835,"A latent class analysis to identify socio-economic and health risk profiles among mothers of young children predicting longitudinal risk of food insecurity",10.1371/journal.pone.0272614,68ea7da0b68f81f17e35ef38,"National Health and Nutrition Examination Survey (NHANES)",8,2,""
pub.1150473760,"Development of a Comprehensive Household Food Security Tool for Families with Young Children and/or Pregnant Women in High Income Countries",10.3390/ijerph191710543,68751d343a311b28982701c9,"Household Food Security Survey Module (HFSSM)",9,1,""
pub.1150553810,"Assessing the Relationship Between Emergency Food Assistance and Social Vulnerability During the COVID-19 Pandemic",10.1007/s12061-022-09478-8,68751d343a311b28982701cf,"Food Access Research Atlas (FARA)",9,9,""
pub.1150574439,"Development of new measures to assess household nutrition security, and choice in dietary characteristics",10.1016/j.appet.2022.106288,68751d343a311b28982701c9,"Household Food Security Survey Module (HFSSM)",9,9,""
pub.1150579970,"The Risk for Food Insecurity and Suicide Ideation among Young Adults in the United States: The Mediating Roles of Perceived Stress and Social Isolation",10.1177/21568693221120066,68ea7da0b68f81f17e35ef38,"National Health and Nutrition Examination Survey (NHANES)",8,1,""
pub.1150616242,"Addressing Food Insecurity: A Qualitative Study of Undergraduate Students’ Perceptions of Food Access Resources",10.3390/nu14173517,68751d343a311b28982701c9,"Household Food Security Survey Module (HFSSM)",9,9,""
pub.1150701600,"Food security and well-being among older, rural Americans before and during the COVID-19 pandemic",10.1371/journal.pone.0274020,68751d343a311b28982701c9,"Household Food Security Survey Module (HFSSM)",9,9,""
pub.1150752371,"A Multi-Informant Assessment of Food Security in Adolescents: Discordance in Self-Report and Parent-Proxy Report",10.1080/19320248.2022.2117002,68751d343a311b28982701c9,"Household Food Security Survey Module (HFSSM)",10,10,""
pub.1150752374,"Food Insecurity and Health Behaviors Among a Sample of Undergraduate Students at an Urban University",10.1080/19320248.2022.2119119,68751d343a311b28982701c9,"Household Food Security Survey Module (HFSSM)",9,8,""
pub.1150797390,"Contributing Factors to Dietary Quality and Food Security in Low-Income Households with Children in the United States: A Scoping Review",10.1101/2022.09.06.22279548,68751d343a311b28982701cc,"Food Acquisition and Purchase Survey (FoodAPS)",9,0,""
pub.1150797390,"Contributing Factors to Dietary Quality and Food Security in Low-Income Households with Children in the United States: A Scoping Review",10.1101/2022.09.06.22279548,68ea7da0b68f81f17e35ef38,"National Health and Nutrition Examination Survey (NHANES)",9,0,""
pub.1150922870,"Food insecurity among African Americans in the United States: A scoping review",10.1371/journal.pone.0274434,68751d343a311b28982701d0,"Current Population Survey Food Security Supplement (CPS-FSS)",10,0,""
pub.1150922870,"Food insecurity among African Americans in the United States: A scoping review",10.1371/journal.pone.0274434,68751d343a311b28982701c9,"Household Food Security Survey Module (HFSSM)",9,0,""
pub.1150922870,"Food insecurity among African Americans in the United States: A scoping review",10.1371/journal.pone.0274434,68ea7da0b68f81f17e35ef39,"National Health Interview Survey (NHIS)",9,0,""
pub.1150922870,"Food insecurity among African Americans in the United States: A scoping review",10.1371/journal.pone.0274434,68ea7da0b68f81f17e35ef38,"National Health and Nutrition Examination Survey (NHANES)",9,0,""
pub.1151003902,"Captive Market Pricing and Lack of Transportation: A Survey of Undergraduate Food Insecurity at a Public University in New England",10.1177/08901171221127006,68751d343a311b28982701c9,"Household Food Security Survey Module (HFSSM)",9,9,""
pub.1151005365,"Systematic review of food insecurity and violence against women and girls: Mixed methods findings from low- and middle-income settings",10.1371/journal.pgph.0000479,68751d343a311b28982701c9,"Household Food Security Survey Module (HFSSM)",8,1,""
pub.1151152379,"Food insecurity and loneliness amongst older urban subsidised housing residents: The importance of social connectedness",10.1111/hsc.14027,68751d343a311b28982701c9,"Household Food Security Survey Module (HFSSM)",9,9,""
pub.1151154445,"Evaluating the association between food insecurity and risk of nephrolithiasis: an analysis of the National Health and Nutrition Examination Survey",10.1007/s00345-022-04150-9,68751d343a311b28982701c9,"Household Food Security Survey Module (HFSSM)",10,10,""
pub.1151154445,"Evaluating the association between food insecurity and risk of nephrolithiasis: an analysis of the National Health and Nutrition Examination Survey",10.1007/s00345-022-04150-9,68ea7da0b68f81f17e35ef38,"National Health and Nutrition Examination Survey (NHANES)",10,10,""
pub.1151183035,"Food insecurity and physical multimorbidity among adults aged ≥ 50 years from six low- and middle-income countries",10.1007/s00394-022-02999-5,68751d343a311b28982701c9,"Household Food Security Survey Module (HFSSM)",9,0,""
pub.1151183035,"Food insecurity and physical multimorbidity among adults aged ≥ 50 years from six low- and middle-income countries",10.1007/s00394-022-02999-5,68ea7da0b68f81f17e35ef38,"National Health and Nutrition Examination Survey (NHANES)",9,0,""
pub.1151271369,"Disparities in food insecurity during the COVID-19 pandemic: A two-year analysis",10.1016/j.cities.2022.104003,68751d343a311b28982701d0,"Current Population Survey Food Security Supplement (CPS-FSS)",9,0,""
pub.1151455193,"Food Insecurity and Economic Hardship of College Students: Before and during the COVID-19 Pandemic",10.1080/10875549.2022.2128976,68751d343a311b28982701c9,"Household Food Security Survey Module (HFSSM)",9,1,""
pub.1151581478,"Resource booms, state economic conditions, and child food security",10.1002/aepp.13327,68751d343a311b28982701d0,"Current Population Survey Food Security Supplement (CPS-FSS)",10,10,""
pub.1151706316,"Food insecurity among immigrant populations in the United States",10.1007/s12571-022-01322-8,68751d343a311b28982701d0,"Current Population Survey Food Security Supplement (CPS-FSS)",10,10,""
pub.1151758448,"Navigating Hidden Hunger: An Exploratory Analysis of the Lived Experience of Food Insecurity among College Students",10.3390/ijerph191912952,68751d343a311b28982701c9,"Household Food Security Survey Module (HFSSM)",9,9,""
pub.1151765405,"Pandemic-related socioeconomic disruptions and adverse health outcomes: a cross-sectional study of female caregivers",10.1186/s12889-022-14287-2,68751d343a311b28982701c9,"Household Food Security Survey Module (HFSSM)",10,10,""
pub.1151845578,"A decade of the Missouri Hunger Atlas: Information for action",10.5304/jafscd.2022.121.003,68751d343a311b28982701cf,"Food Access Research Atlas (FARA)",8,1,""
pub.1151888645,"The dynamic nature of poverty and food insecurity among older adults: Evidence from the Health and Retirement Study",10.1002/aepp.13329,68751d343a311b28982701c9,"Household Food Security Survey Module (HFSSM)",9,1,""
pub.1151984821,"Measuring food insecurity: An introduction to tools for human biologists and ecologists",10.1002/ajhb.23821,68751d343a311b28982701c9,"Household Food Security Survey Module (HFSSM)",9,0,""
pub.1151984821,"Measuring food insecurity: An introduction to tools for human biologists and ecologists",10.1002/ajhb.23821,68ea7da0b68f81f17e35ef38,"National Health and Nutrition Examination Survey (NHANES)",9,0,""
pub.1152216067,"Living with children and food insecurity in seniors",10.1002/aepp.13333,68751d343a311b28982701d0,"Current Population Survey Food Security Supplement (CPS-FSS)",9,9,""
pub.1152216067,"Living with children and food insecurity in seniors",10.1002/aepp.13333,68ea7da0b68f81f17e35ef38,"National Health and Nutrition Examination Survey (NHANES)",8,1,""
pub.1152228125,"Disparities in food insecurity among Black and White households: An analysis by age cohort, poverty, education, and home ownership",10.1002/aepp.13332,68751d343a311b28982701d0,"Current Population Survey Food Security Supplement (CPS-FSS)",10,10,""
pub.1152303372,"Assessing changes in food pantry access after extreme events",10.1007/s10460-022-10373-8,68751d343a311b28982701cf,"Food Access Research Atlas (FARA)",8,1,""
pub.1152312344,"Food Insecurity Among Older Adults Living in Low- and Middle-Income Countries: A Scoping Review",10.1093/geront/gnac161,68751d343a311b28982701c9,"Household Food Security Survey Module (HFSSM)",9,1,""
pub.1152312344,"Food Insecurity Among Older Adults Living in Low- and Middle-Income Countries: A Scoping Review",10.1093/geront/gnac161,68ea7da0b68f81f17e35ef38,"National Health and Nutrition Examination Survey (NHANES)",8,1,""
pub.1152412062,"Food Insecurity and COVID-19 Food-Related Perceptions, Practices, and Problems: A 3-State Descriptive Study",10.1017/dmp.2022.250,68751d343a311b28982701c9,"Household Food Security Survey Module (HFSSM)",8,1,""
pub.1152442697,"Diet Quality and Contextual Factors Influencing Food Choice among Adolescents with Food Security and Food Insecurity in Baltimore City",10.3390/nu14214573,68751d343a311b28982701cc,"Food Acquisition and Purchase Survey (FoodAPS)",6,0,""
pub.1152442697,"Diet Quality and Contextual Factors Influencing Food Choice among Adolescents with Food Security and Food Insecurity in Baltimore City",10.3390/nu14214573,68ea7da0b68f81f17e35ef38,"National Health and Nutrition Examination Survey (NHANES)",9,0,""
pub.1152460809,"Senior food insecurity in the USA: a systematic literature review",10.1017/s1368980022002415,68751d343a311b28982701d0,"Current Population Survey Food Security Supplement (CPS-FSS)",9,1,""
pub.1152460809,"Senior food insecurity in the USA: a systematic literature review",10.1017/s1368980022002415,68751d343a311b28982701c9,"Household Food Security Survey Module (HFSSM)",8,1,""
pub.1152460809,"Senior food insecurity in the USA: a systematic literature review",10.1017/s1368980022002415,68ea7da0b68f81f17e35ef39,"National Health Interview Survey (NHIS)",8,1,""
pub.1152460809,"Senior food insecurity in the USA: a systematic literature review",10.1017/s1368980022002415,68ea7da0b68f81f17e35ef38,"National Health and Nutrition Examination Survey (NHANES)",8,1,""
pub.1152500561,"The Association between Food Insecurity and Making Hunger-Coping Trade-Offs during the COVID-19 Pandemic: The Role of Sources of Food and Easiness in Food Access",10.3390/nu14214616,68751d343a311b28982701c9,"Household Food Security Survey Module (HFSSM)",9,9,""
pub.1152543822,"Food security status in seniors over their life course",10.1002/aepp.13334,68751d343a311b28982701c9,"Household Food Security Survey Module (HFSSM)",10,10,""
pub.1152553896,"Participatory mapping to address neighborhood level data deficiencies for food security assessment in Southeastern Virginia, USA",10.1186/s12942-022-00314-3,68751d343a311b28982701cf,"Food Access Research Atlas (FARA)",10,10,""
pub.1152553896,"Participatory mapping to address neighborhood level data deficiencies for food security assessment in Southeastern Virginia, USA",10.1186/s12942-022-00314-3,68ea7da0b68f81f17e35ef38,"National Health and Nutrition Examination Survey (NHANES)",6,2,""
pub.1152614297,"Competing Food Sovereignties: GMO-Free Activism, Democracy and State Preemptive Laws in Southern Oregon",10.1007/978-3-031-18560-1_6,68751d343a311b28982701cb,"NASS Census of Agriculture",8,1,""
pub.1152643370,"Supplemental Nutrition Assistance Program as a health intervention",10.1097/mop.0000000000001192,68751d343a311b28982701d0,"Current Population Survey Food Security Supplement (CPS-FSS)",9,0,""
pub.1152643370,"Supplemental Nutrition Assistance Program as a health intervention",10.1097/mop.0000000000001192,68ea7da0b68f81f17e35ef38,"National Health and Nutrition Examination Survey (NHANES)",9,0,""
pub.1152671705,"Changes in Food Security Status During Undergraduate Enrollment",10.1016/j.jneb.2022.08.004,68751d343a311b28982701c9,"Household Food Security Survey Module (HFSSM)",10,10,""
pub.1152703425,"Association of community-level food insecurity and glycemic control among pregnant individuals with pregestational diabetes",10.1016/j.pcd.2022.11.002,68751d343a311b28982701cf,"Food Access Research Atlas (FARA)",9,9,""
pub.1152703425,"Association of community-level food insecurity and glycemic control among pregnant individuals with pregestational diabetes",10.1016/j.pcd.2022.11.002,68ea7da0b68f81f17e35ef38,"National Health and Nutrition Examination Survey (NHANES)",8,1,""
pub.1152755048,"Sick, Hungry, and Vulnerable: Federal Stimulus and Food Security on Marginalized Populations During the COVID-19 Pandemic",10.1007/s40615-022-01447-8,68751d343a311b28982701d0,"Current Population Survey Food Security Supplement (CPS-FSS)",10,9,""
pub.1152755048,"Sick, Hungry, and Vulnerable: Federal Stimulus and Food Security on Marginalized Populations During the COVID-19 Pandemic",10.1007/s40615-022-01447-8,68ea7da0b68f81f17e35ef38,"National Health and Nutrition Examination Survey (NHANES)",8,1,""
pub.1153265363,"The Interactions of Food Security, Health, and Loneliness among Rural Older Adults before and after the Onset of COVID-19",10.3390/nu14235076,68751d343a311b28982701c9,"Household Food Security Survey Module (HFSSM)",10,10,""
pub.1153265363,"The Interactions of Food Security, Health, and Loneliness among Rural Older Adults before and after the Onset of COVID-19",10.3390/nu14235076,68ea7da0b68f81f17e35ef38,"National Health and Nutrition Examination Survey (NHANES)",10,0,""
pub.1153365239,"Food insecurity among those with disability: Cross‐survey comparison of estimates and implications for future research",10.1002/aepp.13336,68751d343a311b28982701d0,"Current Population Survey Food Security Supplement (CPS-FSS)",10,10,""
pub.1153365239,"Food insecurity among those with disability: Cross‐survey comparison of estimates and implications for future research",10.1002/aepp.13336,68751d343a311b28982701c9,"Household Food Security Survey Module (HFSSM)",8,0,""
pub.1153365239,"Food insecurity among those with disability: Cross‐survey comparison of estimates and implications for future research",10.1002/aepp.13336,68ea7da0b68f81f17e35ef39,"National Health Interview Survey (NHIS)",10,10,""
pub.1153365239,"Food insecurity among those with disability: Cross‐survey comparison of estimates and implications for future research",10.1002/aepp.13336,68ea7da0b68f81f17e35ef38,"National Health and Nutrition Examination Survey (NHANES)",10,10,""
pub.1153367945,"Food security and food access during the COVID‐19 pandemic: Impacts, adaptations, and looking ahead",10.1002/jpen.2445,68751d343a311b28982701d0,"Current Population Survey Food Security Supplement (CPS-FSS)",8,1,""
pub.1153368497,"Medically tailored meals for food insecurity and type 2 diabetes: Protocol for the food as medicine for diabetes (FAME-D) trial",10.1016/j.cct.2022.107039,68751d343a311b28982701c9,"Household Food Security Survey Module (HFSSM)",10,10,""
pub.1153368497,"Medically tailored meals for food insecurity and type 2 diabetes: Protocol for the food as medicine for diabetes (FAME-D) trial",10.1016/j.cct.2022.107039,68ea7da0b68f81f17e35ef39,"National Health Interview Survey (NHIS)",8,8,""
pub.1153368497,"Medically tailored meals for food insecurity and type 2 diabetes: Protocol for the food as medicine for diabetes (FAME-D) trial",10.1016/j.cct.2022.107039,68ea7da0b68f81f17e35ef38,"National Health and Nutrition Examination Survey (NHANES)",7,0,""
pub.1153369383,"Food Insecurity and Stress Among Rural Residents in South Carolina: The Moderating Influences of Household Characteristics, Neighborhood Social Environment and Food Environment",10.1007/s10900-022-01176-3,68751d343a311b28982701c9,"Household Food Security Survey Module (HFSSM)",9,9,""
pub.1153401961,"Relationship between food insecurity and housing instability on quality of care and quality of life in adults with diabetes",10.1371/journal.pone.0278650,68751d343a311b28982701d0,"Current Population Survey Food Security Supplement (CPS-FSS)",8,1,""
pub.1153526815,"The relationship between fecal incontinence and food insecurity in United States women: an analysis of 2005–2010 National Health and Nutrition Examination Survey",10.1016/j.ajog.2022.12.007,68751d343a311b28982701c9,"Household Food Security Survey Module (HFSSM)",10,10,""
pub.1153526815,"The relationship between fecal incontinence and food insecurity in United States women: an analysis of 2005–2010 National Health and Nutrition Examination Survey",10.1016/j.ajog.2022.12.007,68ea7da0b68f81f17e35ef38,"National Health and Nutrition Examination Survey (NHANES)",10,10,""
pub.1153547876,"What Is Associated with Changes in Food Security among Low-Income Residents of a Former Food Desert?",10.3390/nu14245242,68751d343a311b28982701cc,"Food Acquisition and Purchase Survey (FoodAPS)",8,0,""
pub.1153547876,"What Is Associated with Changes in Food Security among Low-Income Residents of a Former Food Desert?",10.3390/nu14245242,68ea7da0b68f81f17e35ef38,"National Health and Nutrition Examination Survey (NHANES)",8,0,""
pub.1153547884,"Food Insecurity in the Rural United States: An Examination of Struggles and Coping Mechanisms to Feed a Family among Households with a Low-Income",10.3390/nu14245250,68751d343a311b28982701c9,"Household Food Security Survey Module (HFSSM)",9,1,""
pub.1153547884,"Food Insecurity in the Rural United States: An Examination of Struggles and Coping Mechanisms to Feed a Family among Households with a Low-Income",10.3390/nu14245250,68ea7da0b68f81f17e35ef38,"National Health and Nutrition Examination Survey (NHANES)",9,1,""
pub.1153613181,"Development of three new multidimensional measures to assess household food insecurity resilience in the United States",10.3389/fpubh.2022.1048501,68751d343a311b28982701c9,"Household Food Security Survey Module (HFSSM)",9,9,""
pub.1153613181,"Development of three new multidimensional measures to assess household food insecurity resilience in the United States",10.3389/fpubh.2022.1048501,68ea7da0b68f81f17e35ef38,"National Health and Nutrition Examination Survey (NHANES)",8,1,""
pub.1153660572,"Quantifying “local food” online and social media in the United States for 2018–2021",10.1186/s40066-022-00397-y,68751d343a311b28982701ce,"Local Food Marketing Practices Survey",7,0,""
pub.1153660572,"Quantifying “local food” online and social media in the United States for 2018–2021",10.1186/s40066-022-00397-y,68751d343a311b28982701cb,"NASS Census of Agriculture",7,0,""
pub.1153729299,"Combating food insecurity and creating sustenance: addressing the root causes of hunger in the US through political empowerment and public policy engagement",10.1080/13549839.2022.2155943,68751d343a311b28982701d0,"Current Population Survey Food Security Supplement (CPS-FSS)",8,0,""
pub.1153761407,"Food insecurity among New York City taxi and for-hire vehicle drivers",10.3233/wor-211471,68751d343a311b28982701c9,"Household Food Security Survey Module (HFSSM)",9,10,""
pub.1153874715,"Are Remitters at Risk for Lower Food Security and Dietary Quality? An Exploratory Study of Mexican Immigrants in NYC",10.1101/2022.12.20.22283288,68751d343a311b28982701c9,"Household Food Security Survey Module (HFSSM)",9,9,""
pub.1153874715,"Are Remitters at Risk for Lower Food Security and Dietary Quality? An Exploratory Study of Mexican Immigrants in NYC",10.1101/2022.12.20.22283288,68ea7da0b68f81f17e35ef38,"National Health and Nutrition Examination Survey (NHANES)",6,1,""
pub.1153934065,"Unraveling the Channels of Food Security of the Households in Northern Kenya: Evidence from an Exclusive Dataset",10.1016/j.cdnut.2022.100005,68751d343a311b28982701c9,"Household Food Security Survey Module (HFSSM)",10,10,""
pub.1153960549,"The Determinants of Food Insecurity Among Hispanic/Latinx Households With Young Children: A Narrative Review",10.1016/j.advnut.2022.12.001,68ea7da0b68f81f17e35ef38,"National Health and Nutrition Examination Survey (NHANES)",8,1,""
pub.1154085276,"Childhood food insecurity, mental distress in young adulthood and the supplemental nutrition assistance program",10.1016/j.ypmed.2022.107409,68751d343a311b28982701c9,"Household Food Security Survey Module (HFSSM)",10,10,""
pub.1154085276,"Childhood food insecurity, mental distress in young adulthood and the supplemental nutrition assistance program",10.1016/j.ypmed.2022.107409,68751d353a311b28982701d3,"Rural-Urban Continuum Codes (RUCC)",10,10,""
pub.1154120139,"How are Income and Assets Associated with Food Insecurity? An Application of the Growth Mixture Modeling",10.1007/s11205-022-03053-x,68751d343a311b28982701c9,"Household Food Security Survey Module (HFSSM)",9,0,""
pub.1154120139,"How are Income and Assets Associated with Food Insecurity? An Application of the Growth Mixture Modeling",10.1007/s11205-022-03053-x,68ea7da0b68f81f17e35ef38,"National Health and Nutrition Examination Survey (NHANES)",8,0,""
pub.1154335493,"Prevalence and Severity of Food Insecurity Before and During the Coronavirus Disease 2019 Pandemic Among Adults and Youth in Australia, Canada, Chile, Mexico, the United Kingdom, and the United States",10.1016/j.tjnut.2022.12.031,68751d343a311b28982701c9,"Household Food Security Survey Module (HFSSM)",9,9,""
pub.1154444358,"Food insecurity, diet and mental distress among resource insecure students during COVID-19",10.1093/emph/eoad001,68751d343a311b28982701c9,"Household Food Security Survey Module (HFSSM)",9,9,""
pub.1154444358,"Food insecurity, diet and mental distress among resource insecure students during COVID-19",10.1093/emph/eoad001,68ea7da0b68f81f17e35ef38,"National Health and Nutrition Examination Survey (NHANES)",8,1,""
pub.1154505518,"Food Security is Associated with Higher Diet Quality Among Children of the US–Affiliated Pacific Region",10.1016/j.tjnut.2023.01.015,68751d343a311b28982701c9,"Household Food Security Survey Module (HFSSM)",9,9,""
pub.1154505518,"Food Security is Associated with Higher Diet Quality Among Children of the US–Affiliated Pacific Region",10.1016/j.tjnut.2023.01.015,68ea7da0b68f81f17e35ef38,"National Health and Nutrition Examination Survey (NHANES)",8,1,""
pub.1154510004,"Community food insecurity predicts child maltreatment report rates across Illinois zip codes, 2011–2018",10.1016/j.annepidem.2023.01.008,68751d353a311b28982701d3,"Rural-Urban Continuum Codes (RUCC)",10,10,""
pub.1154571084,"Impact of smoking cessation on household food security",10.1016/j.annepidem.2023.01.007,68751d343a311b28982701c9,"Household Food Security Survey Module (HFSSM)",10,10,""
pub.1154632430,"Measuring Food Security in the United States for More Than 25 years: History, Methods, Findings, and Opportunities",10.1016/j.jand.2023.01.007,68751d343a311b28982701d0,"Current Population Survey Food Security Supplement (CPS-FSS)",10,9,""
pub.1154632430,"Measuring Food Security in the United States for More Than 25 years: History, Methods, Findings, and Opportunities",10.1016/j.jand.2023.01.007,68751d343a311b28982701c9,"Household Food Security Survey Module (HFSSM)",9,2,""
pub.1154632430,"Measuring Food Security in the United States for More Than 25 years: History, Methods, Findings, and Opportunities",10.1016/j.jand.2023.01.007,68ea7da0b68f81f17e35ef39,"National Health Interview Survey (NHIS)",8,2,""
pub.1154632430,"Measuring Food Security in the United States for More Than 25 years: History, Methods, Findings, and Opportunities",10.1016/j.jand.2023.01.007,68ea7da0b68f81f17e35ef38,"National Health and Nutrition Examination Survey (NHANES)",8,2,""
pub.1154710455,"Evaluation of Income and Food Insecurity as Risk Factors for Failure to Thrive: An Analysis of National Survey Data",10.1177/00099228221150705,68751d343a311b28982701c9,"Household Food Security Survey Module (HFSSM)",9,8,""
pub.1154710455,"Evaluation of Income and Food Insecurity as Risk Factors for Failure to Thrive: An Analysis of National Survey Data",10.1177/00099228221150705,68ea7da0b68f81f17e35ef38,"National Health and Nutrition Examination Survey (NHANES)",10,10,""
pub.1154831711,"Food security status and breast cancer screening among women in the United States: Evidence from the Health and Retirement Study and Health Care and Nutrition Study",10.1007/s10552-023-01667-1,68751d343a311b28982701c9,"Household Food Security Survey Module (HFSSM)",10,10,""
pub.1154983123,"Dietary Costs among Midwestern Adult Food-Pantry Users by Food-Security Status",10.3390/nu15030680,68751d343a311b28982701c9,"Household Food Security Survey Module (HFSSM)",10,10,""
pub.1154983123,"Dietary Costs among Midwestern Adult Food-Pantry Users by Food-Security Status",10.3390/nu15030680,68ea7da0b68f81f17e35ef38,"National Health and Nutrition Examination Survey (NHANES)",8,2,""
pub.1154983690,"Are Food Hubs Sustainable? An Analysis of Social and Environmental Objectives of U.S. Food Hubs",10.3390/su15032308,68751d343a311b28982701cb,"NASS Census of Agriculture",7,1,""
pub.1155015535,"Grit but Not Help-Seeking Was Associated with Food Insecurity among Low Income, At-Risk Rural Veterans",10.3390/ijerph20032500,68751d343a311b28982701c9,"Household Food Security Survey Module (HFSSM)",9,9,""
pub.1155073278,"Factors Associated with Food Insecurity Among Health Sciences Students During the COVID-19 Pandemic",10.1080/19320248.2023.2174826,68751d343a311b28982701c9,"Household Food Security Survey Module (HFSSM)",10,10,""
pub.1155096176,"Chronic Food Insecurity in US Families With Children",10.1001/jamapediatrics.2022.5820,68751d343a311b28982701c9,"Household Food Security Survey Module (HFSSM)",10,10,""
pub.1155104719,"COVID-19 Benefits and Dietary Behaviors Among Mothers From Low-Income, Food-Insecure Households",10.1016/j.jneb.2022.10.009,68751d343a311b28982701c9,"Household Food Security Survey Module (HFSSM)",10,10,""
pub.1155104719,"COVID-19 Benefits and Dietary Behaviors Among Mothers From Low-Income, Food-Insecure Households",10.1016/j.jneb.2022.10.009,68ea7da0b68f81f17e35ef38,"National Health and Nutrition Examination Survey (NHANES)",10,0,""
pub.1155184884,"The protective effect of SNAP during economic downturns: Evidence from the COVID‐19 pandemic",10.1002/aepp.13345,68751d343a311b28982701d0,"Current Population Survey Food Security Supplement (CPS-FSS)",8,1,""
pub.1155184884,"The protective effect of SNAP during economic downturns: Evidence from the COVID‐19 pandemic",10.1002/aepp.13345,68ea7da0b68f81f17e35ef39,"National Health Interview Survey (NHIS)",9,10,""
pub.1155184884,"The protective effect of SNAP during economic downturns: Evidence from the COVID‐19 pandemic",10.1002/aepp.13345,68ea7da0b68f81f17e35ef38,"National Health and Nutrition Examination Survey (NHANES)",7,1,""
pub.1155381401,"Food Insecurity, the Food Environment, and COVID-19 in Rural South Carolina",10.1097/fch.0000000000000355,68751d343a311b28982701c9,"Household Food Security Survey Module (HFSSM)",10,10,""
pub.1155521462,"Effect of Canada Child Benefit on Food Insecurity: A Propensity Score−Matched Analysis",10.1016/j.amepre.2023.01.027,68751d343a311b28982701c9,"Household Food Security Survey Module (HFSSM)",9,9,""
pub.1155700230,"Profile of a Food-Insecure College Student at a Major Southeastern University: A Randomized Cross-Sectional Study",10.3390/nu15051108,68751d343a311b28982701c9,"Household Food Security Survey Module (HFSSM)",9,9,""
pub.1155710178,"Household food insecurity and childhood obesity/overweight among children with special healthcare needs: Results from a nationally representative sample of 10–17 years old U.S. children",10.1111/ijpo.13015,68751d343a311b28982701d0,"Current Population Survey Food Security Supplement (CPS-FSS)",10,0,""
pub.1155710178,"Household food insecurity and childhood obesity/overweight among children with special healthcare needs: Results from a nationally representative sample of 10–17 years old U.S. children",10.1111/ijpo.13015,68ea7da1b68f81f17e35ef3a,"National Survey of Children's Health (NSCH)",10,10,""
pub.1155852507,"Development and Validation of a Physical Food Security Tool for Older Adults",10.1016/j.tjnut.2023.02.034,68751d343a311b28982701c9,"Household Food Security Survey Module (HFSSM)",10,10,""
pub.1155852507,"Development and Validation of a Physical Food Security Tool for Older Adults",10.1016/j.tjnut.2023.02.034,68ea7da0b68f81f17e35ef38,"National Health and Nutrition Examination Survey (NHANES)",10,10,""
pub.1155885414,"Financial precarity, food insecurity, and psychological distress prospectively linked with use of potentially dangerous dietary supplements during the pandemic in the US",10.3389/fpubh.2023.1120942,68751d343a311b28982701c9,"Household Food Security Survey Module (HFSSM)",9,9,""
pub.1155885414,"Financial precarity, food insecurity, and psychological distress prospectively linked with use of potentially dangerous dietary supplements during the pandemic in the US",10.3389/fpubh.2023.1120942,68ea7da0b68f81f17e35ef38,"National Health and Nutrition Examination Survey (NHANES)",8,1,""
pub.1155892271,"Hospital-Based, Community Teaching Kitchen Integrates Diabetes Education, Culinary Medicine, and Food Assistance: Case Study During the COVID-19 Pandemic",10.1007/s11606-022-07931-5,68751d343a311b28982701d0,"Current Population Survey Food Security Supplement (CPS-FSS)",9,1,""
pub.1155949241,"Disparities and Determinants of Food Insecurity for New Mexico’s Unique Populations",10.1007/s41996-023-00113-3,68751d343a311b28982701d0,"Current Population Survey Food Security Supplement (CPS-FSS)",10,10,""
pub.1155949241,"Disparities and Determinants of Food Insecurity for New Mexico’s Unique Populations",10.1007/s41996-023-00113-3,68ea7da0b68f81f17e35ef38,"National Health and Nutrition Examination Survey (NHANES)",8,0,""
pub.1156108832,"Mental Health, Food Insecurity, and Economic Hardship among College Students during the COVID-19 Pandemic",10.1093/hsw/hlad006,68751d343a311b28982701c9,"Household Food Security Survey Module (HFSSM)",10,10,""
pub.1156148621,"Prevalence and socio-economic determinates of food insecurity in Veterans: findings from National Health and Nutrition Examination Survey",10.1017/s1368980023000538,68751d343a311b28982701d0,"Current Population Survey Food Security Supplement (CPS-FSS)",9,1,""
pub.1156148621,"Prevalence and socio-economic determinates of food insecurity in Veterans: findings from National Health and Nutrition Examination Survey",10.1017/s1368980023000538,68ea7da0b68f81f17e35ef38,"National Health and Nutrition Examination Survey (NHANES)",10,10,""
pub.1156304476,"From Syringes to Dishes: Improving Food Security Through Vaccination",10.2139/ssrn.4390226,68751d343a311b28982701d0,"Current Population Survey Food Security Supplement (CPS-FSS)",10,10,""
pub.1156309782,"Delivering Food Resources and Kitchen Skills (FoRKS) to Adults with Food Insecurity and Hypertension: A Pilot Study",10.3390/nu15061452,68751d343a311b28982701c9,"Household Food Security Survey Module (HFSSM)",10,10,""
pub.1156533500,"Food Insecurity and Adequacy of Dietary Intake in Youth and Young Adults With Youth-Onset Type 1 and Type 2 Diabetes",10.1016/j.jand.2023.03.013,68751d343a311b28982701c9,"Household Food Security Survey Module (HFSSM)",9,9,""
pub.1156640271,"Food insecurity disparities and impact on academic and social experiences among college students at a large public university",10.1080/07448481.2023.2194435,68751d343a311b28982701c9,"Household Food Security Survey Module (HFSSM)",8,1,""
pub.1156640271,"Food insecurity disparities and impact on academic and social experiences among college students at a large public university",10.1080/07448481.2023.2194435,68ea7da0b68f81f17e35ef38,"National Health and Nutrition Examination Survey (NHANES)",7,0,""
pub.1156670981,"Achieving a healthy home food environment: perspectives on parents’ nutrition education needs when living with food insecurity",10.1186/s41110-023-00203-0,68751d343a311b28982701c9,"Household Food Security Survey Module (HFSSM)",9,1,""
pub.1156905867,"Association of Food Insecurity With Multiple Forms of Interpersonal and Self-Directed Violence: A Systematic Review",10.1177/15248380231165689,68751d343a311b28982701c9,"Household Food Security Survey Module (HFSSM)",9,0,""
pub.1156905867,"Association of Food Insecurity With Multiple Forms of Interpersonal and Self-Directed Violence: A Systematic Review",10.1177/15248380231165689,68ea7da0b68f81f17e35ef38,"National Health and Nutrition Examination Survey (NHANES)",9,0,""
pub.1157024996,"Food Insecurity Is Under-reported in Surveys That Ask About the Past Year",10.1016/j.amepre.2023.03.022,68751d343a311b28982701c9,"Household Food Security Survey Module (HFSSM)",9,9,""
pub.1157148955,"Food insecurity and binge eating: A systematic review and meta‐analysis",10.1002/eat.23956,68751d343a311b28982701c9,"Household Food Security Survey Module (HFSSM)",8,0,""
pub.1157357481,"Estimates of Gaps in Supportive Housing Among Racially and Ethnically Diverse Older Adults with Serious Mental Illness in New York City Boroughs: Manhattan, Bronx, and Brooklyn",10.1016/j.jagp.2023.04.006,68751d343a311b28982701c9,"Household Food Security Survey Module (HFSSM)",9,9,""
pub.1157363921,"Medical Mistrust Among Food Insecure Individuals in Appalachia",10.1097/fch.0000000000000362,68751d343a311b28982701c9,"Household Food Security Survey Module (HFSSM)",9,1,""
pub.1157394218,"Association Between Material Hardship in Families With Young Children and Federal Relief Program Participation by Race and Ethnicity and Maternal Nativity",10.1001/jamahealthforum.2023.0508,68751d343a311b28982701c9,"Household Food Security Survey Module (HFSSM)",10,10,""
pub.1157394218,"Association Between Material Hardship in Families With Young Children and Federal Relief Program Participation by Race and Ethnicity and Maternal Nativity",10.1001/jamahealthforum.2023.0508,68ea7da1b68f81f17e35ef3a,"National Survey of Children's Health (NSCH)",8,1,""
pub.1157511620,"Food justice in Vermont’s environmentally vulnerable communities",10.1007/s10460-023-10431-9,68751d343a311b28982701cf,"Food Access Research Atlas (FARA)",9,9,""
pub.1157511620,"Food justice in Vermont’s environmentally vulnerable communities",10.1007/s10460-023-10431-9,68751d343a311b28982701c9,"Household Food Security Survey Module (HFSSM)",8,1,""
pub.1157545443,"Farm to Food Bank: Exploring the Ties between Local Food Producers and Charitable Food Assistance☆",10.1111/ruso.12489,68751d343a311b28982701ce,"Local Food Marketing Practices Survey",9,1,""
pub.1157547909,"New measures to assess the “Other” three pillars of food security–availability, utilization, and stability",10.1186/s12966-023-01451-z,68751d343a311b28982701c9,"Household Food Security Survey Module (HFSSM)",9,9,""
pub.1157570078,"Socio-demographic, maternal, and infant characteristics associated with pacifier use among six-months old infants in Clark County, Nevada",10.1371/journal.pone.0285097,68751d343a311b28982701c9,"Household Food Security Survey Module (HFSSM)",9,8,""
pub.1157585567,"Rationale and design of the linking education, produce provision, and community referrals to improve diabetes care (LINK) study",10.1016/j.cct.2023.107212,68751d343a311b28982701c9,"Household Food Security Survey Module (HFSSM)",9,9,""
pub.1157634112,"Measuring Food Insecurity: The Problem with Semantics",10.3390/foods12091816,68751d343a311b28982701c9,"Household Food Security Survey Module (HFSSM)",9,1,""
pub.1157634112,"Measuring Food Insecurity: The Problem with Semantics",10.3390/foods12091816,68ea7da0b68f81f17e35ef38,"National Health and Nutrition Examination Survey (NHANES)",8,1,""
pub.1157668708,"Social Service Providers’ Perceptions of Older Adults’ Food Access During COVID-19",10.1080/08959420.2023.2205770,68751d353a311b28982701d3,"Rural-Urban Continuum Codes (RUCC)",9,9,""
pub.1157701166,"Something to eat: experiences of food insecurity on the farm",10.1007/s10460-023-10448-0,68751d343a311b28982701c9,"Household Food Security Survey Module (HFSSM)",9,9,""
pub.1157841342,"Promoting Food Systems Paradigm Shifts through Critical Reflexivity: Exploring Interviews as Intervention",10.3390/socsci12050280,68751d343a311b28982701cf,"Food Access Research Atlas (FARA)",8,1,""
pub.1157984123,"Predictors of food insecurity among older adults before and during COVID-19 in the United States",10.3389/fpubh.2023.1112575,68751d353a311b28982701d3,"Rural-Urban Continuum Codes (RUCC)",9,9,""
pub.1157995952,"A Scoping Review of Household Factors Contributing to Dietary Quality and Food Security in Low-Income Households with School-Age Children in the United States",10.1016/j.advnut.2023.05.006,68751d343a311b28982701cc,"Food Acquisition and Purchase Survey (FoodAPS)",9,1,""
pub.1157995952,"A Scoping Review of Household Factors Contributing to Dietary Quality and Food Security in Low-Income Households with School-Age Children in the United States",10.1016/j.advnut.2023.05.006,68ea7da0b68f81f17e35ef38,"National Health and Nutrition Examination Survey (NHANES)",9,1,""
pub.1158051555,"Predictors of Food Insecurity and Childhood Hunger in the Bronx During the COVID-19 Pandemic",10.1007/s10560-023-00927-y,68751d343a311b28982701c9,"Household Food Security Survey Module (HFSSM)",9,9,""
pub.1158131400,"Food Insecurity Is Associated With Urge Urinary Incontinence: An Analysis of the 2005-2010 National Health and Nutrition Examination Survey",10.1097/ju.0000000000003545,68751d343a311b28982701c9,"Household Food Security Survey Module (HFSSM)",9,9,""
pub.1158131400,"Food Insecurity Is Associated With Urge Urinary Incontinence: An Analysis of the 2005-2010 National Health and Nutrition Examination Survey",10.1097/ju.0000000000003545,68ea7da0b68f81f17e35ef38,"National Health and Nutrition Examination Survey (NHANES)",10,10,""
pub.1158155267,"Food insecurity and sleep health by race/ethnicity in the United States",10.1017/jns.2023.18,68751d343a311b28982701c9,"Household Food Security Survey Module (HFSSM)",10,7,""
pub.1158155267,"Food insecurity and sleep health by race/ethnicity in the United States",10.1017/jns.2023.18,68ea7da0b68f81f17e35ef39,"National Health Interview Survey (NHIS)",10,10,""
pub.1158155267,"Food insecurity and sleep health by race/ethnicity in the United States",10.1017/jns.2023.18,68ea7da0b68f81f17e35ef38,"National Health and Nutrition Examination Survey (NHANES)",8,0,""
pub.1158196198,"Food insecurity among youth seeking eating disorder treatment",10.1016/j.eatbeh.2023.101738,68751d343a311b28982701cf,"Food Access Research Atlas (FARA)",8,2,""
pub.1158340707,"Household food insecurity during the COVID-19 pandemic is associated with anxiety and depression among US- and foreign-born adults: Findings from a nationwide survey",10.1016/j.jad.2023.05.081,68751d343a311b28982701c9,"Household Food Security Survey Module (HFSSM)",10,10,""
pub.1158401188,"A Qualitative Analysis of Eating Behaviors Among Food Insecure College Students",10.1016/j.jneb.2023.04.009,68751d343a311b28982701c9,"Household Food Security Survey Module (HFSSM)",9,8,""
pub.1158443597,"Connecting the Dots between Barriers to W.I.C. Access and Adult and Child Food Insecurity: A Survey of Missouri Residents",10.3390/nu15112496,68751d343a311b28982701c9,"Household Food Security Survey Module (HFSSM)",9,8,""
pub.1158464207,"The association between language use and food insecurity among Hispanic adults residing in the USA depends on nativity",10.1017/s1368980023000885,68751d343a311b28982701c9,"Household Food Security Survey Module (HFSSM)",10,10,""
pub.1158464207,"The association between language use and food insecurity among Hispanic adults residing in the USA depends on nativity",10.1017/s1368980023000885,68ea7da0b68f81f17e35ef38,"National Health and Nutrition Examination Survey (NHANES)",10,10,""
pub.1158506482,"The role of sexual orientation in the relationships among food insecurity, food literacy, and disordered eating",10.1016/j.eatbeh.2023.101757,68751d343a311b28982701c9,"Household Food Security Survey Module (HFSSM)",9,9,""
pub.1158539195,"College students with disabilities report higher rates of food insecurity",10.1016/j.dhjo.2023.101485,68751d343a311b28982701c9,"Household Food Security Survey Module (HFSSM)",10,10,""
pub.1158539195,"College students with disabilities report higher rates of food insecurity",10.1016/j.dhjo.2023.101485,68ea7da0b68f81f17e35ef39,"National Health Interview Survey (NHIS)",8,0,""
pub.1158539195,"College students with disabilities report higher rates of food insecurity",10.1016/j.dhjo.2023.101485,68ea7da0b68f81f17e35ef38,"National Health and Nutrition Examination Survey (NHANES)",8,0,""
pub.1158539195,"College students with disabilities report higher rates of food insecurity",10.1016/j.dhjo.2023.101485,68ea7da1b68f81f17e35ef3a,"National Survey of Children's Health (NSCH)",8,0,""
pub.1158635493,"Home food procurement associated with improved food security during the COVID-19 pandemic",10.1101/2023.06.01.23290848,68751d343a311b28982701c9,"Household Food Security Survey Module (HFSSM)",9,9,""
pub.1158654317,"Food insecurity among households with children during the early months of the COVID-19 pandemic",10.5304/jafscd.2023.123.015,68751d343a311b28982701c9,"Household Food Security Survey Module (HFSSM)",10,10,""
pub.1158724600,"Food Insecurity Disparities Among Immigrants in the U.S.",10.1016/j.focus.2023.100113,68751d343a311b28982701c9,"Household Food Security Survey Module (HFSSM)",9,9,""
pub.1158724600,"Food Insecurity Disparities Among Immigrants in the U.S.",10.1016/j.focus.2023.100113,68ea7da0b68f81f17e35ef39,"National Health Interview Survey (NHIS)",10,10,""
pub.1158781088,"Diet and Food and Nutrition Insecurity and Cardiometabolic Disease",10.1161/circresaha.123.322065,68751d343a311b28982701d0,"Current Population Survey Food Security Supplement (CPS-FSS)",9,1,""
pub.1158781088,"Diet and Food and Nutrition Insecurity and Cardiometabolic Disease",10.1161/circresaha.123.322065,68751d343a311b28982701c9,"Household Food Security Survey Module (HFSSM)",9,1,""
pub.1158781088,"Diet and Food and Nutrition Insecurity and Cardiometabolic Disease",10.1161/circresaha.123.322065,68ea7da0b68f81f17e35ef38,"National Health and Nutrition Examination Survey (NHANES)",8,1,""
pub.1159412279,"Historic Residential Redlining and Present-Day Social Determinants of Health, Home Evictions, and Food Insecurity within US Neighborhoods",10.1007/s11606-023-08258-5,68751d343a311b28982701cf,"Food Access Research Atlas (FARA)",9,9,""
pub.1159467568,"Child Care Feeding Programs Associated With Food Security and Health for Young Children From Families With Low Incomes",10.1016/j.jand.2023.06.003,68751d343a311b28982701c9,"Household Food Security Survey Module (HFSSM)",9,9,""
pub.1159467568,"Child Care Feeding Programs Associated With Food Security and Health for Young Children From Families With Low Incomes",10.1016/j.jand.2023.06.003,68ea7da0b68f81f17e35ef38,"National Health and Nutrition Examination Survey (NHANES)",8,1,""
pub.1159730904,"Food Insecurity in the United States: Measurement, Economic Modeling, and Food Assistance Effectiveness",10.1146/annurev-resource-101422-090409,68751d343a311b28982701d0,"Current Population Survey Food Security Supplement (CPS-FSS)",10,10,""
pub.1159730904,"Food Insecurity in the United States: Measurement, Economic Modeling, and Food Assistance Effectiveness",10.1146/annurev-resource-101422-090409,68ea7da0b68f81f17e35ef38,"National Health and Nutrition Examination Survey (NHANES)",10,10,""
pub.1159882665,"Food Insecurity and Chronic Kidney Disease: Considerations for Practitioners",10.1053/j.jrn.2023.06.001,68751d343a311b28982701c9,"Household Food Security Survey Module (HFSSM)",8,1,""
pub.1159882665,"Food Insecurity and Chronic Kidney Disease: Considerations for Practitioners",10.1053/j.jrn.2023.06.001,68ea7da0b68f81f17e35ef38,"National Health and Nutrition Examination Survey (NHANES)",8,1,""
pub.1160024027,"Immigration Status, Legal Vulnerability, and Suicidal/Self-harm Ideation Disparities Among Immigrant-Origin Latinx Young Adults in the U.S.",10.1007/s40615-023-01682-7,68751d343a311b28982701c9,"Household Food Security Survey Module (HFSSM)",9,9,""
pub.1160039136,"Relationship between food insecurity and a gestational diabetes risk reduction intervention: outcomes among American Indian and Alaska Native adolescent and young adult females",10.1093/tbm/ibad029,68751d343a311b28982701d0,"Current Population Survey Food Security Supplement (CPS-FSS)",6,1,""
pub.1160039136,"Relationship between food insecurity and a gestational diabetes risk reduction intervention: outcomes among American Indian and Alaska Native adolescent and young adult females",10.1093/tbm/ibad029,68751d343a311b28982701c9,"Household Food Security Survey Module (HFSSM)",9,9,""
pub.1160045069,"Food Insecurity and Diabetes: Overview of Intersections and Potential Dual Solutions",10.2337/dci23-0002,68751d343a311b28982701d0,"Current Population Survey Food Security Supplement (CPS-FSS)",9,1,""
pub.1160045069,"Food Insecurity and Diabetes: Overview of Intersections and Potential Dual Solutions",10.2337/dci23-0002,68ea7da0b68f81f17e35ef39,"National Health Interview Survey (NHIS)",9,1,""
pub.1160045069,"Food Insecurity and Diabetes: Overview of Intersections and Potential Dual Solutions",10.2337/dci23-0002,68ea7da0b68f81f17e35ef38,"National Health and Nutrition Examination Survey (NHANES)",9,1,""
pub.1160229565,"The impact of the 2021 Thrifty Food Plan benefit re-evaluation on SNAP participants’ short-term food security and health outcomes",10.3389/fpubh.2023.1142577,68751d343a311b28982701c9,"Household Food Security Survey Module (HFSSM)",10,10,""
pub.1160266849,"Disparities in Cardiovascular Health by Food Security Status and Supplemental Nutrition Assistance Program Participation Using Life’s Essential 8 Metrics",10.1001/jamanetworkopen.2023.21375,68751d343a311b28982701c9,"Household Food Security Survey Module (HFSSM)",10,10,""
pub.1160266849,"Disparities in Cardiovascular Health by Food Security Status and Supplemental Nutrition Assistance Program Participation Using Life’s Essential 8 Metrics",10.1001/jamanetworkopen.2023.21375,68ea7da0b68f81f17e35ef38,"National Health and Nutrition Examination Survey (NHANES)",10,10,""
pub.1160300597,"Food Insecurity Is Associated With Dysfunctional Eating Behaviors Among Adults in Puerto Rico",10.1016/j.jneb.2023.05.255,68751d343a311b28982701c9,"Household Food Security Survey Module (HFSSM)",9,9,""
pub.1160500052,"Assessing Change in Food Insecurity Status Among People Seeking Emergency Food Assistance During the COVID-19 Pandemic",10.1016/j.jneb.2023.05.073,68751d343a311b28982701c9,"Household Food Security Survey Module (HFSSM)",10,10,""
pub.1160502497,"Associations Between Food Insecurity, Dietary Intakes, and Health Parameters Among Mexican American and Other Hispanic Adults",10.1016/j.jneb.2023.05.037,68751d343a311b28982701c9,"Household Food Security Survey Module (HFSSM)",9,9,""
pub.1160502497,"Associations Between Food Insecurity, Dietary Intakes, and Health Parameters Among Mexican American and Other Hispanic Adults",10.1016/j.jneb.2023.05.037,68ea7da0b68f81f17e35ef38,"National Health and Nutrition Examination Survey (NHANES)",10,10,""
pub.1160502649,"Barriers to and Facilitators of Farmers’ Markets Use Among Low-Income U.S. Households: A Qualitative Systematic Review",10.1016/j.jneb.2023.05.006,68751d343a311b28982701cb,"NASS Census of Agriculture",10,10,""
pub.1160503266,"A Research/Engagement Study Maximizing Nutrition Education to Meet Child and Parent Dietary Quality and Food Security Needs",10.1016/j.jneb.2023.05.225,68751d343a311b28982701c9,"Household Food Security Survey Module (HFSSM)",9,9,""
pub.1160505811,"The Impact of FNAPs on Young Children's Food Environment in ECEs: A Systematic Review Using the RE-AIM Framework",10.1016/j.jneb.2023.05.092,68751d343a311b28982701c9,"Household Food Security Survey Module (HFSSM)",9,9,""
pub.1160561963,"Differentials and predictors of food insecurity among Federally Qualified Health Center target populations in Philadelphia: a cross-sectional study",10.1186/s12889-023-16208-3,68751d343a311b28982701c9,"Household Food Security Survey Module (HFSSM)",8,1,""
pub.1160582350,"Adverse childhood experiences and food insecurity in emerging adulthood: findings from the EAT 2010–2018 study",10.1017/s1368980023001349,68751d343a311b28982701c9,"Household Food Security Survey Module (HFSSM)",9,1,""
pub.1160820973,"Temporal changes in bio-behavioral and glycemic outcomes following a produce prescription program among predominantly Hispanic/Latino adults with or at risk of type 2 diabetes",10.1016/j.heliyon.2023.e18440,68751d343a311b28982701c9,"Household Food Security Survey Module (HFSSM)",8,1,""
pub.1160820973,"Temporal changes in bio-behavioral and glycemic outcomes following a produce prescription program among predominantly Hispanic/Latino adults with or at risk of type 2 diabetes",10.1016/j.heliyon.2023.e18440,68ea7da0b68f81f17e35ef38,"National Health and Nutrition Examination Survey (NHANES)",9,1,""
pub.1162266972,"Spatial characteristics of food insecurity and food access in Los Angeles County during the COVID-19 pandemic",10.1007/s12571-023-01381-5,68751d343a311b28982701cf,"Food Access Research Atlas (FARA)",9,9,""
pub.1162679558,"The Link Between Intimate Partner Violence and Food Insecurity: A Review of Quantitative and Qualitative Studies",10.1177/15248380231186152,68751d343a311b28982701c9,"Household Food Security Survey Module (HFSSM)",9,1,""
pub.1163082230,"Disparities in food insecurity between sexual minority and heterosexual adults – a higher burden on bisexual individuals",10.3389/fpubh.2023.1237091,68751d343a311b28982701c9,"Household Food Security Survey Module (HFSSM)",8,1,""
pub.1163082230,"Disparities in food insecurity between sexual minority and heterosexual adults – a higher burden on bisexual individuals",10.3389/fpubh.2023.1237091,68ea7da0b68f81f17e35ef39,"National Health Interview Survey (NHIS)",10,10,""
pub.1163082230,"Disparities in food insecurity between sexual minority and heterosexual adults – a higher burden on bisexual individuals",10.3389/fpubh.2023.1237091,68ea7da0b68f81f17e35ef38,"National Health and Nutrition Examination Survey (NHANES)",7,1,""
pub.1163091183,"Participation in the Georgia Food for Health programme and CVD risk factors: a longitudinal observational study",10.1017/s1368980023001611,68751d343a311b28982701c9,"Household Food Security Survey Module (HFSSM)",9,8,""
pub.1163092348,"Food insecurity and subjective cognitive complaints among adults aged ≥ 65 years from low- and middle-income countries",10.1007/s00394-023-03226-5,68751d343a311b28982701c9,"Household Food Security Survey Module (HFSSM)",9,1,""
pub.1163092348,"Food insecurity and subjective cognitive complaints among adults aged ≥ 65 years from low- and middle-income countries",10.1007/s00394-023-03226-5,68ea7da0b68f81f17e35ef38,"National Health and Nutrition Examination Survey (NHANES)",9,1,""
pub.1163123270,"Associations between cooking self-efficacy, attitude, and behaviors among people living alone: A cross-sectional survey analysis",10.1016/j.appet.2023.106999,68751d343a311b28982701c9,"Household Food Security Survey Module (HFSSM)",9,2,""
pub.1163123270,"Associations between cooking self-efficacy, attitude, and behaviors among people living alone: A cross-sectional survey analysis",10.1016/j.appet.2023.106999,68ea7da0b68f81f17e35ef38,"National Health and Nutrition Examination Survey (NHANES)",9,2,""
pub.1163193581,"“Where’s the need?” Charitable food assistance resources – placement and access challenges – Lessons from the field",10.1007/s10389-023-02048-3,68751d343a311b28982701cc,"Food Acquisition and Purchase Survey (FoodAPS)",8,1,""
pub.1163193581,"“Where’s the need?” Charitable food assistance resources – placement and access challenges – Lessons from the field",10.1007/s10389-023-02048-3,68ea7da0b68f81f17e35ef38,"National Health and Nutrition Examination Survey (NHANES)",8,1,""
pub.1163285931,"A Scoping Review of Nutritional Biomarkers Associated with Food Security",10.3390/nu15163576,68751d343a311b28982701cf,"Food Access Research Atlas (FARA)",9,1,""
pub.1163285931,"A Scoping Review of Nutritional Biomarkers Associated with Food Security",10.3390/nu15163576,68751d343a311b28982701c9,"Household Food Security Survey Module (HFSSM)",9,1,""
pub.1163285931,"A Scoping Review of Nutritional Biomarkers Associated with Food Security",10.3390/nu15163576,68ea7da0b68f81f17e35ef38,"National Health and Nutrition Examination Survey (NHANES)",9,1,""
pub.1163337847,"Food Security, Housing Instability, and Energy Security of Women Caring for Children in Maritime Canada",10.1016/j.jand.2023.06.219,68751d343a311b28982701c9,"Household Food Security Survey Module (HFSSM)",9,9,""
pub.1163366522,"Using Community-Based Participatory Research Methods to Inform the Development of Medically Tailored Food Kits for Hispanic/Latine Adults with Hypertension: A Qualitative Study",10.3390/nu15163600,68751d343a311b28982701c9,"Household Food Security Survey Module (HFSSM)",9,9,""
pub.1163378112,"Dietary Intake and Quality among Stroke Survivors: NHANES 1999–2018",10.1016/j.tjnut.2023.08.015,68751d343a311b28982701c9,"Household Food Security Survey Module (HFSSM)",10,10,""
pub.1163378112,"Dietary Intake and Quality among Stroke Survivors: NHANES 1999–2018",10.1016/j.tjnut.2023.08.015,68ea7da0b68f81f17e35ef38,"National Health and Nutrition Examination Survey (NHANES)",10,10,""
pub.1163450658,"Local food systems and health interventions: an exploratory study of farmers perspectives on food prescription programs in the Mississippi delta",10.1080/13549839.2023.2249512,68751d343a311b28982701cb,"NASS Census of Agriculture",9,1,""
pub.1163450658,"Local food systems and health interventions: an exploratory study of farmers perspectives on food prescription programs in the Mississippi delta",10.1080/13549839.2023.2249512,68ea7da0b68f81f17e35ef38,"National Health and Nutrition Examination Survey (NHANES)",9,1,""
pub.1163756568,"Assessing Patient and Community-Level Social Factors; The Synergistic Effect of Social Needs and Social Determinants of Health on Healthcare Utilization at a Multilevel Academic Healthcare System",10.1007/s10916-023-01990-9,68751d343a311b28982701cf,"Food Access Research Atlas (FARA)",9,9,""
pub.1163758944,"Prenatal Risks to Healthy Food Access and High Birthweight Outcomes",10.1016/j.acap.2023.08.017,68751d343a311b28982701c9,"Household Food Security Survey Module (HFSSM)",10,10,""
pub.1163847241,"Wild and backyard food use during COVID-19 in upstate New York, United States",10.3389/fnut.2023.1222610,68751d343a311b28982701c9,"Household Food Security Survey Module (HFSSM)",9,9,""
pub.1164024502,"Sugar-sweetened beverage intake and convenience store shopping as mediators of the food insecurity–Tooth decay relationship among low-income children in Washington state",10.1371/journal.pone.0290287,68751d343a311b28982701c9,"Household Food Security Survey Module (HFSSM)",8,1,""
pub.1164024502,"Sugar-sweetened beverage intake and convenience store shopping as mediators of the food insecurity–Tooth decay relationship among low-income children in Washington state",10.1371/journal.pone.0290287,68ea7da0b68f81f17e35ef38,"National Health and Nutrition Examination Survey (NHANES)",7,1,""
pub.1164039784,"Evaluation of food security status, psychological well-being, and stress on BMI and diet-related behaviors among a sample of college students",10.1016/j.puhe.2023.08.015,68751d343a311b28982701c9,"Household Food Security Survey Module (HFSSM)",9,9,""
pub.1164083721,"Food Insecurity in the Elective Enhanced Recovery After Surgery Colorectal Surgical Population: Prevalence and Implications for Surgical Outcomes",10.1177/00031348231198122,68751d343a311b28982701c9,"Household Food Security Survey Module (HFSSM)",10,10,""
pub.1164128783,"Household Food Insecurity and Cognition in Youth and Young Adults with Youth‐Onset Diabetes",10.1155/2023/6382663,68751d343a311b28982701c9,"Household Food Security Survey Module (HFSSM)",10,10,""
pub.1164165405,"Measuring Food Security among American Indian and Alaska Native Adults: Validity Evidence Supports the Use of the US Department of Agriculture Module",10.1016/j.jand.2023.02.017,68751d343a311b28982701cc,"Food Acquisition and Purchase Survey (FoodAPS)",6,0,""
pub.1164165405,"Measuring Food Security among American Indian and Alaska Native Adults: Validity Evidence Supports the Use of the US Department of Agriculture Module",10.1016/j.jand.2023.02.017,68751d343a311b28982701c9,"Household Food Security Survey Module (HFSSM)",9,9,""
pub.1164165405,"Measuring Food Security among American Indian and Alaska Native Adults: Validity Evidence Supports the Use of the US Department of Agriculture Module",10.1016/j.jand.2023.02.017,68ea7da0b68f81f17e35ef39,"National Health Interview Survey (NHIS)",9,9,""
pub.1164165615,"Development and Validation of an Abbreviated Child and Adult Food Security Scale for Use in Clinical and Research Settings in the United States",10.1016/j.jand.2023.02.004,68751d343a311b28982701c9,"Household Food Security Survey Module (HFSSM)",10,10,""
pub.1164165615,"Development and Validation of an Abbreviated Child and Adult Food Security Scale for Use in Clinical and Research Settings in the United States",10.1016/j.jand.2023.02.004,68ea7da0b68f81f17e35ef38,"National Health and Nutrition Examination Survey (NHANES)",8,0,""
pub.1164165748,"How do Latina/o Parents Interpret and Respond to the US Household Food Security Survey Module? A Qualitative Cognitive Interviewing Study",10.1016/j.jand.2023.07.007,68751d343a311b28982701c9,"Household Food Security Survey Module (HFSSM)",9,1,""
pub.1164167423,"A Mixed-Methods Approach to the Development of a Disaster Food Security Framework",10.1016/j.jand.2023.05.005,68751d343a311b28982701c9,"Household Food Security Survey Module (HFSSM)",10,10,""
pub.1164167570,"Developing New Scales of Personal Food Security",10.1016/j.jand.2023.04.001,68751d343a311b28982701c9,"Household Food Security Survey Module (HFSSM)",10,9,""
pub.1164167570,"Developing New Scales of Personal Food Security",10.1016/j.jand.2023.04.001,68ea7da0b68f81f17e35ef38,"National Health and Nutrition Examination Survey (NHANES)",10,10,""
pub.1164235716,"Low-Income Asian Americans: High Levels Of Food Insecurity And Low Participation In The CalFresh Nutrition Program",10.1377/hlthaff.2023.00116,68751d343a311b28982701c9,"Household Food Security Survey Module (HFSSM)",10,10,""
pub.1164235716,"Low-Income Asian Americans: High Levels Of Food Insecurity And Low Participation In The CalFresh Nutrition Program",10.1377/hlthaff.2023.00116,68ea7da0b68f81f17e35ef38,"National Health and Nutrition Examination Survey (NHANES)",9,0,""
pub.1164271845,"Campus Food Pantry Use May Improve Daily Frequency of Fruit and Vegetable Intake Among California University Students Experiencing Food Insecurity",10.1016/j.jand.2023.09.009,68751d343a311b28982701c9,"Household Food Security Survey Module (HFSSM)",10,10,""
pub.1164271845,"Campus Food Pantry Use May Improve Daily Frequency of Fruit and Vegetable Intake Among California University Students Experiencing Food Insecurity",10.1016/j.jand.2023.09.009,68ea7da0b68f81f17e35ef38,"National Health and Nutrition Examination Survey (NHANES)",8,2,""
pub.1164271925,"An Examination of Food Insecurity within Connecticut’s Public University System",10.1080/10875549.2023.2259890,68751d343a311b28982701c9,"Household Food Security Survey Module (HFSSM)",9,9,""
pub.1164307132,"Exploring the Association Between Indicators of Socioeconomic Instability, Survival Sex, and Methamphetamine Use Among Young Adult Black Gay, Bisexual, and Other Men Who Have Sex With Men: A Cross-Sectional Study",10.1097/jnc.0000000000000428,68751d343a311b28982701c9,"Household Food Security Survey Module (HFSSM)",10,10,""
pub.1164356490,"Exploring the Connection Between Food Insecurity and Sexual Victimization Among College Students",10.1080/15388220.2023.2261361,68751d343a311b28982701c9,"Household Food Security Survey Module (HFSSM)",9,9,""
pub.1164514684,"Examination of an Online Cooking Education Program to Improve Shopping Skills, Attitudes toward Cooking, and Cooking Confidence among WIC Participants",10.3390/nu15194177,68751d343a311b28982701c9,"Household Food Security Survey Module (HFSSM)",9,10,""
pub.1164601861,"Gender, skin color, and household composition explain inequities in household food insecurity in Brazil",10.1371/journal.pgph.0002324,68751d343a311b28982701c9,"Household Food Security Survey Module (HFSSM)",8,1,""
pub.1164613672,"Food is medicine intervention shows promise for engaging patients attending a safety-net hospital in the Southeast United States",10.3389/fpubh.2023.1251912,68751d343a311b28982701c9,"Household Food Security Survey Module (HFSSM)",9,9,""
pub.1164726171,"Association of Food Insecurity Status with Resolution of Mental Health Conditions in Children and Adolescents",10.1097/dbp.0000000000001212,68751d343a311b28982701c9,"Household Food Security Survey Module (HFSSM)",8,1,""
pub.1164726171,"Association of Food Insecurity Status with Resolution of Mental Health Conditions in Children and Adolescents",10.1097/dbp.0000000000001212,68ea7da0b68f81f17e35ef38,"National Health and Nutrition Examination Survey (NHANES)",7,1,""
pub.1164726171,"Association of Food Insecurity Status with Resolution of Mental Health Conditions in Children and Adolescents",10.1097/dbp.0000000000001212,68ea7da1b68f81f17e35ef3a,"National Survey of Children's Health (NSCH)",9,9,""
pub.1164792311,"Food laborers as stewards of island biocultural diversity: reclaiming local knowledge, food sovereignty, and decolonization",10.3389/fsufs.2023.1093341,68751d343a311b28982701cb,"NASS Census of Agriculture",9,1,""
pub.1164911427,"Associations between food insecurity and child and parental physical, nutritional, psychosocial and economic well‐being globally during the first 1000 days: A scoping review",10.1111/mcn.13574,68751d343a311b28982701c9,"Household Food Security Survey Module (HFSSM)",8,0,""
pub.1164911427,"Associations between food insecurity and child and parental physical, nutritional, psychosocial and economic well‐being globally during the first 1000 days: A scoping review",10.1111/mcn.13574,68ea7da0b68f81f17e35ef38,"National Health and Nutrition Examination Survey (NHANES)",6,0,""
pub.1165062648,"Associations Between Food Security and Social Determinants of Health with Dietary Intakes – A Pilot Study",10.1080/19320248.2023.2266687,68751d343a311b28982701c9,"Household Food Security Survey Module (HFSSM)",10,10,""
pub.1165062648,"Associations Between Food Security and Social Determinants of Health with Dietary Intakes – A Pilot Study",10.1080/19320248.2023.2266687,68ea7da0b68f81f17e35ef38,"National Health and Nutrition Examination Survey (NHANES)",8,0,""
pub.1165143455,"Parenting students and indicators of financial stability, health, and academic success: Findings from a population-based sample of public urban university students",10.21203/rs.3.rs-3437944/v1,68751d343a311b28982701c9,"Household Food Security Survey Module (HFSSM)",8,2,""
pub.1165215177,"Food security dynamics in the United States, 2001–2017",10.1111/ajae.12433,68751d343a311b28982701d0,"Current Population Survey Food Security Supplement (CPS-FSS)",9,1,""
pub.1165215177,"Food security dynamics in the United States, 2001–2017",10.1111/ajae.12433,68751d343a311b28982701c9,"Household Food Security Survey Module (HFSSM)",9,8,""
pub.1165329272,"Effect of a Social Care Intervention on Health Care Experiences of Caregivers of Hospitalized Children",10.1001/jamapediatrics.2023.4596,68751d343a311b28982701c9,"Household Food Security Survey Module (HFSSM)",10,10,""
pub.1165363177,"The FINDING-Food Intervention: A Mixed-Methods Feasibility Study Addressing Food Insecurity",10.3390/challe14040043,68751d343a311b28982701c9,"Household Food Security Survey Module (HFSSM)",9,9,""
pub.1165363177,"The FINDING-Food Intervention: A Mixed-Methods Feasibility Study Addressing Food Insecurity",10.3390/challe14040043,68ea7da0b68f81f17e35ef38,"National Health and Nutrition Examination Survey (NHANES)",8,1,""
pub.1165390428,"Testing Race Differences in Risk of Gestational Diabetes Mellitus Associated with Household Food Insecurity (Using NHANES 2007–2018)",10.1055/s-0043-1776351,68751d343a311b28982701cc,"Food Acquisition and Purchase Survey (FoodAPS)",9,1,""
pub.1165390428,"Testing Race Differences in Risk of Gestational Diabetes Mellitus Associated with Household Food Insecurity (Using NHANES 2007–2018)",10.1055/s-0043-1776351,68ea7da0b68f81f17e35ef38,"National Health and Nutrition Examination Survey (NHANES)",10,10,""
pub.1165573084,"Food Insecurity and Pediatric Nonalcoholic Fatty Liver Disease Severity",10.1016/j.jpeds.2023.113818,68751d343a311b28982701c9,"Household Food Security Survey Module (HFSSM)",10,10,""
pub.1165573889,"Food insecurity and allergic diseases: A call to collective action",10.1016/j.jaci.2023.10.019,68751d343a311b28982701d0,"Current Population Survey Food Security Supplement (CPS-FSS)",8,1,""
pub.1165573889,"Food insecurity and allergic diseases: A call to collective action",10.1016/j.jaci.2023.10.019,68ea7da0b68f81f17e35ef38,"National Health and Nutrition Examination Survey (NHANES)",8,1,""
pub.1165706556,"Food insecurity among adult females with a history of breast cancer compared to adult females without cancer in the USA",10.1007/s11764-023-01481-3,68751d343a311b28982701c9,"Household Food Security Survey Module (HFSSM)",9,9,""
pub.1165706556,"Food insecurity among adult females with a history of breast cancer compared to adult females without cancer in the USA",10.1007/s11764-023-01481-3,68ea7da0b68f81f17e35ef39,"National Health Interview Survey (NHIS)",10,10,""
pub.1165706556,"Food insecurity among adult females with a history of breast cancer compared to adult females without cancer in the USA",10.1007/s11764-023-01481-3,68ea7da0b68f81f17e35ef38,"National Health and Nutrition Examination Survey (NHANES)",8,1,""
pub.1165905202,"Trends in Food Insecurity Among Households with Children Participating in WIC and SNAP in California, 2005–2017",10.1007/s10995-023-03829-8,68751d343a311b28982701c9,"Household Food Security Survey Module (HFSSM)",10,10,""
pub.1165945997,"Community Investments and Diet-Related Outcomes: A Longitudinal Study of Residents of Two Urban Neighborhoods",10.1016/j.amepre.2023.11.005,68751d343a311b28982701c9,"Household Food Security Survey Module (HFSSM)",8,8,""
pub.1166063765,"Food Insecurity, Memory, and Dementia Among US Adults Aged 50 Years and Older",10.1001/jamanetworkopen.2023.44186,68751d343a311b28982701c9,"Household Food Security Survey Module (HFSSM)",9,9,""
pub.1166063765,"Food Insecurity, Memory, and Dementia Among US Adults Aged 50 Years and Older",10.1001/jamanetworkopen.2023.44186,68ea7da0b68f81f17e35ef38,"National Health and Nutrition Examination Survey (NHANES)",6,1,""
pub.1166094883,"Food Insecurity, Race and Ethnicity, and Cognitive Function Among United States Older Adults",10.1016/j.tjnut.2023.11.015,68751d343a311b28982701c9,"Household Food Security Survey Module (HFSSM)",9,9,""
pub.1166094883,"Food Insecurity, Race and Ethnicity, and Cognitive Function Among United States Older Adults",10.1016/j.tjnut.2023.11.015,68ea7da0b68f81f17e35ef38,"National Health and Nutrition Examination Survey (NHANES)",8,1,""
pub.1166148913,"Food Insecurity and Food Addiction in a Large, National Sample of Lower-Income Adults",10.1016/j.cdnut.2023.102036,68751d343a311b28982701c9,"Household Food Security Survey Module (HFSSM)",9,1,""
pub.1166216328,"Precision Agriculture (PA) techniques for smallholder farmers in the US: status and potential opportunities",10.2991/978-94-6463-282-8_19,68751d343a311b28982701cb,"NASS Census of Agriculture",8,1,""
pub.1166292116,"High Prevalence of Food Insecurity and Related Disparities Among US College and University Students From 2015–2019",10.1016/j.jneb.2023.10.013,68751d343a311b28982701c9,"Household Food Security Survey Module (HFSSM)",10,10,""
pub.1166292116,"High Prevalence of Food Insecurity and Related Disparities Among US College and University Students From 2015–2019",10.1016/j.jneb.2023.10.013,68ea7da0b68f81f17e35ef38,"National Health and Nutrition Examination Survey (NHANES)",8,1,""
pub.1166355998,"Income and food insecurity among SNAP recipients: a consideration of the SNAP benefit formula",10.1093/erae/jbad039,68751d343a311b28982701cc,"Food Acquisition and Purchase Survey (FoodAPS)",8,1,""
pub.1166355998,"Income and food insecurity among SNAP recipients: a consideration of the SNAP benefit formula",10.1093/erae/jbad039,68751d343a311b28982701c9,"Household Food Security Survey Module (HFSSM)",7,1,""
pub.1166355998,"Income and food insecurity among SNAP recipients: a consideration of the SNAP benefit formula",10.1093/erae/jbad039,68ea7da0b68f81f17e35ef38,"National Health and Nutrition Examination Survey (NHANES)",6,1,""
pub.1166528802,"Time-Trends in Food Insecurity Among US-Born and Foreign-Born Hispanic Adults by Language Use: An Analysis of National Health and Nutrition Examination Survey Data, 1999-2018",10.1016/j.jand.2023.11.019,68751d343a311b28982701c9,"Household Food Security Survey Module (HFSSM)",10,10,""
pub.1166528802,"Time-Trends in Food Insecurity Among US-Born and Foreign-Born Hispanic Adults by Language Use: An Analysis of National Health and Nutrition Examination Survey Data, 1999-2018",10.1016/j.jand.2023.11.019,68ea7da0b68f81f17e35ef38,"National Health and Nutrition Examination Survey (NHANES)",10,10,""
pub.1166624456,"Medicaid generosity and food hardship among children",10.1002/pam.22557,68751d343a311b28982701d0,"Current Population Survey Food Security Supplement (CPS-FSS)",10,10,""
pub.1166654453,"A Systematic Review of Interventions for Obesity Among Adults With Food Insecurity",10.1097/jcn.0000000000001028,68751d343a311b28982701c9,"Household Food Security Survey Module (HFSSM)",8,1,""
pub.1166678729,"Material Hardship, Labor Market Characteristics and Substantiated Child Maltreatment: A Bayesian Spatiotemporal Analysis",10.1016/j.childyouth.2023.107371,68751d343a311b28982701cf,"Food Access Research Atlas (FARA)",9,9,""
pub.1166767548,"Food Insecurity, Neighborhood Disadvantage, and Hospital Readmission in Health System Adults",10.1097/nur.0000000000000794,68751d343a311b28982701cf,"Food Access Research Atlas (FARA)",10,10,""
pub.1166827530,"Understanding food insecurity risk in the United States: A longitudinal analysis",10.1016/j.ssmph.2023.101569,68751d343a311b28982701c9,"Household Food Security Survey Module (HFSSM)",9,10,""
pub.1166827530,"Understanding food insecurity risk in the United States: A longitudinal analysis",10.1016/j.ssmph.2023.101569,68ea7da0b68f81f17e35ef38,"National Health and Nutrition Examination Survey (NHANES)",7,0,""
pub.1166828079,"Exploring Sociodemographic and Chronic Disease Factors Associated With Chronic, Seasonal, Intramonthly, and Intermittent Presentations of Food Security Instability",10.1016/j.jand.2023.12.002,68751d343a311b28982701c9,"Household Food Security Survey Module (HFSSM)",10,10,""
pub.1166849382,"Self-Reported Food Security in Adolescents with Type 1 Diabetes: Association with Hemoglobin A1c and Mental Health Symptoms Independent of Household Food Security",10.1016/j.tjnut.2023.12.006,68751d343a311b28982701c9,"Household Food Security Survey Module (HFSSM)",10,10,""
pub.1167022869,"Food Insecurity in Urban American Indian and Alaska Native Populations During the COVID-19 Pandemic",10.21203/rs.3.rs-3711655/v1,68751d343a311b28982701d0,"Current Population Survey Food Security Supplement (CPS-FSS)",8,1,""
pub.1167022869,"Food Insecurity in Urban American Indian and Alaska Native Populations During the COVID-19 Pandemic",10.21203/rs.3.rs-3711655/v1,68ea7da0b68f81f17e35ef39,"National Health Interview Survey (NHIS)",9,1,""
pub.1167095246,"An Increase in Food Insecurity Correlated with an Increase in Plasma Triglycerides among Latinx Children",10.1016/j.tjnut.2023.12.024,68751d343a311b28982701c9,"Household Food Security Survey Module (HFSSM)",10,10,""
pub.1167095246,"An Increase in Food Insecurity Correlated with an Increase in Plasma Triglycerides among Latinx Children",10.1016/j.tjnut.2023.12.024,68ea7da0b68f81f17e35ef38,"National Health and Nutrition Examination Survey (NHANES)",8,0,""
pub.1167117169,"Social Support and Associated Factors Among Men and Women in Pre-COVID Substance Use Treatment",10.1007/s10597-023-01218-7,68751d343a311b28982701c9,"Household Food Security Survey Module (HFSSM)",9,9,""
pub.1167139769,"Racial and Ethnic Disparities in Food Insufficiency in Families with Children During the COVID-19 Pandemic: the Role of Risk and Protective Factors",10.1007/s40615-023-01881-2,68751d343a311b28982701d0,"Current Population Survey Food Security Supplement (CPS-FSS)",8,0,""
pub.1167197470,"THE RELEVANCE OF SNAP PROGRAM ACCESSIBILITY FOR FOOD INSECURITY, FOCUSING ON ADULTS WITH DISABILITIES",10.1093/geroni/igad104.0350,68751d343a311b28982701cf,"Food Access Research Atlas (FARA)",10,10,""
pub.1167215700,"Food Insecurity Predicts Magnitude of Early BMI Change in a Pediatric Weight Management Intervention",10.1097/dbp.0000000000001242,68751d343a311b28982701c9,"Household Food Security Survey Module (HFSSM)",10,10,""
pub.1167282998,"Non-bank credit and food hardship: The association between payday loans, pawn loans, rent-to-own contracts and food hardship in households with children",10.1016/j.childyouth.2023.107418,68751d343a311b28982701d0,"Current Population Survey Food Security Supplement (CPS-FSS)",10,10,""
pub.1167315150,"Household Food Insecurity and Maternal-Toddler Fruit and Vegetable Dietary Concordance",10.1016/j.jneb.2023.10.018,68751d343a311b28982701c9,"Household Food Security Survey Module (HFSSM)",10,10,""
pub.1167387591,"Longitudinal Associations of Diet, Food Insecurity, and Supplemental Nutrition Assistance Program Use with Global Cognitive Performance in Middle-Aged and Older Adults",10.1016/j.tjnut.2023.12.042,68751d343a311b28982701c9,"Household Food Security Survey Module (HFSSM)",9,9,""
pub.1167387591,"Longitudinal Associations of Diet, Food Insecurity, and Supplemental Nutrition Assistance Program Use with Global Cognitive Performance in Middle-Aged and Older Adults",10.1016/j.tjnut.2023.12.042,68ea7da0b68f81f17e35ef38,"National Health and Nutrition Examination Survey (NHANES)",7,1,""
pub.1167510317,"Food Insecurity, Neighborhood Food Environment, and Health Disparities: State of the Science, Research Gaps and Opportunities",10.1016/j.ajcnut.2023.12.019,68751d343a311b28982701cf,"Food Access Research Atlas (FARA)",8,0,""
pub.1167510317,"Food Insecurity, Neighborhood Food Environment, and Health Disparities: State of the Science, Research Gaps and Opportunities",10.1016/j.ajcnut.2023.12.019,68751d343a311b28982701c9,"Household Food Security Survey Module (HFSSM)",9,0,""
pub.1167510317,"Food Insecurity, Neighborhood Food Environment, and Health Disparities: State of the Science, Research Gaps and Opportunities",10.1016/j.ajcnut.2023.12.019,68ea7da0b68f81f17e35ef38,"National Health and Nutrition Examination Survey (NHANES)",7,0,""
pub.1167510317,"Food Insecurity, Neighborhood Food Environment, and Health Disparities: State of the Science, Research Gaps and Opportunities",10.1016/j.ajcnut.2023.12.019,68ea7da1b68f81f17e35ef3a,"National Survey of Children's Health (NSCH)",7,0,""
pub.1167582317,"Trends and disparities in prevalence of cardiometabolic diseases by food security status in the United States",10.1186/s12937-023-00910-4,68751d343a311b28982701c9,"Household Food Security Survey Module (HFSSM)",10,10,""
pub.1167582317,"Trends and disparities in prevalence of cardiometabolic diseases by food security status in the United States",10.1186/s12937-023-00910-4,68ea7da0b68f81f17e35ef38,"National Health and Nutrition Examination Survey (NHANES)",10,10,""
pub.1167656766,"Ultra-processed foods consumption among a USA representative sample of middle-older adults: a cross-sectional analysis",10.1017/s0007114523003033,68751d343a311b28982701c9,"Household Food Security Survey Module (HFSSM)",10,10,""
pub.1167672677,"Food Insecurity Among Aging SNAP Participants and Eligible Nonparticipants in Two Predominantly Low-Income Black Neighborhoods: Implications for SNAP Enrollment and Outreach for Older Adults",10.1016/j.jand.2023.12.011,68751d343a311b28982701c9,"Household Food Security Survey Module (HFSSM)",9,9,""
pub.1167776872,"Food Insecurity within a Public University and the Role of Food Assistance Programs Amid the Global Pandemic",10.3390/socsci13010038,68751d343a311b28982701c9,"Household Food Security Survey Module (HFSSM)",10,10,""
pub.1167853555,"Regional Variability in the Prevalence of Food Insecurity and Diet Quality among United States Children",10.3390/nu16020224,68751d343a311b28982701c9,"Household Food Security Survey Module (HFSSM)",10,10,""
pub.1167853555,"Regional Variability in the Prevalence of Food Insecurity and Diet Quality among United States Children",10.3390/nu16020224,68ea7da0b68f81f17e35ef38,"National Health and Nutrition Examination Survey (NHANES)",10,10,""
pub.1168162111,"Association between food insecurity and metabolic dysfunction-associated steatotic liver disease/significant fibrosis measured by fibroscan",10.1007/s00394-024-03327-9,68751d343a311b28982701c9,"Household Food Security Survey Module (HFSSM)",10,10,""
pub.1168162111,"Association between food insecurity and metabolic dysfunction-associated steatotic liver disease/significant fibrosis measured by fibroscan",10.1007/s00394-024-03327-9,68ea7da0b68f81f17e35ef38,"National Health and Nutrition Examination Survey (NHANES)",10,10,""
pub.1168445558,"Home and wild food procurement were associated with improved food security during the COVID-19 pandemic in two rural US states",10.1038/s41598-024-52320-z,68751d343a311b28982701c9,"Household Food Security Survey Module (HFSSM)",9,9,""
pub.1168489589,"Properties of the Household Food Security Survey Module Scale in Young Adults with Diabetes",10.1016/j.tjnut.2024.01.028,68751d343a311b28982701d0,"Current Population Survey Food Security Supplement (CPS-FSS)",8,0,""
pub.1168489589,"Properties of the Household Food Security Survey Module Scale in Young Adults with Diabetes",10.1016/j.tjnut.2024.01.028,68751d343a311b28982701c9,"Household Food Security Survey Module (HFSSM)",10,10,""
pub.1168489589,"Properties of the Household Food Security Survey Module Scale in Young Adults with Diabetes",10.1016/j.tjnut.2024.01.028,68ea7da0b68f81f17e35ef38,"National Health and Nutrition Examination Survey (NHANES)",8,0,""
pub.1168500470,"Food insecurity and health-related quality of life among a nationally representative sample of older adults: cross-sectional analysis",10.1186/s12877-024-04716-9,68751d343a311b28982701c9,"Household Food Security Survey Module (HFSSM)",10,10,""
pub.1168500470,"Food insecurity and health-related quality of life among a nationally representative sample of older adults: cross-sectional analysis",10.1186/s12877-024-04716-9,68ea7da0b68f81f17e35ef38,"National Health and Nutrition Examination Survey (NHANES)",10,10,""
pub.1168502433,"Household food insecurity and physical activity behaviour in Ecuadorian children and adolescents: findings from the Ecuador 2018 National Health and Nutrition Survey (ENSANUT-2018)",10.1017/s1368980024000351,68751d343a311b28982701c9,"Household Food Security Survey Module (HFSSM)",8,1,""
pub.1168658937,"Food insecurity, fruit and vegetable consumption, and use of the Supplemental Nutrition Assistance Program (SNAP) in Appalachian Ohio",10.1371/journal.pone.0295171,68751d343a311b28982701c9,"Household Food Security Survey Module (HFSSM)",9,9,""
pub.1168814714,"Associations between food insecurity and diabetes risk factors in US adolescents in the National Health and Nutrition Examination Survey (NHANES) 2007–2016",10.1017/s1368980024000284,68751d343a311b28982701c9,"Household Food Security Survey Module (HFSSM)",9,8,""
pub.1168814714,"Associations between food insecurity and diabetes risk factors in US adolescents in the National Health and Nutrition Examination Survey (NHANES) 2007–2016",10.1017/s1368980024000284,68ea7da0b68f81f17e35ef38,"National Health and Nutrition Examination Survey (NHANES)",10,10,""
pub.1168917553,"Food Insecurity Among Graduate Students and Postdoctoral Trainees",10.1001/jamanetworkopen.2023.56894,68751d343a311b28982701c9,"Household Food Security Survey Module (HFSSM)",10,10,""
pub.1168917553,"Food Insecurity Among Graduate Students and Postdoctoral Trainees",10.1001/jamanetworkopen.2023.56894,68ea7da0b68f81f17e35ef38,"National Health and Nutrition Examination Survey (NHANES)",8,0,""
pub.1168965162,"Lower Perceived Neighborhood Collective Efficacy Indirectly Influences the Association Between Perceived Maternal Exposure to Community Violence and Household Food Insecurity",10.1097/fch.0000000000000399,68751d343a311b28982701c9,"Household Food Security Survey Module (HFSSM)",10,10,""
pub.1169144266,"Complementing the United States Household Food Security Survey Module with Items Reflecting Social Unacceptability",10.1016/j.tjnut.2024.02.023,68751d343a311b28982701c9,"Household Food Security Survey Module (HFSSM)",10,10,""
pub.1169154991,"Household food insecurity is associated with greater autonomic dysfunction testing score in Latinos with type 2 diabetes",10.1371/journal.pone.0297681,68751d343a311b28982701c9,"Household Food Security Survey Module (HFSSM)",9,9,""
pub.1169186690,"Maternal periconception food insecurity and postpartum parenting stress and bonding outcomes",10.3389/fnut.2024.1275380,68751d343a311b28982701c9,"Household Food Security Survey Module (HFSSM)",9,9,""
pub.1169186690,"Maternal periconception food insecurity and postpartum parenting stress and bonding outcomes",10.3389/fnut.2024.1275380,68ea7da0b68f81f17e35ef38,"National Health and Nutrition Examination Survey (NHANES)",8,0,""
pub.1169263560,"Adapting the USDA Food Security Survey Module for use with college students: Can we improve model fit?",10.1002/aepp.13425,68751d343a311b28982701d0,"Current Population Survey Food Security Supplement (CPS-FSS)",9,0,""
pub.1169263560,"Adapting the USDA Food Security Survey Module for use with college students: Can we improve model fit?",10.1002/aepp.13425,68751d343a311b28982701c9,"Household Food Security Survey Module (HFSSM)",9,0,""
pub.1169264520,"Beyond Economic Barriers: Conceptualizing Food Insecurity among Resettled Refugees Living in the United States",10.1080/15562948.2024.2321526,68751d343a311b28982701c9,"Household Food Security Survey Module (HFSSM)",9,0,""
pub.1169287118,"Trends in Recurring and Chronic Food Insecurity Among US Families With Older Adults",10.1001/jamahealthforum.2023.5463,68751d343a311b28982701c9,"Household Food Security Survey Module (HFSSM)",9,9,""
pub.1169299663,"Birth outcomes in relation to neighborhood food access and individual food insecurity during pregnancy in the Environmental Influences on Child Health Outcomes (ECHO)-wide cohort study",10.1016/j.ajcnut.2024.02.022,68751d343a311b28982701cf,"Food Access Research Atlas (FARA)",10,10,""
pub.1169451287,"Systematic investigation of inadequate food access at a large southeastern land grant university",10.1371/journal.pone.0298041,68751d343a311b28982701c9,"Household Food Security Survey Module (HFSSM)",10,10,""
pub.1169453828,"Impact of food security on coping strategies: a comparison of high school and college perceptions",10.1080/07448481.2024.2317179,68751d343a311b28982701c9,"Household Food Security Survey Module (HFSSM)",10,10,""
pub.1169489442,"Associations Between Daily Food Insecurity and Parent and Child Well-Being",10.1037/dev0001667,68751d343a311b28982701c9,"Household Food Security Survey Module (HFSSM)",8,2,""
pub.1169528663,"Parenting Students and Indicators of Financial Stability, Health, and Academic Success: Findings from a Population-Based Sample of Public Urban University Students",10.1007/s11524-024-00832-4,68751d343a311b28982701c9,"Household Food Security Survey Module (HFSSM)",9,9,""
pub.1169539981,"Social Connectedness as a Determinant of Health in African-American Low-Income Families with Young Children: A Cross-Sectional Cohort Study",10.1097/dbp.0000000000001260,68751d343a311b28982701c9,"Household Food Security Survey Module (HFSSM)",9,2,""
pub.1169610649,"Food insecurity, poor diet, and metabolic measures: The roles of stress and cortisol",10.1016/j.appet.2024.107294,68751d343a311b28982701c9,"Household Food Security Survey Module (HFSSM)",10,10,""
pub.1169610649,"Food insecurity, poor diet, and metabolic measures: The roles of stress and cortisol",10.1016/j.appet.2024.107294,68ea7da0b68f81f17e35ef38,"National Health and Nutrition Examination Survey (NHANES)",8,1,""
pub.1169816778,"Food Security and Diet Quality Improvements among At-Risk, Low-Income, Older Adults following a Free Meal Pilot Program",10.3390/ijerph21030344,68ea7da0b68f81f17e35ef38,"National Health and Nutrition Examination Survey (NHANES)",9,1,""
pub.1169898660,"Social determinants of rural food security: Findings from Michigan's Upper Peninsula",10.1016/j.jrurstud.2024.103256,68751d343a311b28982701cc,"Food Acquisition and Purchase Survey (FoodAPS)",9,1,""
pub.1169898660,"Social determinants of rural food security: Findings from Michigan's Upper Peninsula",10.1016/j.jrurstud.2024.103256,68751d343a311b28982701cb,"NASS Census of Agriculture",9,9,""
pub.1169898660,"Social determinants of rural food security: Findings from Michigan's Upper Peninsula",10.1016/j.jrurstud.2024.103256,68751d353a311b28982701d3,"Rural-Urban Continuum Codes (RUCC)",9,9,""
pub.1169943836,"Understanding Food Insecurity as a Determinant of Health in Pregnancy Within the United States: An Integrative Review",10.1089/heq.2023.0116,68751d343a311b28982701c9,"Household Food Security Survey Module (HFSSM)",8,1,""
pub.1169943836,"Understanding Food Insecurity as a Determinant of Health in Pregnancy Within the United States: An Integrative Review",10.1089/heq.2023.0116,68ea7da0b68f81f17e35ef38,"National Health and Nutrition Examination Survey (NHANES)",9,1,""
pub.1169992670,"“I’m Doing the Best that I Can”: Mothers Lived Experience with Food Insecurity, Coping Strategies, and Mental Health Implications",10.1016/j.cdnut.2024.102136,68751d343a311b28982701c9,"Household Food Security Survey Module (HFSSM)",10,10,""
pub.1169992670,"“I’m Doing the Best that I Can”: Mothers Lived Experience with Food Insecurity, Coping Strategies, and Mental Health Implications",10.1016/j.cdnut.2024.102136,68ea7da0b68f81f17e35ef38,"National Health and Nutrition Examination Survey (NHANES)",8,0,""
pub.1169994079,"Food Insecurity Prevalence and Risk Factors at a Large Academic Medical Center in Michigan",10.1001/jamanetworkopen.2024.3723,68751d343a311b28982701c9,"Household Food Security Survey Module (HFSSM)",8,1,""
pub.1170037194,"Racial discrimination is associated with food insecurity, stress, and worse physical health among college students",10.1186/s12889-024-18240-3,68751d343a311b28982701c9,"Household Food Security Survey Module (HFSSM)",9,9,""
pub.1170042926,"Panel Conditioning Biases in the Current Population Survey’s Food Security Supplement",10.1093/poq/nfae001,68751d343a311b28982701d0,"Current Population Survey Food Security Supplement (CPS-FSS)",10,10,""
pub.1170076131,"Public assistance, living environments, and food insecurity: A comparative community case study",10.5304/jafscd.2024.132.013,68751d343a311b28982701c9,"Household Food Security Survey Module (HFSSM)",10,10,""
pub.1170076131,"Public assistance, living environments, and food insecurity: A comparative community case study",10.5304/jafscd.2024.132.013,68ea7da0b68f81f17e35ef38,"National Health and Nutrition Examination Survey (NHANES)",8,0,""
pub.1170151939,"Food insecurity in urban American Indian and Alaska Native populations during the COVID-19 pandemic",10.1186/s12889-024-18390-4,68751d343a311b28982701d0,"Current Population Survey Food Security Supplement (CPS-FSS)",7,0,""
pub.1170151939,"Food insecurity in urban American Indian and Alaska Native populations during the COVID-19 pandemic",10.1186/s12889-024-18390-4,68ea7da0b68f81f17e35ef39,"National Health Interview Survey (NHIS)",7,0,""
pub.1170198460,"Food Insecurity and Changes in Diet Quality and Body Mass Index z-Scores Among Elementary School Students",10.1089/chi.2023.0185,68751d343a311b28982701c9,"Household Food Security Survey Module (HFSSM)",10,10,""
pub.1170199136,"Food insecurity, inflammation, and immune function among older US adults: Findings from the health and Retirement study",10.1016/j.bbi.2024.03.034,68751d343a311b28982701c9,"Household Food Security Survey Module (HFSSM)",10,10,""
pub.1170199136,"Food insecurity, inflammation, and immune function among older US adults: Findings from the health and Retirement study",10.1016/j.bbi.2024.03.034,68ea7da0b68f81f17e35ef38,"National Health and Nutrition Examination Survey (NHANES)",8,0,""
pub.1170211911,"A Systematic Review of Interventions That Address Food Insecurity for Persons With Prediabetes or Diabetes Using the RE-AIM Framework",10.1177/26350106241232649,68ea7da0b68f81f17e35ef38,"National Health and Nutrition Examination Survey (NHANES)",7,1,""
pub.1170246994,"Associations of Increased WIC Benefits for Fruits and Vegetables With Food Security and Satisfaction by Race and Ethnicity",10.5888/pcd21.230288,68751d343a311b28982701c9,"Household Food Security Survey Module (HFSSM)",9,9,""
pub.1170246994,"Associations of Increased WIC Benefits for Fruits and Vegetables With Food Security and Satisfaction by Race and Ethnicity",10.5888/pcd21.230288,68ea7da0b68f81f17e35ef38,"National Health and Nutrition Examination Survey (NHANES)",8,1,""
pub.1170271481,"Relationship between Food Security, Nutrition Security, and Diabetes: The Role of Supplemental Nutrition Assistance Program Participation",10.1016/j.cdnut.2024.102153,68751d343a311b28982701c9,"Household Food Security Survey Module (HFSSM)",9,9,""
pub.1170271481,"Relationship between Food Security, Nutrition Security, and Diabetes: The Role of Supplemental Nutrition Assistance Program Participation",10.1016/j.cdnut.2024.102153,68ea7da0b68f81f17e35ef38,"National Health and Nutrition Examination Survey (NHANES)",8,1,""
pub.1170403152,"Bidirectional Relationship Between Sickle Cell Disease and Food Insecurity: Scoping Review",10.1089/heq.2023.0147,68751d343a311b28982701cf,"Food Access Research Atlas (FARA)",9,0,""
pub.1170403152,"Bidirectional Relationship Between Sickle Cell Disease and Food Insecurity: Scoping Review",10.1089/heq.2023.0147,68751d343a311b28982701c9,"Household Food Security Survey Module (HFSSM)",9,0,""
pub.1170403152,"Bidirectional Relationship Between Sickle Cell Disease and Food Insecurity: Scoping Review",10.1089/heq.2023.0147,68ea7da0b68f81f17e35ef38,"National Health and Nutrition Examination Survey (NHANES)",8,0,""
pub.1170404919,"Household food insecurity and associations with hemoglobin A1c and acute diabetes-related complications in youth and young adults with type 1 diabetes: The SEARCH for Diabetes in Youth study",10.1016/j.diabres.2024.111608,68751d343a311b28982701c9,"Household Food Security Survey Module (HFSSM)",10,10,""
pub.1170461821,"Persistent Food Insecurity and Material Hardships: A Latent Class Analysis of Experiences among Venezuelan Refugees and Migrants in Urban Colombia",10.3390/nu16071060,68751d343a311b28982701c9,"Household Food Security Survey Module (HFSSM)",7,8,""
pub.1170461821,"Persistent Food Insecurity and Material Hardships: A Latent Class Analysis of Experiences among Venezuelan Refugees and Migrants in Urban Colombia",10.3390/nu16071060,68ea7da0b68f81f17e35ef38,"National Health and Nutrition Examination Survey (NHANES)",6,1,""
pub.1170541243,"Food Insecurity and Ideal Cardiovascular Health Risk Factors Among US Adolescents",10.1161/jaha.123.033323,68751d343a311b28982701c9,"Household Food Security Survey Module (HFSSM)",10,10,""
pub.1170541243,"Food Insecurity and Ideal Cardiovascular Health Risk Factors Among US Adolescents",10.1161/jaha.123.033323,68ea7da0b68f81f17e35ef38,"National Health and Nutrition Examination Survey (NHANES)",10,10,""
pub.1170561644,"Associations Between Food Insecurity and Diet Quality Among Graduate Students and Postdoctoral Trainees in the Health Sciences at a Private University in Boston: A Cross-Sectional Study",10.1016/j.cdnut.2024.102157,68751d343a311b28982701c9,"Household Food Security Survey Module (HFSSM)",9,9,""
pub.1170575893,"Prevalence of Low or Very Low Food Security in Undergraduate Nursing Students",10.1097/01.nep.0000000000001257,68751d343a311b28982701c9,"Household Food Security Survey Module (HFSSM)",10,9,""
pub.1170643622,"Perception of uncontrollable mortality risk is associated with food insecurity and reduced economic effort among resource‐insecure college students during COVID‐19",10.1002/ajhb.24081,68751d343a311b28982701c9,"Household Food Security Survey Module (HFSSM)",10,10,""
pub.1170750889,"59 Prevalence, Risk Factors, and Outcomes Associated with Food Insecurity in a Burn Clinic",10.1093/jbcr/irae036.051,68751d343a311b28982701c9,"Household Food Security Survey Module (HFSSM)",10,10,""
pub.1170825008,"A Cross-Sectional Study of Grocery Shopping Factors of Importance among Food-Insecure African Americans",10.3390/nu16081188,68751d343a311b28982701c9,"Household Food Security Survey Module (HFSSM)",9,9,""
pub.1170963330,"The Mental Cost of Food Insecurity among LGBTQ+Americans",10.1007/s11113-024-09881-8,68751d343a311b28982701c9,"Household Food Security Survey Module (HFSSM)",9,1,""
pub.1170963330,"The Mental Cost of Food Insecurity among LGBTQ+Americans",10.1007/s11113-024-09881-8,68ea7da0b68f81f17e35ef38,"National Health and Nutrition Examination Survey (NHANES)",7,1,""
pub.1171076758,"Food insecurity in children with heart disease",10.1097/mop.0000000000001348,68751d343a311b28982701c9,"Household Food Security Survey Module (HFSSM)",9,1,""
pub.1171076758,"Food insecurity in children with heart disease",10.1097/mop.0000000000001348,68ea7da0b68f81f17e35ef38,"National Health and Nutrition Examination Survey (NHANES)",9,1,""
pub.1171097942,"Revealing Campus Food Insecurity at Urban, Private, Liberal Arts Universities",10.1080/19320248.2024.2342832,68751d343a311b28982701c9,"Household Food Security Survey Module (HFSSM)",9,1,""
pub.1171145204,"Improving Maternal Health and Birth Outcomes Through FreshRx: A Food-Is-Medicine Intervention",10.1177/08901171241249278,68751d343a311b28982701c9,"Household Food Security Survey Module (HFSSM)",10,10,""
pub.1171231801,"Vision impairment and food insecurity in the national health and aging trends study",10.3389/fepid.2024.1353083,68751d343a311b28982701c9,"Household Food Security Survey Module (HFSSM)",8,1,""
pub.1171231801,"Vision impairment and food insecurity in the national health and aging trends study",10.3389/fepid.2024.1353083,68ea7da0b68f81f17e35ef39,"National Health Interview Survey (NHIS)",8,1,""
pub.1171283987,"Food Is Medicine for Human Immunodeficiency Virus: Improved Health and Hospitalizations in the Changing Health Through Food Support (CHEFS-HIV) Pragmatic Randomized Trial",10.1093/infdis/jiae195,68751d343a311b28982701c9,"Household Food Security Survey Module (HFSSM)",9,9,""
pub.1171283987,"Food Is Medicine for Human Immunodeficiency Virus: Improved Health and Hospitalizations in the Changing Health Through Food Support (CHEFS-HIV) Pragmatic Randomized Trial",10.1093/infdis/jiae195,68ea7da0b68f81f17e35ef39,"National Health Interview Survey (NHIS)",7,2,""
pub.1171294993,"Prevalence of and Contributors to Food Insecurity among College Athletes: A Scoping Review",10.3390/nu16091346,68751d343a311b28982701c9,"Household Food Security Survey Module (HFSSM)",9,1,""
pub.1171316005,"Food security status and cardiometabolic health by sex/gender and race/ethnicity among adults in the United States",10.1186/s12889-024-18655-y,68751d343a311b28982701c9,"Household Food Security Survey Module (HFSSM)",10,10,""
pub.1171316005,"Food security status and cardiometabolic health by sex/gender and race/ethnicity among adults in the United States",10.1186/s12889-024-18655-y,68ea7da0b68f81f17e35ef39,"National Health Interview Survey (NHIS)",10,10,""
pub.1171316758,"Diverse Parents’ Perception of the Impact of COVID-19 on Their Families’ Experience of Food Security",10.1080/19320248.2024.2348560,68751d343a311b28982701c9,"Household Food Security Survey Module (HFSSM)",9,8,""
pub.1171415268,"Social Determinants of Health and College Food Insecurity",10.3390/nu16091391,68751d343a311b28982701c9,"Household Food Security Survey Module (HFSSM)",9,9,""
pub.1171512041,"Heterogeneous effects of Medicaid expansion on food security measures",10.1111/ajae.12471,68751d343a311b28982701d0,"Current Population Survey Food Security Supplement (CPS-FSS)",10,10,""
pub.1171512041,"Heterogeneous effects of Medicaid expansion on food security measures",10.1111/ajae.12471,68ea7da0b68f81f17e35ef38,"National Health and Nutrition Examination Survey (NHANES)",8,0,""
pub.1171515613,"Food Insecurity, Cardioprotective Diets, and Mortality Among US Adults",10.1101/2024.05.07.24307023,68751d343a311b28982701c9,"Household Food Security Survey Module (HFSSM)",10,10,""
pub.1171515613,"Food Insecurity, Cardioprotective Diets, and Mortality Among US Adults",10.1101/2024.05.07.24307023,68ea7da0b68f81f17e35ef38,"National Health and Nutrition Examination Survey (NHANES)",10,10,""
pub.1171584391,"Food (in)security in relation to nutrition (in)security in a national cross-sectional sample of Supplemental Nutrition Assistance Program participants: considerations of an emerging construct",10.1016/j.ajcnut.2024.03.020,68751d343a311b28982701d0,"Current Population Survey Food Security Supplement (CPS-FSS)",8,0,""
pub.1171584391,"Food (in)security in relation to nutrition (in)security in a national cross-sectional sample of Supplemental Nutrition Assistance Program participants: considerations of an emerging construct",10.1016/j.ajcnut.2024.03.020,68751d343a311b28982701cc,"Food Acquisition and Purchase Survey (FoodAPS)",8,0,""
pub.1171584391,"Food (in)security in relation to nutrition (in)security in a national cross-sectional sample of Supplemental Nutrition Assistance Program participants: considerations of an emerging construct",10.1016/j.ajcnut.2024.03.020,68751d343a311b28982701c9,"Household Food Security Survey Module (HFSSM)",9,9,""
pub.1171584391,"Food (in)security in relation to nutrition (in)security in a national cross-sectional sample of Supplemental Nutrition Assistance Program participants: considerations of an emerging construct",10.1016/j.ajcnut.2024.03.020,68ea7da0b68f81f17e35ef38,"National Health and Nutrition Examination Survey (NHANES)",8,0,""
pub.1171671873,"The Effect of Food Environment on Pregnancy Outcomes [ID 2683379]",10.1097/01.aog.0001013444.40305.a0,68751d343a311b28982701cf,"Food Access Research Atlas (FARA)",10,10,""
pub.1171707895,"Can the American Community Survey provide new insight into household food security? An illustration of cross‐survey multiple imputation",10.1002/aepp.13441,68751d343a311b28982701d0,"Current Population Survey Food Security Supplement (CPS-FSS)",10,10,""
pub.1171711382,"Food Insecurity and Family Dynamics",10.1097/fch.0000000000000401,68751d343a311b28982701c9,"Household Food Security Survey Module (HFSSM)",8,1,""
pub.1171716388,"Associations between the social environment and early childhood developmental outcomes of Puerto Rican children with prenatal Zika virus exposure: a cross-sectional study",10.1186/s12887-024-04806-y,68751d343a311b28982701c9,"Household Food Security Survey Module (HFSSM)",9,9,""
pub.1171773199,"Food Insecurity Is Associated with a Higher Risk of Mortality among Colorectal Cancer Survivors",10.3390/gidisord6020031,68751d343a311b28982701c9,"Household Food Security Survey Module (HFSSM)",10,10,""
pub.1171773199,"Food Insecurity Is Associated with a Higher Risk of Mortality among Colorectal Cancer Survivors",10.3390/gidisord6020031,68ea7da0b68f81f17e35ef38,"National Health and Nutrition Examination Survey (NHANES)",10,10,""
pub.1171779154,"Associated SDOH needs of patients without health insurance and experiencing food insecurity",10.1007/s44155-024-00084-2,68751d343a311b28982701c9,"Household Food Security Survey Module (HFSSM)",9,9,""
pub.1171830752,"Reconsidering Household Food Insecurity: Assessing the Impact of Neighborhood and Household Characteristics",10.1080/19320248.2024.2355938,68751d343a311b28982701cf,"Food Access Research Atlas (FARA)",6,1,""
pub.1171830752,"Reconsidering Household Food Insecurity: Assessing the Impact of Neighborhood and Household Characteristics",10.1080/19320248.2024.2355938,68751d343a311b28982701cc,"Food Acquisition and Purchase Survey (FoodAPS)",6,1,""
pub.1172072826,"Food and Nutrition Insecurity: Experiences That Differ for Some and Independently Predict Diet-Related Disease, Los Angeles County, 2022",10.1016/j.tjnut.2024.05.020,68751d343a311b28982701c9,"Household Food Security Survey Module (HFSSM)",10,10,""
pub.1172072826,"Food and Nutrition Insecurity: Experiences That Differ for Some and Independently Predict Diet-Related Disease, Los Angeles County, 2022",10.1016/j.tjnut.2024.05.020,68ea7da0b68f81f17e35ef38,"National Health and Nutrition Examination Survey (NHANES)",8,1,""
pub.1172116666,"The Association Between Food Insecurity and Intimate Partner Violence Among U.S. Army Soldiers",10.1177/08862605241253024,68751d343a311b28982701c9,"Household Food Security Survey Module (HFSSM)",9,1,""
pub.1172271450,"Screening for Food and Nutrition Insecurity in the Healthcare Setting: A Cross-Sectional Survey of Non-Medicaid Insured Adults in an Integrated Healthcare Delivery System",10.1177/21501319241258948,68751d343a311b28982701c9,"Household Food Security Survey Module (HFSSM)",9,1,""
pub.1172370731,"The Association Between Food Security and Mammography Screening: Cross-Sectional Survey Results From the National Health Interview Survey",10.1016/j.jacr.2024.05.005,68751d343a311b28982701c9,"Household Food Security Survey Module (HFSSM)",10,10,""
pub.1172370731,"The Association Between Food Security and Mammography Screening: Cross-Sectional Survey Results From the National Health Interview Survey",10.1016/j.jacr.2024.05.005,68ea7da0b68f81f17e35ef39,"National Health Interview Survey (NHIS)",10,10,""
pub.1172373424,"Food Security: An Unmet Need in Outpatient Burn Care",10.1093/jbcr/irae100,68751d343a311b28982701c9,"Household Food Security Survey Module (HFSSM)",10,10,""
pub.1172685556,"Engagement in a pilot produce prescription program in rural and urban counties in the Southeast United States",10.3389/fpubh.2024.1390737,68751d343a311b28982701d0,"Current Population Survey Food Security Supplement (CPS-FSS)",9,1,""
pub.1172685556,"Engagement in a pilot produce prescription program in rural and urban counties in the Southeast United States",10.3389/fpubh.2024.1390737,68751d343a311b28982701c9,"Household Food Security Survey Module (HFSSM)",9,9,""
pub.1172685556,"Engagement in a pilot produce prescription program in rural and urban counties in the Southeast United States",10.3389/fpubh.2024.1390737,68ea7da0b68f81f17e35ef38,"National Health and Nutrition Examination Survey (NHANES)",8,1,""
pub.1173044621,"A Scoping Review and Assessment of the Area-Level Composite Measures That Estimate Social Determinants of Health Across the United States",10.1177/00333549241252582,68ea7742b68f81f17e35eb18,"Environmental Quality Index (EQI)",9,1,""
pub.1173265232,"Prolonged Early Food Insecurity and Child Feeding Practices among a Low-Income Hispanic Population: Role of Parenting Stress",10.1016/j.acap.2024.06.013,68751d343a311b28982701c9,"Household Food Security Survey Module (HFSSM)",10,10,""
pub.1173288003,"Health Disparities in the Gulf South: Unpacking the Relationship Between Food Insecurity, Stress, and Intimate Partner Violence in New Orleans",10.1016/j.cdnut.2024.102398,68751d343a311b28982701c9,"Household Food Security Survey Module (HFSSM)",10,10,""
pub.1173288003,"Health Disparities in the Gulf South: Unpacking the Relationship Between Food Insecurity, Stress, and Intimate Partner Violence in New Orleans",10.1016/j.cdnut.2024.102398,68ea7da0b68f81f17e35ef38,"National Health and Nutrition Examination Survey (NHANES)",10,10,""
pub.1173392453,"A Comparison of Food Insecurity Prevalence among Students Attending Minority Serving Versus Predominantly White Institutions in Pre, Earlier, and Later Phases of the COVID-19 Pandemic",10.1016/j.tjnut.2024.06.009,68751d343a311b28982701c9,"Household Food Security Survey Module (HFSSM)",9,9,""
pub.1173510107,"Complex intertwined association between breastfeeding practices and household food insecurity: Systematic review and meta‐analysis",10.1111/mcn.13696,68751d343a311b28982701c9,"Household Food Security Survey Module (HFSSM)",6,1,""
pub.1173556241,"Examining ADHD and Cognitive Disengagement Syndrome Symptoms in Relation to Food Insecurity in Early Adolescents",10.1007/s10802-024-01226-5,68751d343a311b28982701c9,"Household Food Security Survey Module (HFSSM)",8,1,""
pub.1173563168,"Urban–Rural Disparities in Food Insecurity and Weight Status among Children in the United States",10.3390/nu16132132,68751d343a311b28982701c9,"Household Food Security Survey Module (HFSSM)",8,8,""
pub.1173563168,"Urban–Rural Disparities in Food Insecurity and Weight Status among Children in the United States",10.3390/nu16132132,68ea7da0b68f81f17e35ef38,"National Health and Nutrition Examination Survey (NHANES)",10,10,""
pub.1173563168,"Urban–Rural Disparities in Food Insecurity and Weight Status among Children in the United States",10.3390/nu16132132,68ea7da1b68f81f17e35ef3a,"National Survey of Children's Health (NSCH)",7,0,""
pub.1173726436,"Factors and Perceptions Associated with Post-Pandemic Food Sourcing and Dietary Patterns among Urban Corner Store Customers in Baltimore, Maryland",10.3390/nu16142196,68751d343a311b28982701c9,"Household Food Security Survey Module (HFSSM)",10,10,""
pub.1173910897,"Food insecurity and the risk of mortality among Hispanics with hypertension",10.1016/j.numecd.2024.07.009,68751d343a311b28982701c9,"Household Food Security Survey Module (HFSSM)",10,10,""
pub.1173910897,"Food insecurity and the risk of mortality among Hispanics with hypertension",10.1016/j.numecd.2024.07.009,68ea7da0b68f81f17e35ef38,"National Health and Nutrition Examination Survey (NHANES)",10,10,""
pub.1173960729,"Exploring the Evolutionary Characteristics of Food Security in China and the United States from a Multidimensional Perspective",10.3390/foods13142272,68751d343a311b28982701c9,"Household Food Security Survey Module (HFSSM)",8,0,""
pub.1174030632,"Serving up FLAN. a food literacy and nutrition intervention to fend off food insecurity",10.1186/s40795-024-00909-y,68751d343a311b28982701c9,"Household Food Security Survey Module (HFSSM)",9,2,""
pub.1174030632,"Serving up FLAN. a food literacy and nutrition intervention to fend off food insecurity",10.1186/s40795-024-00909-y,68ea7da0b68f81f17e35ef38,"National Health and Nutrition Examination Survey (NHANES)",8,2,""
pub.1174144796,"The Hunger Cliff and Impact on Customers at Local Markets: Evidence From Virginia Fresh Match",10.1016/j.jneb.2024.05.082,68751d343a311b28982701c9,"Household Food Security Survey Module (HFSSM)",10,10,""
pub.1174146639,"Scoping Review of the Relationship Between Non-Food Social Safety Net Programs and Food Security",10.1016/j.jneb.2024.05.081,68751d343a311b28982701c9,"Household Food Security Survey Module (HFSSM)",10,10,""
pub.1174403816,"Addressing College Student Food Insecurity: Grocery Pickup Program Needs Assessment",10.1080/19320248.2024.2383205,68751d343a311b28982701c9,"Household Food Security Survey Module (HFSSM)",9,9,""
pub.1174497617,"Diet Quality of Community Café Meals Among Guests With Food Insecurity",10.1016/j.jneb.2024.04.009,68751d343a311b28982701c9,"Household Food Security Survey Module (HFSSM)",9,10,""
pub.1174679785,"The expanded Child Tax Credit and low-income families’ food insecurity: Associations across and within months of receipt",10.1016/j.childyouth.2024.107855,68751d343a311b28982701c9,"Household Food Security Survey Module (HFSSM)",10,10,""
pub.1174803730,"Expanded Child Tax Credit and Food Insecurity",10.1001/jamainternmed.2024.3972,68751d343a311b28982701c9,"Household Food Security Survey Module (HFSSM)",10,10,""
pub.1174849929,"Food Insecurity across Age Groups in the United States during the COVID-19 Pandemic",10.3390/ijerph21081078,68751d343a311b28982701c9,"Household Food Security Survey Module (HFSSM)",9,1,""
pub.1174873139,"The Association Between Food Insecurity, Parental Stress, and Child Development",10.1097/fch.0000000000000411,68751d343a311b28982701c9,"Household Food Security Survey Module (HFSSM)",10,10,""
pub.1174975830,"Are residency and type of refugee settlement program associated with food (in)security among Syrian refugees who have resettled in Canada since 2015?",10.1007/s12571-024-01477-6,68751d343a311b28982701c9,"Household Food Security Survey Module (HFSSM)",10,10,""
pub.1174978103,"The Association Between Child Food Allergy and Family Food Insecurity in a Nationally Representative US Sample",10.1016/j.acap.2024.08.010,68751d343a311b28982701c9,"Household Food Security Survey Module (HFSSM)",8,1,""
pub.1174978103,"The Association Between Child Food Allergy and Family Food Insecurity in a Nationally Representative US Sample",10.1016/j.acap.2024.08.010,68ea7da0b68f81f17e35ef39,"National Health Interview Survey (NHIS)",10,10,""
pub.1175031475,"Parent attitudes and behaviors associated with household food security among rural lower income families",10.1101/2024.08.22.24312452,68751d343a311b28982701c9,"Household Food Security Survey Module (HFSSM)",9,9,""
pub.1175151400,"Risk Factors for Food Insecurity among Early Childhood Education Providers: Time for a Solution",10.3390/ijerph21091131,68751d343a311b28982701c9,"Household Food Security Survey Module (HFSSM)",10,10,""
pub.1175258210,"Examining Food Security, Fruit and Vegetable Intake, and Cardiovascular Disease Risk Outcomes of Produce Prescription (PPR) Programs: A Systematic Review",10.1016/j.jneb.2024.06.012,68751d343a311b28982701c9,"Household Food Security Survey Module (HFSSM)",9,1,""
pub.1175266540,"Trauma exposure proximity associated with eating disorder diagnosis in women with food insecurity",10.1016/j.appet.2024.107653,68751d343a311b28982701c9,"Household Food Security Survey Module (HFSSM)",10,10,""
pub.1175520736,"Food Insecurity and Dementia Risk in U.S. Older Adults: Evidence From the 2013–2021 Panel Study of Income Dynamics",10.1093/geronb/gbae153,68751d343a311b28982701c9,"Household Food Security Survey Module (HFSSM)",10,10,""
pub.1175520909,"Focusing attention on the important association between food insecurity and psychological distress: a systematic review and meta-analysis",10.1186/s40795-024-00922-1,68751d343a311b28982701c9,"Household Food Security Survey Module (HFSSM)",9,1,""
pub.1175520909,"Focusing attention on the important association between food insecurity and psychological distress: a systematic review and meta-analysis",10.1186/s40795-024-00922-1,68ea7da0b68f81f17e35ef38,"National Health and Nutrition Examination Survey (NHANES)",8,1,""
pub.1175563939,"Exploring Food Insecurity and Perceived Stress on Daytime Sleepiness among Older Adults in New York City",10.3390/foods13172831,68751d343a311b28982701c9,"Household Food Security Survey Module (HFSSM)",10,10,""
pub.1175563939,"Exploring Food Insecurity and Perceived Stress on Daytime Sleepiness among Older Adults in New York City",10.3390/foods13172831,68ea7da0b68f81f17e35ef38,"National Health and Nutrition Examination Survey (NHANES)",8,0,""
pub.1175652764,"Household food insecurity and symptoms of anxiety and depression during pregnancy: Systematic review and meta‐analysis",10.1111/mcn.13714,68751d343a311b28982701c9,"Household Food Security Survey Module (HFSSM)",9,1,""
pub.1175687308,"Could measuring factors other than a lack of financial resources help in achieving the zero hunger goal",10.3389/fsufs.2024.1412401,68751d343a311b28982701cf,"Food Access Research Atlas (FARA)",8,0,""
pub.1175687308,"Could measuring factors other than a lack of financial resources help in achieving the zero hunger goal",10.3389/fsufs.2024.1412401,68751d343a311b28982701c9,"Household Food Security Survey Module (HFSSM)",9,0,""
pub.1175815611,"Association of Food Environment Characteristics with Health Outcomes in Counties with a High Proportion of Native American Residents",10.1080/19320248.2022.2101414,68751d343a311b28982701d0,"Current Population Survey Food Security Supplement (CPS-FSS)",8,0,""
pub.1175861931,"Eating Egg-Rich Diets and Modeling the Addition of One Daily Egg Reduced Risk of Nutrient Inadequacy among United States Adolescents with and without Food Insecurity",10.1016/j.tjnut.2024.09.019,68751d343a311b28982701c9,"Household Food Security Survey Module (HFSSM)",10,10,""
pub.1175861931,"Eating Egg-Rich Diets and Modeling the Addition of One Daily Egg Reduced Risk of Nutrient Inadequacy among United States Adolescents with and without Food Insecurity",10.1016/j.tjnut.2024.09.019,68ea7da0b68f81f17e35ef38,"National Health and Nutrition Examination Survey (NHANES)",10,10,""
pub.1176114932,"Individual‐ and environmental‐level determinants of fruit and vegetable intakes in rural Georgia",10.1111/jrh.12880,68751d343a311b28982701cf,"Food Access Research Atlas (FARA)",10,10,""
pub.1176151418,"Food for thought: The intersection between SNAP stigma, food insecurity, and gender",10.1016/j.socscimed.2024.117367,68751d343a311b28982701c9,"Household Food Security Survey Module (HFSSM)",10,10,""
pub.1176174389,"The Association between Food Insecurity and Insomnia Symptoms among Young Adults in Puerto Rico and the Mediating Role of Psychological Distress Symptoms",10.3390/ijerph21101296,68751d343a311b28982701c9,"Household Food Security Survey Module (HFSSM)",10,10,""
pub.1176305245,"Household Food Insecurity Is Associated with Parental Perceptions of and Student Participation in School Meals",10.3390/nu16193375,68751d343a311b28982701c9,"Household Food Security Survey Module (HFSSM)",9,10,""
pub.1181082564,"Material hardship and use of social safety net programs among LGBT adults and their families",10.1111/asap.12432,68751d343a311b28982701c9,"Household Food Security Survey Module (HFSSM)",9,9,""
pub.1181114024,"Food insecurity and mortality risk among adults with Chronic Kidney Disease: A longitudinal cohort study of NHANES",10.1186/s41110-024-00295-2,68751d343a311b28982701c9,"Household Food Security Survey Module (HFSSM)",10,10,""
pub.1181114024,"Food insecurity and mortality risk among adults with Chronic Kidney Disease: A longitudinal cohort study of NHANES",10.1186/s41110-024-00295-2,68ea7da0b68f81f17e35ef38,"National Health and Nutrition Examination Survey (NHANES)",10,10,""
pub.1181114464,"Food insecurity and its associations with cardiometabolic health in Latino individuals of Mexican ancestry",10.3389/fnut.2024.1499504,68751d343a311b28982701c9,"Household Food Security Survey Module (HFSSM)",10,10,""
pub.1181114464,"Food insecurity and its associations with cardiometabolic health in Latino individuals of Mexican ancestry",10.3389/fnut.2024.1499504,68ea7da0b68f81f17e35ef38,"National Health and Nutrition Examination Survey (NHANES)",10,0,""
pub.1181246645,"Clay 3D printed hydroponics: A paradigm to address global food insecurity",10.1177/14780771241287826,68751d343a311b28982701cf,"Food Access Research Atlas (FARA)",7,1,""
pub.1181289696,"A novel approach to assessing food insecurity for small geographic areas using household living budgets",10.1007/s12571-024-01494-5,68751d343a311b28982701d0,"Current Population Survey Food Security Supplement (CPS-FSS)",9,0,""
pub.1181289696,"A novel approach to assessing food insecurity for small geographic areas using household living budgets",10.1007/s12571-024-01494-5,68751d343a311b28982701c9,"Household Food Security Survey Module (HFSSM)",9,0,""
pub.1181289696,"A novel approach to assessing food insecurity for small geographic areas using household living budgets",10.1007/s12571-024-01494-5,68ea7da0b68f81f17e35ef38,"National Health and Nutrition Examination Survey (NHANES)",8,0,""
pub.1181358049,"Food Surrogates? County-Level Association Between Vegetable Production and Food Insecurity in the Rural South",10.1080/19320248.2024.2412561,68751d343a311b28982701cf,"Food Access Research Atlas (FARA)",7,0,""
pub.1181358049,"Food Surrogates? County-Level Association Between Vegetable Production and Food Insecurity in the Rural South",10.1080/19320248.2024.2412561,68751d343a311b28982701cb,"NASS Census of Agriculture",9,9,""
pub.1181403769,"Reassessing the Burden of Food Insecurity in Youth and Young Adults With Youth-onset Diabetes: The Importance of Marginal Food Security",10.1016/j.jcjd.2024.10.006,68751d343a311b28982701c9,"Household Food Security Survey Module (HFSSM)",10,10,""
pub.1181558498,"Major Insect Pests of Sweet Potatoes in Brazil and the United States, with Information on Crop Production and Regulatory Pest Management",10.3390/insects15100823,68751d343a311b28982701cb,"NASS Census of Agriculture",8,1,""
pub.1181765321,"A Method for Assessing the Prevalence of Food Insecurity in Older Adults Based on Resource Constraints and Food-Related Physical Functioning Limitations",10.1016/j.cdnut.2024.104494,68751d343a311b28982701c9,"Household Food Security Survey Module (HFSSM)",10,10,""
pub.1181765321,"A Method for Assessing the Prevalence of Food Insecurity in Older Adults Based on Resource Constraints and Food-Related Physical Functioning Limitations",10.1016/j.cdnut.2024.104494,68ea7da0b68f81f17e35ef38,"National Health and Nutrition Examination Survey (NHANES)",10,10,""
pub.1181767961,"Prone to Stones?: Evaluating the association between food insecurity, psychiatric comorbidity, and pediatric stone management",10.1016/j.jpurol.2024.10.018,68751d343a311b28982701cf,"Food Access Research Atlas (FARA)",9,9,""
pub.1181856557,"Predictors of Food Insecurity and Food Assistance Program Usage Among Puerto Ricans Before and During the COVID-19 Pandemic in Holyoke, Massachusetts",10.3390/nu16213666,68751d343a311b28982701d0,"Current Population Survey Food Security Supplement (CPS-FSS)",10,10,""
pub.1181953400,"Food Insecurity Is Common in Patients with Inflammatory Bowel Disease and Is Associated with Increased Ultra-Processed Food Intake",10.3390/nu16213736,68751d343a311b28982701c9,"Household Food Security Survey Module (HFSSM)",9,1,""
pub.1181953400,"Food Insecurity Is Common in Patients with Inflammatory Bowel Disease and Is Associated with Increased Ultra-Processed Food Intake",10.3390/nu16213736,68ea7da0b68f81f17e35ef39,"National Health Interview Survey (NHIS)",8,1,""
pub.1181953400,"Food Insecurity Is Common in Patients with Inflammatory Bowel Disease and Is Associated with Increased Ultra-Processed Food Intake",10.3390/nu16213736,68ea7da0b68f81f17e35ef38,"National Health and Nutrition Examination Survey (NHANES)",8,1,""
pub.1182012113,"Impact of a Pediatric Produce Prescription Intervention on Food Security and Perceived Nutrition-Related Behaviors: A Mixed-Methods Study",10.1177/21501319241276780,68751d343a311b28982701c9,"Household Food Security Survey Module (HFSSM)",9,9,""
pub.1182277501,"Intragenerational and Intergenerational Transmission of Food Insecurity: An Analysis of Black and White Women and Children From the NHLBI Growth and Health Study",10.1016/j.tjnut.2024.11.008,68751d343a311b28982701c9,"Household Food Security Survey Module (HFSSM)",10,9,""
pub.1182277501,"Intragenerational and Intergenerational Transmission of Food Insecurity: An Analysis of Black and White Women and Children From the NHLBI Growth and Health Study",10.1016/j.tjnut.2024.11.008,68ea7da0b68f81f17e35ef38,"National Health and Nutrition Examination Survey (NHANES)",8,0,""
pub.1182362809,"The Impacts of Louisiana’s Changing Climate on Food Crop Production",10.4236/as.2024.1511065,68751d343a311b28982701cb,"NASS Census of Agriculture",8,1,""
pub.1182526495,"Test Validity of a Single-Item Food Insecurity Screening Assessment Among College Students",10.1177/08901171241302001,68751d343a311b28982701c9,"Household Food Security Survey Module (HFSSM)",9,1,""
pub.1182614335,"Pediatric Emergency Department-based Food Insecurity Screening During the COVID-19 Pandemic",10.5811/westjem.19488,68751d343a311b28982701c9,"Household Food Security Survey Module (HFSSM)",10,10,""
pub.1182665748,"Identifying Areas of High Vulnerability for Rural Veteran Food Insecurity",10.1177/21501319241277411,68751d353a311b28982701d3,"Rural-Urban Continuum Codes (RUCC)",10,10,""
pub.1182725377,"Food insecurity in paradise: An exploration of food system resilience in the U.S. Virgin Islands",10.5304/jafscd.2024.141.010,68751d343a311b28982701cb,"NASS Census of Agriculture",9,8,""
pub.1182945044,"Impact of Fruit and Vegetable Incentive Programs on Food Insecurity, Fruit and Vegetable Consumption, and Health Outcomes: A Community Guide Systematic Review",10.1016/j.amepre.2024.11.016,68751d343a311b28982701c9,"Household Food Security Survey Module (HFSSM)",8,2,""
pub.1183092406,"Food Insecurity and Weight Faltering: US Multisite Analysis of Young Children’s Weight Trajectory",10.1016/j.jand.2024.12.004,68751d343a311b28982701c9,"Household Food Security Survey Module (HFSSM)",10,10,""
pub.1183092406,"Food Insecurity and Weight Faltering: US Multisite Analysis of Young Children’s Weight Trajectory",10.1016/j.jand.2024.12.004,68ea7da0b68f81f17e35ef38,"National Health and Nutrition Examination Survey (NHANES)",9,1,""
pub.1183236675,"The lived experience of Co-occurring food insecurity and food addiction: A qualitative study",10.1016/j.appet.2024.107818,68751d343a311b28982701c9,"Household Food Security Survey Module (HFSSM)",9,9,""
pub.1183405145,"Living in a food desert in Louisiana and its effects on gynecologic cancer outcomes",10.1016/j.ygyno.2024.12.001,68751d343a311b28982701cf,"Food Access Research Atlas (FARA)",10,10,""
pub.1183550921,"Socioeconomic status and sleep duration among a representative, cross-sectional sample of US adults",10.1186/s12889-024-20977-w,68751d343a311b28982701c9,"Household Food Security Survey Module (HFSSM)",9,9,""
pub.1183550921,"Socioeconomic status and sleep duration among a representative, cross-sectional sample of US adults",10.1186/s12889-024-20977-w,68ea7da0b68f81f17e35ef38,"National Health and Nutrition Examination Survey (NHANES)",10,10,""
pub.1183977105,"Association between Food Insecurity and Chronic Eye Disease in the National Institutes of Health's All of Us Research Program",10.1016/j.xops.2024.100697,68751d343a311b28982701c9,"Household Food Security Survey Module (HFSSM)",9,1,""
pub.1183977105,"Association between Food Insecurity and Chronic Eye Disease in the National Institutes of Health's All of Us Research Program",10.1016/j.xops.2024.100697,68ea7da0b68f81f17e35ef39,"National Health Interview Survey (NHIS)",8,1,""
pub.1183977105,"Association between Food Insecurity and Chronic Eye Disease in the National Institutes of Health's All of Us Research Program",10.1016/j.xops.2024.100697,68ea7da0b68f81f17e35ef38,"National Health and Nutrition Examination Survey (NHANES)",8,1,""
pub.1184169793,"Development of a statewide network hub for screening, referral, and enrollment into food as medicine programs across Kentucky",10.3389/fpubh.2024.1502858,68751d343a311b28982701c9,"Household Food Security Survey Module (HFSSM)",10,10,""
pub.1184214501,"Food insecurity and ultra-processed food consumption in the Health and Retirement Study: Cross-sectional analysis",10.1016/j.jnha.2024.100422,68751d343a311b28982701c9,"Household Food Security Survey Module (HFSSM)",9,9,""
pub.1184214501,"Food insecurity and ultra-processed food consumption in the Health and Retirement Study: Cross-sectional analysis",10.1016/j.jnha.2024.100422,68ea7da0b68f81f17e35ef38,"National Health and Nutrition Examination Survey (NHANES)",8,1,""
pub.1184560210,"A Cross-Sectional Study Exploring the Role of Social Isolation in the Relationship Between Food Insecurity, Depressive Symptoms, and Resource Use Among Midwestern Rural Veterans in the U.S.",10.3390/nu17020318,68751d343a311b28982701c9,"Household Food Security Survey Module (HFSSM)",10,10,""
pub.1184595778,"Associations between Food Insecurity and Perceived Overall Health, Stress, and Counseling Utilization among a Representative Sample of the Active-Duty United States Military, 2020",10.1016/j.tjnut.2024.12.007,68751d343a311b28982701c9,"Household Food Security Survey Module (HFSSM)",10,10,""
pub.1184597683,"Characterizing the within-person variability of food insecurity in everyday life",10.1371/journal.pone.0312543,68751d343a311b28982701c9,"Household Food Security Survey Module (HFSSM)",9,9,""
pub.1184801317,"Grocery intervention and DNA‐based assessment to improve diet quality in pediatric obesity: a pilot randomized controlled study",10.1002/oby.24205,68751d343a311b28982701c9,"Household Food Security Survey Module (HFSSM)",8,1,""
pub.1184801317,"Grocery intervention and DNA‐based assessment to improve diet quality in pediatric obesity: a pilot randomized controlled study",10.1002/oby.24205,68ea7da0b68f81f17e35ef38,"National Health and Nutrition Examination Survey (NHANES)",8,1,""
pub.1184839172,"US state-level containment policies not associated with food insecurity changes during the early COVID-19 pandemic: a multilevel analysis",10.1017/s1368980024002696,68751d343a311b28982701c9,"Household Food Security Survey Module (HFSSM)",10,10,""
pub.1184971927,"Medically Tailored Grocery Deliveries to Improve Food Security and Hypertension in Underserved Groups: A Student-Run Pilot Randomized Controlled Trial",10.3390/healthcare13030253,68751d343a311b28982701c9,"Household Food Security Survey Module (HFSSM)",9,8,""
pub.1185117947,"Athlete-Sports Nutrition Access Questionnaire (A-SNAQ): Predictors of food insecurity among Division III Collegiate athletes",10.1080/07448481.2025.2459753,68751d343a311b28982701c9,"Household Food Security Survey Module (HFSSM)",9,1,""
pub.1185395216,"Supporting scenario for small-scale shellfish aquaculture and food security in the United States of America",10.1007/s12571-025-01522-y,68751d343a311b28982701cb,"NASS Census of Agriculture",6,1,""
pub.1185670020,"The relationship between food insecurity and emotional eating during the coronavirus pandemic in northern California",10.1016/j.pmedr.2025.103010,68751d343a311b28982701c9,"Household Food Security Survey Module (HFSSM)",10,10,""
pub.1185670020,"The relationship between food insecurity and emotional eating during the coronavirus pandemic in northern California",10.1016/j.pmedr.2025.103010,68ea7da0b68f81f17e35ef38,"National Health and Nutrition Examination Survey (NHANES)",10,10,""
pub.1185776200,"The Monthly Cycling of Food Insecurity in Latinas at Risk for Diabetes: Methods, Retention, and Sample Characteristics for a Microlongitudinal Design",10.2196/66970,68751d343a311b28982701c9,"Household Food Security Survey Module (HFSSM)",9,1,""
pub.1185809527,"Food Insecurity and Food Practices among Child Care Workers During COVID-19",10.1101/2025.02.20.25322598,68751d343a311b28982701d0,"Current Population Survey Food Security Supplement (CPS-FSS)",10,10,""
pub.1185872543,"Examining the association of food insecurity with mental health and academic performance among Latinx immigration-impacted students",10.1080/07448481.2025.2468305,68751d343a311b28982701c9,"Household Food Security Survey Module (HFSSM)",10,10,""
pub.1185960059,"The intergenerational transmission of food insecurity: Do educational compromises make things worse?",10.1002/soej.12767,68751d343a311b28982701c9,"Household Food Security Survey Module (HFSSM)",9,8,""
pub.1185973315,"Impact of Consultation with Registered Dietitians on Reducing Inappropriate Weight Gain in Pregnant Patients with Food Insecurity",10.3390/nu17050789,68751d343a311b28982701c9,"Household Food Security Survey Module (HFSSM)",8,1,""
pub.1186196555,"The interplay of food insecurity, diet quality and dementia status in their association with all-cause mortality among older US adults in the Health and Retirement Study 2012-2020",10.1016/j.jand.2025.02.012,68751d343a311b28982701c9,"Household Food Security Survey Module (HFSSM)",9,9,""
pub.1186203476,"Examining the Influence of Food Insecurity on Perinatal Health Outcomes Among Black Birthing Individuals in the U.S.: A Systematic Scoping Review",10.1007/s40615-025-02364-2,68ea7da0b68f81f17e35ef38,"National Health and Nutrition Examination Survey (NHANES)",8,1,""
pub.1186267473,"Screening for Food Insecurity",10.1001/jama.2025.0879,68751d343a311b28982701d0,"Current Population Survey Food Security Supplement (CPS-FSS)",8,0,""
pub.1186273135,"Disparities in Cardiovascular Disease Prevalence by Race and Ethnicity, Socioeconomic Status, Urbanicity, and Social Determinants of Health Among Medicare Beneficiaries With Diabetes",10.5888/pcd22.240270,68751d343a311b28982701c9,"Household Food Security Survey Module (HFSSM)",9,9,""
pub.1186273135,"Disparities in Cardiovascular Disease Prevalence by Race and Ethnicity, Socioeconomic Status, Urbanicity, and Social Determinants of Health Among Medicare Beneficiaries With Diabetes",10.5888/pcd22.240270,68ea7da0b68f81f17e35ef39,"National Health Interview Survey (NHIS)",8,1,""
pub.1186339126,"Impact of Food Insecurity on Malnutrition Treatment Response in Nigerian Children With Sickle Cell Anemia and Severe Acute Malnutrition",10.1002/pbc.31637,68751d343a311b28982701c9,"Household Food Security Survey Module (HFSSM)",10,10,""
pub.1186487065,"Net worth poverty and food insecurity",10.1111/ajae.12537,68751d343a311b28982701c9,"Household Food Security Survey Module (HFSSM)",9,9,""
pub.1186529250,"Urban agriculture: A strategic pathway to building resilience and ensuring sustainable food security in cities",10.1016/j.farsys.2025.100150,68751d343a311b28982701cf,"Food Access Research Atlas (FARA)",8,0,""
pub.1186638871,"Feasibility of an Emergency Department-based Food Insecurity Screening and Referral Program",10.5811/westjem.40006,68751d343a311b28982701d0,"Current Population Survey Food Security Supplement (CPS-FSS)",8,1,""
pub.1186638871,"Feasibility of an Emergency Department-based Food Insecurity Screening and Referral Program",10.5811/westjem.40006,68ea7da0b68f81f17e35ef39,"National Health Interview Survey (NHIS)",8,1,""
pub.1186696073,"Assessing the 10-Item Food Security Survey Model (FSSM): Insights from College Students in Three US Universities",10.3390/nu17061050,68751d343a311b28982701c9,"Household Food Security Survey Module (HFSSM)",10,10,""
pub.1186890755,"Developing a healthy food access index (HFAI): Web-based mapping and future directions for AI integrations",10.1016/j.cities.2025.105908,68751d343a311b28982701cf,"Food Access Research Atlas (FARA)",9,1,""
pub.1187020275,"State Minimum Wage and Food Insecurity Among US Households With Children",10.1001/jamanetworkopen.2025.2043,68751d343a311b28982701d0,"Current Population Survey Food Security Supplement (CPS-FSS)",10,10,""
pub.1187119034,"The Price Is Not Right: Grocery Taxation, Race and Food Insecurity During COVID‐19",10.1111/soc4.70042,68751d343a311b28982701d0,"Current Population Survey Food Security Supplement (CPS-FSS)",9,1,""
pub.1187140322,"Associations between low food security and subjective memory complaints among Latino adults",10.1186/s12889-025-22320-3,68751d343a311b28982701c9,"Household Food Security Survey Module (HFSSM)",10,10,""
pub.1187140322,"Associations between low food security and subjective memory complaints among Latino adults",10.1186/s12889-025-22320-3,68ea7da0b68f81f17e35ef38,"National Health and Nutrition Examination Survey (NHANES)",9,1,""
pub.1187229622,"Exploring Drivers of Binge Eating in Individuals With Food Insecurity and Recurrent Binge Eating: A Qualitative Analysis",10.1002/eat.24434,68751d343a311b28982701c9,"Household Food Security Survey Module (HFSSM)",10,10,""
pub.1187229622,"Exploring Drivers of Binge Eating in Individuals With Food Insecurity and Recurrent Binge Eating: A Qualitative Analysis",10.1002/eat.24434,68ea7da0b68f81f17e35ef38,"National Health and Nutrition Examination Survey (NHANES)",8,1,""
pub.1187277849,"Rural/Urban Disparities in Cardiovascular Disease in the US—What Can be Done to Improve Outcomes for Rural Americans?",10.1016/j.amjcard.2025.03.033,68ebcf23b68f81f17e36bdb1,"HCUP National (Nationwide) Inpatient Sample (NIS)",8,1,""
pub.1187277849,"Rural/Urban Disparities in Cardiovascular Disease in the US—What Can be Done to Improve Outcomes for Rural Americans?",10.1016/j.amjcard.2025.03.033,68751d353a311b28982701d3,"Rural-Urban Continuum Codes (RUCC)",7,1,""
pub.1187337532,"Caregiver and pediatrician perspectives on a meal kit delivery program for children with food insecurity and obesity: a qualitative analysis",10.1016/j.jand.2025.04.001,68751d343a311b28982701cc,"Food Acquisition and Purchase Survey (FoodAPS)",9,0,""
pub.1187337532,"Caregiver and pediatrician perspectives on a meal kit delivery program for children with food insecurity and obesity: a qualitative analysis",10.1016/j.jand.2025.04.001,68ea7da0b68f81f17e35ef38,"National Health and Nutrition Examination Survey (NHANES)",9,0,""
pub.1187378623,"Malnutrition Risk among the 2022 National Survey of Older Americans Act Program: A Cross-Sectional Study",10.1016/j.jand.2025.04.003,68751d343a311b28982701c9,"Household Food Security Survey Module (HFSSM)",10,10,""
pub.1187396929,"Reclaiming Ancestral Abundance",10.1377/hlthaff.2024.01433,68751d343a311b28982701cb,"NASS Census of Agriculture",8,1,""
pub.1187437269,"Novel intervention to improve food insecurity among individuals with opioid use disorder: A randomized clinical trial",10.1016/j.drugalcdep.2025.112673,68751d343a311b28982701c9,"Household Food Security Survey Module (HFSSM)",10,10,""
pub.1187535066,"Nutrition Incentives Associated With Improved Outcomes: 2020–2023 Results From the U.S Gus Schumacher Nutrition Incentive Program",10.1016/j.focus.2025.100348,68751d343a311b28982701c9,"Household Food Security Survey Module (HFSSM)",10,10,""
pub.1187535066,"Nutrition Incentives Associated With Improved Outcomes: 2020–2023 Results From the U.S Gus Schumacher Nutrition Incentive Program",10.1016/j.focus.2025.100348,68ea7da0b68f81f17e35ef38,"National Health and Nutrition Examination Survey (NHANES)",8,0,""
pub.1187539495,"How Does Transportation Insecurity Compare and Relate to Other Indicators of Material Hardship in the U.S.?",10.1007/s11205-025-03585-y,68751d343a311b28982701c9,"Household Food Security Survey Module (HFSSM)",8,1,""
pub.1187585469,"Household food security and perceptions of food price unfairness in the United States",10.1002/jaa2.70012,68751d343a311b28982701d0,"Current Population Survey Food Security Supplement (CPS-FSS)",8,1,""
pub.1187585469,"Household food security and perceptions of food price unfairness in the United States",10.1002/jaa2.70012,68ea7da0b68f81f17e35ef38,"National Health and Nutrition Examination Survey (NHANES)",7,1,""
pub.1187653682,"Produce prescription to improve health among adults with type 2 diabetes in Australia: Protocol for a randomised controlled trial",10.1016/j.cct.2025.107915,68751d343a311b28982701c9,"Household Food Security Survey Module (HFSSM)",10,10,""
pub.1187666056,"Disparities in Diet Quality and Food Security Across Ethnic-Immigration Status and US Nativity",10.1007/s40615-025-02425-6,68751d343a311b28982701c9,"Household Food Security Survey Module (HFSSM)",10,10,""
pub.1187666056,"Disparities in Diet Quality and Food Security Across Ethnic-Immigration Status and US Nativity",10.1007/s40615-025-02425-6,68ea7da0b68f81f17e35ef38,"National Health and Nutrition Examination Survey (NHANES)",10,10,""
pub.1187737700,"State Earned Income Tax Credit and Food Security: Results Among Economically At-Risk Households With Children",10.1016/j.amepre.2025.04.007,68751d343a311b28982701c9,"Household Food Security Survey Module (HFSSM)",10,10,""
pub.1188272122,"Social Needs and Type 2 Diabetes in Latinos: An Integrative Review",10.1007/s40615-025-02448-z,68751d343a311b28982701c9,"Household Food Security Survey Module (HFSSM)",9,1,""
pub.1188402564,"Childhood Food Insecurity Trajectories and Adult Weight and Self-Reported Health",10.1016/j.amepre.2025.107647,68751d343a311b28982701c9,"Household Food Security Survey Module (HFSSM)",10,10,""
pub.1188531655,"Pediatric Produce Prescription Program grounded in community connection improves food security and fruit intake in Hawaiʻi.",10.1016/j.focus.2025.100365,68751d343a311b28982701c9,"Household Food Security Survey Module (HFSSM)",9,9,""
pub.1188619854,"Comparison of an Adapted Food Security Module for College Students with the United States Department of Agriculture Adult Food Security Module",10.1016/j.tjnut.2025.04.021,68751d343a311b28982701c9,"Household Food Security Survey Module (HFSSM)",8,1,""
pub.1188621823,"Early Childhood Food Insecurity and Cardiovascular Health in Young Adulthood",10.1001/jamacardio.2025.1062,68751d343a311b28982701c9,"Household Food Security Survey Module (HFSSM)",10,10,""
pub.1188621823,"Early Childhood Food Insecurity and Cardiovascular Health in Young Adulthood",10.1001/jamacardio.2025.1062,68ea7da0b68f81f17e35ef38,"National Health and Nutrition Examination Survey (NHANES)",9,1,""
pub.1188824422,"Daily Reality of Food Insecurity: A PhotoVoice Study of Food Insecure Residents in a Rural, Southern State",10.1080/19320248.2025.2505951,68751d343a311b28982701cc,"Food Acquisition and Purchase Survey (FoodAPS)",9,1,""
pub.1188875415,"Age-related variations in mental health and wellbeing during the first wave of the COVID-19 pandemic: a multi-country survey analysis",10.3389/fpubh.2025.1550719,68751d343a311b28982701c9,"Household Food Security Survey Module (HFSSM)",9,1,""
pub.1189085892,"East Harlem’s Asthma Counselor Program During COVID: Maintaining Service Continuity and Understanding Family Needs in a Community-Based Child Asthma Management Program",10.1080/19371918.2025.2509508,68751d343a311b28982701c9,"Household Food Security Survey Module (HFSSM)",8,1,""
pub.1189199043,"Cross-Sectional and Longitudinal Associations of Food Insecurity and Dietary Quality Among Older US Adults in the Health and Retirement Study",10.1016/j.cdnut.2025.107042,68751d343a311b28982701c9,"Household Food Security Survey Module (HFSSM)",9,8,""
pub.1189257101,"Fruit and Vegetable Consumption, Household Food Insecurity, and SNAP Participation Among Attendees of Free Produce Events at Safety-Net Health Center Sites",10.3390/nu17111849,68751d343a311b28982701c9,"Household Food Security Survey Module (HFSSM)",9,9,""
pub.1189393455,"Cannabis use & food insecurity risk among U.S. adults with & without children",10.1016/j.amepre.2025.107740,68751d343a311b28982701c9,"Household Food Security Survey Module (HFSSM)",9,1,""
pub.1189393455,"Cannabis use & food insecurity risk among U.S. adults with & without children",10.1016/j.amepre.2025.107740,68ea7da0b68f81f17e35ef38,"National Health and Nutrition Examination Survey (NHANES)",8,1,""
pub.1189393857,"Associations between Food Insecurity and Supplemental Nutrition Assistance Program (SNAP) participation with ultra-processed food intake in lower-income U.S. adolescents",10.1017/jns.2025.24,68751d343a311b28982701c9,"Household Food Security Survey Module (HFSSM)",9,10,""
pub.1189393857,"Associations between Food Insecurity and Supplemental Nutrition Assistance Program (SNAP) participation with ultra-processed food intake in lower-income U.S. adolescents",10.1017/jns.2025.24,68ea7da0b68f81f17e35ef38,"National Health and Nutrition Examination Survey (NHANES)",10,10,""
pub.1189561723,"Hungry no More? The Joint Impact of Minimum Wages and the Earned Income Tax Credit on Food Insecurity",10.1002/hec.70001,68751d343a311b28982701d0,"Current Population Survey Food Security Supplement (CPS-FSS)",10,10,""
pub.1189581783,"Social Determinants of Health, Maternal Quality of Life, and Family Functioning Among Latinx Families of Children with Intellectual and Developmental Disabilities",10.1007/s10803-025-06919-4,68751d343a311b28982701c9,"Household Food Security Survey Module (HFSSM)",10,10,""
pub.1189644647,"Statewide Universal School Meal Policies and Food Insecurity in Households with Children",10.1016/j.amepre.2025.107942,68751d353a311b28982701d3,"Rural-Urban Continuum Codes (RUCC)",10,10,""
pub.1189670715,"Food insecurity is associated with poor mental health outcomes among a diverse sample of young adults",10.1017/s1368980025100530,68751d343a311b28982701c9,"Household Food Security Survey Module (HFSSM)",9,1,""
pub.1189670715,"Food insecurity is associated with poor mental health outcomes among a diverse sample of young adults",10.1017/s1368980025100530,68ea7da0b68f81f17e35ef38,"National Health and Nutrition Examination Survey (NHANES)",7,1,""
pub.1189908235,"Probabilistic estimates of drought-induced yield loss in the Southeastern United States",10.1016/j.agsy.2025.104418,68751d343a311b28982701cb,"NASS Census of Agriculture",10,10,""
pub.1190132481,"Expanded Child Tax Credit, Family Health, and Material Hardships",10.1001/jamanetworkopen.2025.18335,68751d343a311b28982701c9,"Household Food Security Survey Module (HFSSM)",8,1,""
pub.1190132481,"Expanded Child Tax Credit, Family Health, and Material Hardships",10.1001/jamanetworkopen.2025.18335,68ea7da0b68f81f17e35ef38,"National Health and Nutrition Examination Survey (NHANES)",7,1,""
pub.1190132481,"Expanded Child Tax Credit, Family Health, and Material Hardships",10.1001/jamanetworkopen.2025.18335,68ea7da1b68f81f17e35ef3a,"National Survey of Children's Health (NSCH)",6,1,""
pub.1190138886,"Determinants of food security status and perceived hunger affecting athletic performance among NCAA division I student-athletes at a minority-serving institution",10.1080/07448481.2025.2522729,68751d343a311b28982701c9,"Household Food Security Survey Module (HFSSM)",10,10,""
pub.1190267999,"Residing in a low-income-low-food-access neighbourhood and asthma in early and middle childhood in the Environmental influences on Child Health Outcomes (ECHO) program: a multisite cohort study",10.1136/bmjopen-2024-094317,68751d343a311b28982701cf,"Food Access Research Atlas (FARA)",10,10,""
pub.1190388853,"Food Insecurity, COVID-19 Infection, Discrimination, Critical Consciousness, and Depression Among AfroLatinxs in the US",10.1177/00957984241311771,68751d343a311b28982701c9,"Household Food Security Survey Module (HFSSM)",9,8,""
