publication_id,publication_title,publication_doi,new_name,new_is_mentioned,new_is_used,new_description,new_source,new_domain
pub.1000422164,Health-Related Quality of Life of Food-Insecure Ethnic Minority Patients With Cancer,10.1200/jop.2015.003962,Cancer Portal Project Cohort Dataset,true,true,"A prospective, longitudinal multisite cohort of ethnic minority cancer patients recruited from ten safety‑net cancer clinics in New York City, with collected survey data on demographics, health, quality of life, and food security.",Cancer Portal Project (multiple NYC cancer clinics and hospitals),Oncology / Health Services Research
pub.1001749726,The State of Family Farms in the World,10.1016/j.worlddev.2015.05.012,FAOSTAT Food Balance Sheets,false,false,"FAOSTAT Food Balance Sheets provide annual data on national food production, imports, exports, consumption, and utilization across multiple commodity categories.",Food and Agriculture Organization of the United Nations (FAO),Agricultural Production / Nutrition
pub.1001749726,The State of Family Farms in the World,10.1016/j.worlddev.2015.05.012,World Bank Agricultural Value Added (% of GDP),false,false,World Bank indicator providing the share of agricultural sector's value added in national GDP.,World Bank Development Indicators,Economic / Agricultural Economics
pub.1001749726,The State of Family Farms in the World,10.1016/j.worlddev.2015.05.012,UNDP Human Development Index (HDI),false,false,"UNDP’s composite index measuring health, education, and income dimensions across countries.",United Nations Development Programme (UNDP),Socio‑economic / Development
pub.1001749726,The State of Family Farms in the World,10.1016/j.worlddev.2015.05.012,Stationery Office Census of Agriculture 2010 – Final Results,false,false,National agricultural census data published by a governmental office (likely UK or related jurisdiction) for the year 2010.,Stationery Office (government publishing agency),Agriculture / Census
pub.1003394995,Household food insecurity during childhood and adolescent misconduct,10.1016/j.ypmed.2016.12.042,"Early Childhood Longitudinal Study, Kindergarten Class of 1998-1999 (ECLS-K)",true,true,"A longitudinal, nationally representative survey of over 21,000 U.S. children that follows participants from kindergarten through early adolescence.",National Center for Education Statistics (NCES),Education / Child Development
pub.1003449352,Effects of Group Prenatal Care on Food Insecurity during Late Pregnancy and Early Postpartum,10.1007/s10995-015-1886-8,2012 United States Census data,true,true,Official decennial census data providing demographic and geographic information for U.S. census tracts.,U.S. Census Bureau,Demography / Geography
pub.1004806015,The San Francisco Chinese Food Security Module: Validation of a Translation of the US Household Food Security Survey Module,10.1080/19320248.2014.962776,SF Chinese Food Security Module,true,true,"A Chinese‑language translation of the U.S. Household Food Security Survey Module, administered to 483 Chinese‑speaking adults.",Developed by the study authors (Lyles et al.),Food Security / Public Health
pub.1004806015,The San Francisco Chinese Food Security Module: Validation of a Translation of the US Household Food Security Survey Module,10.1080/19320248.2014.962776,American Community Survey (ACS),true,false,"An ongoing survey by the U.S. Census Bureau that provides detailed demographic, social, economic, and housing data.",U.S. Census Bureau,Demographics / Sociology
pub.1005169456,Latinos With Diabetes and Food Insecurity in an Agricultural Community,10.1097/mlr.0000000000000348,California Health Interview Survey,true,false,"State‑level health survey collecting data on health status, behaviors, and access to care.",California Department of Health Services,Public health
pub.1005169456,Latinos With Diabetes and Food Insecurity in an Agricultural Community,10.1097/mlr.0000000000000348,Electronic Diabetes Registry,true,true,"Internal database of patients with diabetes maintained by the health center, used to identify eligible participants.",Migrant health center system (California),Clinical / Health services research
pub.1005169456,Latinos With Diabetes and Food Insecurity in an Agricultural Community,10.1097/mlr.0000000000000348,Summary of Diabetes Self Care Activities (SCDA) questionnaire,true,true,A validated self‑report instrument assessing frequency of diabetes self‑management activities.,Diabetes research community (originally developed by Toobert et al.),Diabetes self‑management
pub.1005464936,Dietary Quality of Americans by Supplemental Nutrition Assistance Program Participation Status A Systematic Review,10.1016/j.amepre.2015.04.035,Consumer Expenditure Survey,true,false,"A survey that collects information on the buying habits, income, and demographics of U.S. households.",,Economics/Household Spending
pub.1005464936,Dietary Quality of Americans by Supplemental Nutrition Assistance Program Participation Status A Systematic Review,10.1016/j.amepre.2015.04.035,Continuing Survey of Food Intake for Individuals,true,false,A USDA survey that records detailed information on food consumption of individuals.,,Nutrition/Food Consumption
pub.1005464936,Dietary Quality of Americans by Supplemental Nutrition Assistance Program Participation Status A Systematic Review,10.1016/j.amepre.2015.04.035,Early Childhood Longitudinal Survey,true,false,A series of longitudinal studies that follow children from birth through early adulthood.,,Education/Child Development
pub.1006520773,Food Insecurity Is Associated with Undernutrition but Not Overnutrition in Ecuadorian Women from Low‐Income Urban Neighborhoods,10.1155/2016/8149459,ENSANUT-ECU national health and nutrition survey,true,false,Ecuador’s 2012 national health and nutrition survey.,Cited as external reference; no analysis performed on its data in this paper.,Public Health / Nutrition
pub.1006520773,Food Insecurity Is Associated with Undernutrition but Not Overnutrition in Ecuadorian Women from Low‐Income Urban Neighborhoods,10.1155/2016/8149459,FAO Food Insecurity Experience Scale (FIES),true,false,FAO’s globally harmonized experience‑based food insecurity measurement instrument.,Mentioned as a potential tool for future research; not employed in the current analysis.,Food Security Measurement
pub.1006520773,Food Insecurity Is Associated with Undernutrition but Not Overnutrition in Ecuadorian Women from Low‐Income Urban Neighborhoods,10.1155/2016/8149459,ENDEMAIN national reproductive health survey (2004),true,false,2004 Ecuador national reproductive health survey that included a food insufficiency module.,Cited as prior work; not used for primary analysis.,Reproductive Health / Nutrition
pub.1006520773,Food Insecurity Is Associated with Undernutrition but Not Overnutrition in Ecuadorian Women from Low‐Income Urban Neighborhoods,10.1155/2016/8149459,"National Maternal‑Infant Health Chaparro Survey (Guatemala, 2008‑09)",true,false,Guatemalan survey of maternal‑infant health conducted in 2008‑09.,Referenced as comparative study; not analyzed here.,Maternal‑Child Health / Nutrition
pub.1006520773,Food Insecurity Is Associated with Undernutrition but Not Overnutrition in Ecuadorian Women from Low‐Income Urban Neighborhoods,10.1155/2016/8149459,Latin American and Caribbean Food Security Scale (Escala Latinoamericana y Caribeña de Seguridad Alimentaria),true,false,Region‑specific experience‑based food security scale.,Mentioned as an alternative tool; not utilized in the present study.,Food Security Measurement
pub.1006520773,Food Insecurity Is Associated with Undernutrition but Not Overnutrition in Ecuadorian Women from Low‐Income Urban Neighborhoods,10.1155/2016/8149459,"USDA Household Food Security Survey Module: Three‑Stage Design, with Screeners",true,false,Technical documentation describing the design of the USDA HFSSM.,Cited as background literature; not a dataset directly used.,Survey Methodology
pub.1008908516,Prevalence of Food Insecurity in Low-Income Neighborhoods in West Texas,10.1016/j.jneb.2016.07.003,USDA Economic Research Service (ERS) Food Security Data 2014,true,false,National food‑security statistics produced by the USDA ERS for the year 2014.,USDA Economic Research Service,Nutrition / Public Health
pub.1008908516,Prevalence of Food Insecurity in Low-Income Neighborhoods in West Texas,10.1016/j.jneb.2016.07.003,USDA Measure of Child Food Insecurity,true,false,A set of child‑specific items within the USDA HFSSM used to assess child food security.,USDA,Nutrition / Public Health
pub.1008908516,Prevalence of Food Insecurity in Low-Income Neighborhoods in West Texas,10.1016/j.jneb.2016.07.003,Supplemental Nutrition Assistance Program (SNAP) Participation Data,true,false,Self‑reported binary variable indicating whether a household participates in SNAP.,Collected via the study’s questionnaire,Social Services / Public Health
pub.1009374008,Urban agriculture: connecting producers with consumers,10.1108/bfj-06-2015-0200,2012 National Survey of Urban Farms,false,false,"A bespoke survey conducted in 2012 targeting urban farms across the United States, comprising 35 questions on farm characteristics, production, social missions, etc.",Authors’ own data collection via SurveyMonkey and paper copies; snowball sampling through email lists and organizations.,Urban agriculture / Social entrepreneurship
pub.1009374008,Urban agriculture: connecting producers with consumers,10.1108/bfj-06-2015-0200,American Community Survey (ACS),false,false,"Annual demographic survey conducted by the U.S. Census Bureau providing socioeconomic data at the census‑tract level, including median household income.",U.S. Census Bureau (American Community Survey 2012).,Demographics / Socioeconomic indicators
pub.1009374008,Urban agriculture: connecting producers with consumers,10.1108/bfj-06-2015-0200,US Department of Agriculture Economic Research Service (ERS) 2014 data,false,false,"Definition guidelines for what constitutes a farm according to USDA ERS, including point‑system thresholds.",USDA Economic Research Service publication (2014).,Agricultural policy / Farm classification
pub.1009374008,Urban agriculture: connecting producers with consumers,10.1108/bfj-06-2015-0200,"US Department of Agriculture Know Your Farmer, Know Your Food initiative",false,false,A USDA program aimed at promoting local food systems; not a dataset.,USDA program description.,Food policy / Agricultural outreach
pub.1010215109,"A Decade of Change: Measuring the Extent, Depth and Severity of Food Insecurity",10.1007/s10834-016-9500-9,Panel Study of Income Dynamics (PSID),true,false,"A longitudinal household panel survey tracking economic, health, and social behavior of families.",University of Michigan Institute for Social Research,Economics/Sociology
pub.1010215109,"A Decade of Change: Measuring the Extent, Depth and Severity of Food Insecurity",10.1007/s10834-016-9500-9,Survey of Income and Program Participation (SIPP),true,false,"A survey that collects data on income, program participation, and demographic characteristics of U.S. households.",U.S. Census Bureau,Economic/Social Survey
pub.1010215109,"A Decade of Change: Measuring the Extent, Depth and Severity of Food Insecurity",10.1007/s10834-016-9500-9,CSFII,true,false,"The Continuing Survey of Food Intake by Individuals, a component of the USDA's food consumption surveys.",U.S. Department of Agriculture,Nutrition/Health Survey
pub.1010515778,Disordered eating behaviours and food insecurity: A qualitative study about children with obesity in low-income households,10.1016/j.orcp.2015.11.007,discovered_datasets,false,false,,,
pub.1010515778,Disordered eating behaviours and food insecurity: A qualitative study about children with obesity in low-income households,10.1016/j.orcp.2015.11.007,name,false,false,,,
pub.1010515778,Disordered eating behaviours and food insecurity: A qualitative study about children with obesity in low-income households,10.1016/j.orcp.2015.11.007,confidence_score_mention,false,false,,,
pub.1010515778,Disordered eating behaviours and food insecurity: A qualitative study about children with obesity in low-income households,10.1016/j.orcp.2015.11.007,text_quote,false,false,,,
pub.1010515778,Disordered eating behaviours and food insecurity: A qualitative study about children with obesity in low-income households,10.1016/j.orcp.2015.11.007,domain,false,false,,,
pub.1010515778,Disordered eating behaviours and food insecurity: A qualitative study about children with obesity in low-income households,10.1016/j.orcp.2015.11.007,Nutrition / Food Security,false,false,,,
pub.1010515778,Disordered eating behaviours and food insecurity: A qualitative study about children with obesity in low-income households,10.1016/j.orcp.2015.11.007,size,false,false,,,
pub.1010515778,Disordered eating behaviours and food insecurity: A qualitative study about children with obesity in low-income households,10.1016/j.orcp.2015.11.007,18 items (full) or 6 items (short form),false,false,,,
pub.1010515778,Disordered eating behaviours and food insecurity: A qualitative study about children with obesity in low-income households,10.1016/j.orcp.2015.11.007,format,false,false,,,
pub.1010515778,Disordered eating behaviours and food insecurity: A qualitative study about children with obesity in low-income households,10.1016/j.orcp.2015.11.007,Survey questionnaire (paper or electronic),false,false,,,
pub.1010515778,Disordered eating behaviours and food insecurity: A qualitative study about children with obesity in low-income households,10.1016/j.orcp.2015.11.007,access_info,false,false,,,
pub.1010515778,Disordered eating behaviours and food insecurity: A qualitative study about children with obesity in low-income households,10.1016/j.orcp.2015.11.007,": true,",false,false,,,
pub.1010515778,Disordered eating behaviours and food insecurity: A qualitative study about children with obesity in low-income households,10.1016/j.orcp.2015.11.007,discovery_reasoning,false,false,,,
pub.1010515778,Disordered eating behaviours and food insecurity: A qualitative study about children with obesity in low-income households,10.1016/j.orcp.2015.11.007,"}
  ],",false,false,,,
pub.1010515778,Disordered eating behaviours and food insecurity: A qualitative study about children with obesity in low-income households,10.1016/j.orcp.2015.11.007,: {,false,false,,,
pub.1010515778,Disordered eating behaviours and food insecurity: A qualitative study about children with obesity in low-income households,10.1016/j.orcp.2015.11.007,": 1,",false,false,,,
pub.1010515778,Disordered eating behaviours and food insecurity: A qualitative study about children with obesity in low-income households,10.1016/j.orcp.2015.11.007,": 0,",false,false,,,
pub.1010515778,Disordered eating behaviours and food insecurity: A qualitative study about children with obesity in low-income households,10.1016/j.orcp.2015.11.007,High confidence: 1,false,false,,,
pub.1010515778,Disordered eating behaviours and food insecurity: A qualitative study about children with obesity in low-income households,10.1016/j.orcp.2015.11.007,CFSM,false,false,,,
pub.1010515778,Disordered eating behaviours and food insecurity: A qualitative study about children with obesity in low-income households,10.1016/j.orcp.2015.11.007,SNAP,false,false,,,
pub.1010851647,Evaluating the relationship between urban environment and food security in Georgia's older population,10.1016/j.apgeog.2014.10.013,Georgia Aging Information Management System (GA AIMS),true,true,Administrative dataset containing records of individuals receiving services or with active applications from Georgia's Division of Aging Services.,Georgia Division of Aging Services,Public health / Aging services
pub.1010851647,Evaluating the relationship between urban environment and food security in Georgia's older population,10.1016/j.apgeog.2014.10.013,U.S. Census Decennial Data,true,true,"Geospatial and demographic data collected every ten years by the U.S. Census Bureau, used here to define historic urban area boundaries.",U.S. Census Bureau,Geography / Urban studies
pub.1011904105,"Prevalence and covariates of food insecurity among residents of single-room occupancy housing in Chicago, IL, USA",10.1017/s1368980015002384,Household Food Insecurity Access Scale (HFIAS),false,false,A validated nine‑item questionnaire measuring household (or individual) food insecurity severity over a recall period.,"Food and Nutrition Technical Assistance Project (FANTA), USAID",Public health / nutrition security
pub.1014886463,Chapter 17 The Role of Peanuts in Global Food Security,10.1016/b978-1-63067-038-2.00017-4,FAOSTAT,true,true,"FAO’s statistical database that compiles global agricultural production, trade, and food‑security indicators.",Food and Agriculture Organization of the United Nations (FAO),Agriculture – Production & Trade Statistics
pub.1014886463,Chapter 17 The Role of Peanuts in Global Food Security,10.1016/b978-1-63067-038-2.00017-4,USDA Economic Research Service (ERS) data,true,true,"USDA ERS provides economic and statistical data on agriculture, food security, and rural economies.",United States Department of Agriculture – Economic Research Service,Economics – Food Security & Agricultural Economics
pub.1015636333,The Relationship Between Food Insecurity and BMI for Preschool Children,10.1007/s10995-015-1881-0,STRONG Kids Panel Study,true,true,A longitudinal panel study that followed 497 families with preschool‑aged children across three waves of data collection.,"University of Illinois, STRONG Kids research team","Obesity, Nutrition, Child Development"
pub.1015636333,The Relationship Between Food Insecurity and BMI for Preschool Children,10.1007/s10995-015-1881-0,CDC Age‑and Sex‑Specific Growth Charts (2000),true,true,Reference growth chart data used to compute BMI percentiles for children in the United States.,U.S. Centers for Disease Control and Prevention (CDC),Pediatrics / Growth Assessment
pub.1015925111,Is Food Insecurity Associated with Depressive Symptoms in South Korea?,10.1111/aswp.12111,Korea Welfare Panel Study (KOWEPS),true,true,"A nationally representative longitudinal panel survey of Korean households covering income, employment, health, and social program participation.",Korea Institute for Health and Social Affairs and Seoul National University,Social science / Public health
pub.1015925111,Is Food Insecurity Associated with Depressive Symptoms in South Korea?,10.1111/aswp.12111,Survey of Program Dynamics (SPD),true,false,A longitudinal survey that follows households over time to study program participation and dynamics.,U.S. Census Bureau,Social policy / Program evaluation
pub.1016207666,Association of Household Food Insecurity with the Mental and Physical Health of Low‐Income Urban Ecuadorian Women with Children,10.1155/2016/5256084,2012 Encuesta Nacional de Salud y Nutrición (Ecuadorian National Health and Nutrition Survey),true,false,Ecuador's national health and nutrition survey conducted in 2012.,Instituto Nacional de Estadísticas y Censos (INEC),Public health / Nutrition
pub.1016667374,Food insecurity and peripheral arterial disease in older adult populations,10.1007/s12603-015-0639-0,InCHIANTI Study,true,false,"A longitudinal cohort study of aging adults in Italy that collects health, nutrition, and functional data.",InCHIANTI cohort investigators,"Epidemiology, Aging, Nutrition"
pub.1018264446,Childhood Adversity and Adult Reports of Food Insecurity Among Households With Children,10.1016/j.amepre.2015.09.024,Adverse Childhood Experiences (ACE) questionnaire,true,true,A standardized ten‑item survey instrument used to capture exposure to adverse childhood experiences.,Developed by CDC‑Kaiser Permanente ACE Study Group,Public Health / Psychosocial Epidemiology
pub.1018922544,"Strategically Siting Urban Agriculture: A Socioeconomic Analysis of Roanoke, Virginia",10.1080/00330124.2016.1157496,American FactFinder (U.S. Census Bureau),false,false,A public database providing census‑derived demographic and socioeconomic data at the block group level.,U.S. Census Bureau,Demographics / Socioeconomic statistics
pub.1018922544,"Strategically Siting Urban Agriculture: A Socioeconomic Analysis of Roanoke, Virginia",10.1080/00330124.2016.1157496,TIGER/Line Shapefile (Census Block Group Boundaries),false,false,Geospatial polygon file defining the geographic boundaries of U.S. Census block groups.,U.S. Census Bureau (TIGER/Line),Geography / GIS
pub.1018922544,"Strategically Siting Urban Agriculture: A Socioeconomic Analysis of Roanoke, Virginia",10.1080/00330124.2016.1157496,Virginia Department of Education – Student Eligibility for National School Lunch Program (Spreadsheet),false,false,"Dataset containing percentages of students qualifying for free or reduced‑price meals at each elementary, middle, and high school in Virginia.",Virginia Department of Education,Education / Food security proxy
pub.1018922544,"Strategically Siting Urban Agriculture: A Socioeconomic Analysis of Roanoke, Virginia",10.1080/00330124.2016.1157496,Virginia Department of Conservation and Recreation – Parks Shapefile,true,true,Geospatial data representing locations and extents of public parks within Virginia.,Virginia Department of Conservation and Recreation,Environmental / Green space
pub.1018922544,"Strategically Siting Urban Agriculture: A Socioeconomic Analysis of Roanoke, Virginia",10.1080/00330124.2016.1157496,City of Roanoke GIS FTP – School Zone Shapefile,false,false,Geospatial polygon file delineating the boundaries of individual school zones within Roanoke.,City of Roanoke GIS department,Education / GIS
pub.1020034785,"Associations Among Chronic Disease Status, Participation in Federal Nutrition Programs, Food Insecurity, and Sugar-Sweetened Beverage and Water Intake Among Residents of a Health-Disparate Region",10.1016/j.jneb.2015.01.001,Behavioral Risk Factor Surveillance System,true,true,"A large, state‑based telephone health survey conducted by the CDC.",Centers for Disease Control and Prevention,Public health surveillance
pub.1025090985,Household food insecurity in black-slaves descendant communities in Brazil: has the legacy of slavery truly ended?,10.1017/s1368980016003414,"2011 Quilombolas Census (Censo de Comunidades Quilombolas Tituladas, 2011)",true,true,"A nationwide census of officially recognized Quilombola communities in Brazil, containing household-level information and EBIA items for food security assessment.",Brazilian Ministry of Social Development and Fight Against Hunger (MDS) / IBGE,"Demography, public health, food security"
pub.1025090985,Household food insecurity in black-slaves descendant communities in Brazil: has the legacy of slavery truly ended?,10.1017/s1368980016003414,Pesquisa Nacional por Amostra de Domicílios (PNAD),true,false,"Brazil's National Household Sample Survey conducted by IBGE, providing representative data on socioeconomic and food‑security indicators.",Instituto Brasileiro de Geografia e Estatística (IBGE),"Demography, socioeconomic research"
pub.1025090985,Household food insecurity in black-slaves descendant communities in Brazil: has the legacy of slavery truly ended?,10.1017/s1368980016003414,Censo Demográfico de 2010,true,false,"Brazil's 2010 Population Census conducted by IBGE, providing demographic information at the national level.",Instituto Brasileiro de Geografia e Estatística (IBGE),Demography
pub.1025715717,Food Insecurity Increases the Odds of Obesity Among Young Hispanic Children,10.1007/s10903-015-0275-0,CDC BMI‑for‑age Growth Chart,true,true,Reference growth chart providing age‑ and sex‑specific percentiles for body mass index in children and adolescents.,Centers for Disease Control and Prevention (CDC),Pediatrics / Growth Assessment
pub.1025827545,Prevalence of food insecurity among military households with children 5 years of age and younger,10.1017/s1368980016000422,Joint Base San Antonio Child Development Centers (JBSA‑CDC) household survey dataset,true,true,"A purpose‑collected cross‑sectional dataset of 248 military families with young children, containing demographic variables and food‑security responses.",Joint Base San Antonio Child Development Centers (JBSA‑CDC),Military family health / Public health
pub.1027570121,Increased Food Insecurity Among Mothers of 2 Year Olds with Special Health Care Needs,10.1007/s10995-015-1735-9,PRAMS-2 (Oregon PRAMS follow‑up survey),true,true,"A state‑specific follow‑up survey administered to the same women 2 years after their infant’s birth, collecting information on child health, food security, and CSHCN status.","Oregon Health Authority, CDC PRAMS program",Public health / Maternal and child health
pub.1027570121,Increased Food Insecurity Among Mothers of 2 Year Olds with Special Health Care Needs,10.1007/s10995-015-1735-9,National CSHCN Screener,true,false,A validated five‑item parent‑report instrument used nationally to identify children with special health care needs.,"Maternal and Child Health Bureau, U.S. Department of Health and Human Services",Child health / Public health
pub.1027570121,Increased Food Insecurity Among Mothers of 2 Year Olds with Special Health Care Needs,10.1007/s10995-015-1735-9,Oregon CSHCN Data (2005‑2006),true,false,State‑level dataset describing prevalence and characteristics of children with special health care needs in Oregon for 2005‑2006.,Oregon Health Authority / State health department,Public health / Child health
pub.1027657425,Rasch Analyses of Very Low Food Security among Households and Children in the Three City Study,10.1002/soej.12081,Three City Study (TCS),true,true,"A longitudinal survey of low‑income families with children in Boston, Chicago, and San Antonio.",University of Kentucky Center for Poverty Research,"Sociology, Public health, Poverty research"
pub.1027657425,Rasch Analyses of Very Low Food Security among Households and Children in the Three City Study,10.1002/soej.12081,Survey of Income and Program Participation (SIPP),true,false,"A longitudinal survey that collects data on income, program participation, and demographic characteristics.",U.S. Census Bureau,Economic and social research
pub.1027657425,Rasch Analyses of Very Low Food Security among Households and Children in the Three City Study,10.1002/soej.12081,Fragile Families and Child Well-Being Study (FFS),true,false,A longitudinal study of families with children born in large U.S. cities.,Various academic institutions,"Sociology, Child development"
pub.1027657425,Rasch Analyses of Very Low Food Security among Households and Children in the Three City Study,10.1002/soej.12081,Womens Employment Study (WES),true,false,A longitudinal survey focusing on women's labor market experiences.,U.S. Department of Labor,"Labor economics, Gender studies"
pub.1027657425,Rasch Analyses of Very Low Food Security among Households and Children in the Three City Study,10.1002/soej.12081,Early Child Longitudinal Surveys (ECLS),true,false,A set of longitudinal studies tracking child development and early learning in the United States.,U.S. Department of Education,"Education, Child development"
pub.1029873148,Back to Basics: Is Civic Agriculture the Solution to Food Deserts in Texas?,10.4236/jss.2015.35012,discovered_datasets,false,false,,,
pub.1029873148,Back to Basics: Is Civic Agriculture the Solution to Food Deserts in Texas?,10.4236/jss.2015.35012,name,false,false,,,
pub.1029873148,Back to Basics: Is Civic Agriculture the Solution to Food Deserts in Texas?,10.4236/jss.2015.35012,confidence_score_mention,false,false,,,
pub.1029873148,Back to Basics: Is Civic Agriculture the Solution to Food Deserts in Texas?,10.4236/jss.2015.35012,text_quote,false,false,,,
pub.1029873148,Back to Basics: Is Civic Agriculture the Solution to Food Deserts in Texas?,10.4236/jss.2015.35012,domain,false,false,,,
pub.1029873148,Back to Basics: Is Civic Agriculture the Solution to Food Deserts in Texas?,10.4236/jss.2015.35012,Public health / Food security,false,false,,,
pub.1029873148,Back to Basics: Is Civic Agriculture the Solution to Food Deserts in Texas?,10.4236/jss.2015.35012,size,false,false,,,
pub.1029873148,Back to Basics: Is Civic Agriculture the Solution to Food Deserts in Texas?,10.4236/jss.2015.35012,Tabular/geospatial dataset,false,false,,,
pub.1029873148,Back to Basics: Is Civic Agriculture the Solution to Food Deserts in Texas?,10.4236/jss.2015.35012,access_info,false,false,,,
pub.1029873148,Back to Basics: Is Civic Agriculture the Solution to Food Deserts in Texas?,10.4236/jss.2015.35012,is_known_dataset,false,false,,,
pub.1029873148,Back to Basics: Is Civic Agriculture the Solution to Food Deserts in Texas?,10.4236/jss.2015.35012,matched_known_dataset,false,false,,,
pub.1029873148,Back to Basics: Is Civic Agriculture the Solution to Food Deserts in Texas?,10.4236/jss.2015.35012,discovery_reasoning,false,false,,,
pub.1029873148,Back to Basics: Is Civic Agriculture the Solution to Food Deserts in Texas?,10.4236/jss.2015.35012,"},
    {",false,false,,,
pub.1029873148,Back to Basics: Is Civic Agriculture the Solution to Food Deserts in Texas?,10.4236/jss.2015.35012,": 9.0,",false,false,,,
pub.1029873148,Back to Basics: Is Civic Agriculture the Solution to Food Deserts in Texas?,10.4236/jss.2015.35012,": 8.5,",false,false,,,
pub.1029873148,Back to Basics: Is Civic Agriculture the Solution to Food Deserts in Texas?,10.4236/jss.2015.35012,US Census Bureau,false,false,,,
pub.1029873148,Back to Basics: Is Civic Agriculture the Solution to Food Deserts in Texas?,10.4236/jss.2015.35012,Demographics / Public health,false,false,,,
pub.1029873148,Back to Basics: Is Civic Agriculture the Solution to Food Deserts in Texas?,10.4236/jss.2015.35012,"All Texas census tracts (~5,258)",false,false,,,
pub.1029873148,Back to Basics: Is Civic Agriculture the Solution to Food Deserts in Texas?,10.4236/jss.2015.35012,format,false,false,,,
pub.1029873148,Back to Basics: Is Civic Agriculture the Solution to Food Deserts in Texas?,10.4236/jss.2015.35012,Tabular data via American Fact Finder,false,false,,,
pub.1029873148,Back to Basics: Is Civic Agriculture the Solution to Food Deserts in Texas?,10.4236/jss.2015.35012,": false,",false,false,,,
pub.1029873148,Back to Basics: Is Civic Agriculture the Solution to Food Deserts in Texas?,10.4236/jss.2015.35012,": null,",false,false,,,
pub.1029873148,Back to Basics: Is Civic Agriculture the Solution to Food Deserts in Texas?,10.4236/jss.2015.35012,Agriculture / Food access,false,false,,,
pub.1029873148,Back to Basics: Is Civic Agriculture the Solution to Food Deserts in Texas?,10.4236/jss.2015.35012,200 markets in Texas,false,false,,,
pub.1029873148,Back to Basics: Is Civic Agriculture the Solution to Food Deserts in Texas?,10.4236/jss.2015.35012,Geospatial list with attribute fields,false,false,,,
pub.1029873148,Back to Basics: Is Civic Agriculture the Solution to Food Deserts in Texas?,10.4236/jss.2015.35012,Agriculture / Land use,false,false,,,
pub.1029873148,Back to Basics: Is Civic Agriculture the Solution to Food Deserts in Texas?,10.4236/jss.2015.35012,State‑wide raster covering all Texas counties,false,false,,,
pub.1029873148,Back to Basics: Is Civic Agriculture the Solution to Food Deserts in Texas?,10.4236/jss.2015.35012,Raster GIS layer,false,false,,,
pub.1029873148,Back to Basics: Is Civic Agriculture the Solution to Food Deserts in Texas?,10.4236/jss.2015.35012,Demographics / Migration,false,false,,,
pub.1029873148,Back to Basics: Is Civic Agriculture the Solution to Food Deserts in Texas?,10.4236/jss.2015.35012,National migration counts by state,false,false,,,
pub.1029873148,Back to Basics: Is Civic Agriculture the Solution to Food Deserts in Texas?,10.4236/jss.2015.35012,Tabular summary,false,false,,,
pub.1029873148,Back to Basics: Is Civic Agriculture the Solution to Food Deserts in Texas?,10.4236/jss.2015.35012,Publicly available via Census Bureau reports,false,false,,,
pub.1029873148,Back to Basics: Is Civic Agriculture the Solution to Food Deserts in Texas?,10.4236/jss.2015.35012,"}
  ],",false,false,,,
pub.1029873148,Back to Basics: Is Civic Agriculture the Solution to Food Deserts in Texas?,10.4236/jss.2015.35012,: {,false,false,,,
pub.1029873148,Back to Basics: Is Civic Agriculture the Solution to Food Deserts in Texas?,10.4236/jss.2015.35012,": 6,",false,false,,,
pub.1029873148,Back to Basics: Is Civic Agriculture the Solution to Food Deserts in Texas?,10.4236/jss.2015.35012,": 1,",false,false,,,
pub.1029873148,Back to Basics: Is Civic Agriculture the Solution to Food Deserts in Texas?,10.4236/jss.2015.35012,": 5,",false,false,,,
pub.1029873148,Back to Basics: Is Civic Agriculture the Solution to Food Deserts in Texas?,10.4236/jss.2015.35012,ERS,false,false,,,
pub.1029873148,Back to Basics: Is Civic Agriculture the Solution to Food Deserts in Texas?,10.4236/jss.2015.35012,API,false,false,,,
pub.1029873148,Back to Basics: Is Civic Agriculture the Solution to Food Deserts in Texas?,10.4236/jss.2015.35012,AMS,false,false,,,
pub.1032387656,Food insecurity in veteran households: findings from nationally representative data,10.1017/s1368980015003067,American Community Survey (ACS),true,false,"Annual nationwide survey providing detailed demographic, social, economic, and housing data.",U.S. Census Bureau,Demography / Social science
pub.1032387656,Food insecurity in veteran households: findings from nationally representative data,10.1017/s1368980015003067,Survey of Income and Program Participation (SIPP),true,false,"Longitudinal survey that collects data on income, program participation, and other economic variables.",U.S. Census Bureau,Economics / Social policy
pub.1032387656,Food insecurity in veteran households: findings from nationally representative data,10.1017/s1368980015003067,Veterans Aging Cohort Study (VACS),true,false,A longitudinal cohort study of U.S. veterans receiving care through the Veterans Health Administration.,Veterans Health Administration,Public health / Veteran health
pub.1032417256,"Agroecosystem health, agroecosystem resilience, and food security",10.1007/s13412-015-0322-0,U.S. Census,true,true,National demographic and socioeconomic data collected by the U.S. Census Bureau.,U.S. Census Bureau,Social/Economic
pub.1032417256,"Agroecosystem health, agroecosystem resilience, and food security",10.1007/s13412-015-0322-0,U.S. Geological Survey,true,true,Federal agency providing geospatial and environmental data such as elevation models and land cover.,U.S. Geological Survey (USGS),Geography/Environmental Science
pub.1032417256,"Agroecosystem health, agroecosystem resilience, and food security",10.1007/s13412-015-0322-0,SSURGO,true,true,Soil Survey Geographic Database providing detailed soil property maps for the United States.,Natural Resources Conservation Service (NRCS) of USDA,Soil Science/Agriculture
pub.1033456297,Unpacking an Anomaly: Analyzing the 2005–2012 Current Population Survey to Understand Why Many Emergency Food Assistance Users Report Being Food Secure,10.1080/19320248.2016.1157548,USDA Emergency Food Assistance Client Survey (2001),true,false,A one‑time survey of food‑pantry clients administered by the USDA to assess food‑security status using the 6‑item short form.,U.S. Department of Agriculture,Food Assistance Survey
pub.1033456297,Unpacking an Anomaly: Analyzing the 2005–2012 Current Population Survey to Understand Why Many Emergency Food Assistance Users Report Being Food Secure,10.1080/19320248.2016.1157548,Feeding America Client Surveys (2010 & 2014),true,false,Two cross‑sectional surveys of clients at Feeding America partner agencies assessing food‑security using the USDA 6‑item short form.,Feeding America,Food Assistance Survey
pub.1034798033,Food Insecurity and Food Resource Utilization in an Urban Immigrant Community,10.1007/s10903-015-0331-9,City Heights Core Area Survey,true,true,"Original household‑level survey of 809 respondents in the City Heights neighborhood, covering food security, resource utilization, demographics, and diet.",Researchers at University of Southern California,Public Health / Immigration
pub.1036277410,The relationship between childhood adversity and food insecurity: ‘It’s like a bird nesting in your head’,10.1017/s1368980014003036,Children's HealthWatch-Philadelphia study,true,true,"A multi‑site surveillance study of pediatric emergency department visits in Philadelphia, used here as a source of eligible families.",Children’s Hospital of Philadelphia (CHOP) emergency department surveillance program,Pediatric health / Public health surveillance
pub.1036539526,Internal validity of the Food Access Survey Tool in assessing household food insecurity in rural Zambia,10.1007/s12571-016-0573-y,Food Access Survey Tool (FAST),false,false,A 9‑item Likert scale originally developed in Bangladesh to assess household food insecurity; adapted for Zambia by changing staple crop references.,Original development cited as Coates et al. 2003; adaptation performed by the authors for this study.,Food security / nutrition
pub.1036539526,Internal validity of the Food Access Survey Tool in assessing household food insecurity in rural Zambia,10.1007/s12571-016-0573-y,Household Food Insecurity Access Scale (HFIAS),false,false,A behavior‑based scale measuring household food access.,Cited as Coates et al. 2007.,Food security / nutrition
pub.1036539526,Internal validity of the Food Access Survey Tool in assessing household food insecurity in rural Zambia,10.1007/s12571-016-0573-y,Coping Strategies Index (CSI),false,false,An index that scores household coping behaviors during food shortage.,Cited as Maxwell and Caldwell 2008.,Food security / nutrition
pub.1036539526,Internal validity of the Food Access Survey Tool in assessing household food insecurity in rural Zambia,10.1007/s12571-016-0573-y,Biofortified Maize Trial Dataset,false,false,Data from a randomized controlled trial evaluating provitamin A biofortified maize versus conventional white maize on child vitamin A status.,Trial described in Palmer et al. 2016.,Nutrition / public health intervention
pub.1038132438,Food Insecurity Among American Indians and Alaska Natives: A National Profile Using the Current Population Survey–Food Security Supplement,10.1080/19320248.2016.1227750,California Health Interview Survey,true,false,"A state‑level health interview survey that collects data on health status, access to care, and health behaviors of California residents.",UCLA Center for Health Policy Research,"Public health, health services research"
pub.1038202052,Food insecurity and food deserts,10.1097/01.npr.0000453644.36533.3a,Food Desert Locator,true,false,An online mapping tool that identifies food deserts and food outlets by census tract.,U.S. Department of Agriculture,Public health / Geography
pub.1038202052,Food insecurity and food deserts,10.1097/01.npr.0000453644.36533.3a,U.S. Census Bureau Poverty Data,true,false,Poverty statistics collected by the U.S. Census Bureau.,U.S. Census Bureau,Demography / Socioeconomics
pub.1038255161,Toward resilient food systems through increased agricultural diversity and local sourcing in the Carolinas,10.1007/s13412-015-0321-1,U.S. Census Bureau State and County Quick Facts,false,false,"A dataset providing demographic, economic, and housing information at state and county levels compiled by the United States Census Bureau.",U.S. Census Bureau 2014,Demographics/Economics
pub.1039813511,Food Insecurity and the Burden of Health-Related Social Problems in an Urban Youth Population,10.1016/j.jadohealth.2015.08.013,Youth Risk Behavior Survey,true,false,A national survey collecting data on health‑related behaviors among youth.,CDC,Public health
pub.1039813511,Food Insecurity and the Burden of Health-Related Social Problems in an Urban Youth Population,10.1016/j.jadohealth.2015.08.013,Growing Up Today Study,true,false,A longitudinal cohort study of adolescents and young adults.,,Epidemiology
pub.1039813511,Food Insecurity and the Burden of Health-Related Social Problems in an Urban Youth Population,10.1016/j.jadohealth.2015.08.013,Adolescent Longitudinal Study of Health,true,false,A longitudinal study examining health outcomes in adolescents.,,Public health
pub.1039813511,Food Insecurity and the Burden of Health-Related Social Problems in an Urban Youth Population,10.1016/j.jadohealth.2015.08.013,National Longitudinal Study of Adolescent Health (Add Health),true,false,A nationally representative longitudinal study of adolescent health.,,Epidemiology
pub.1039844976,Household Food Insecurity Is a Stronger Marker of Adequacy of Nutrient Intakes among Canadian Compared to American Youth and Adults 1–,10.3945/jn.114.208579,Canadian Nutrient File,true,true,A database of nutrient composition for foods commonly consumed in Canada.,Paper (methods),Food composition database
pub.1039844976,Household Food Insecurity Is a Stronger Marker of Adequacy of Nutrient Intakes among Canadian Compared to American Youth and Adults 1–,10.3945/jn.114.208579,Food and Nutrient Database for Dietary Surveys (FNDDS),true,true,A USDA database that links foods reported in dietary surveys to nutrient values.,Paper (methods),Food composition database
pub.1041573261,Test-Retest Reliability of the National Health and Nutrition Examination Survey's 5-Item Food Insecurity Questionnaire Completed by Fourth-Grade Children,10.1016/j.jneb.2015.06.006,South Carolina Palmetto Assessment of State Standards (SCPASS),true,true,Statewide standardized test scores for elementary and middle school students in South Carolina.,South Carolina Department of Education,Education
pub.1041904252,Supplemental Nutrition Assistance Program and food insecurity among families with children,10.1016/j.jpolmod.2016.05.003,Survey of Income and Program Participation (SIPP),true,false,"A longitudinal survey collecting data on income, program participation, and demographics.",U.S. Census Bureau,Social/Economic
pub.1041904252,Supplemental Nutrition Assistance Program and food insecurity among families with children,10.1016/j.jpolmod.2016.05.003,National Food Stamp Program Survey,true,false,Survey collecting information on food stamp program participants and outcomes.,USDA,Agricultural/Economic
pub.1042031042,Food- and Health-Related Correlates of Self-Reported Body Mass Index Among Low-Income Mothers of Young Children,10.1016/j.jneb.2015.01.004,Food Security Core Module (FSCM),true,false,An 18‑item questionnaire used by USDA to assess household food security status.,U.S. Department of Agriculture,Food Security / Nutrition
pub.1043945285,"Food Acquisition Strategies, Food Security, and Health Status among Families with Children Using Food Pantries",10.1606/1044-3894.2015.96.16,U.S. Census Bureau Current Population Reports,true,false,Annual reports providing demographic and socioeconomic data for the United States.,U.S. Census Bureau,Demography / Socio‑economic Statistics
pub.1043945285,"Food Acquisition Strategies, Food Security, and Health Status among Families with Children Using Food Pantries",10.1606/1044-3894.2015.96.16,NCHS Data Brief,true,false,Brief reports from the National Center for Health Statistics summarizing health‑related data.,National Center for Health Statistics (NCHS),Public Health / Epidemiology
pub.1044665553,"“Do You Wanna Breathe or Eat?”: Parent Perspectives on Child Health Consequences of Food Insecurity, Trade-Offs, and Toxic Stress",10.1007/s10995-015-1797-8,Children's HealthWatch (CHW) study,true,true,A multi‑site longitudinal study examining how public assistance programs and economic hardships affect the well‑being of young children and their caregivers.,,Public health / Child health
pub.1044764715,Analyzing the Role of Community and Individual Factors in Food Insecurity: Identifying Diverse Barriers Across Clustered Community Members,10.1007/s10900-016-0171-0,Community food security assessment survey (Pueblo County),true,true,"Primary data collected by the authors consisting of a questionnaire administered to 684 Pueblo County residents and three focus groups, covering food‑security, transportation, and demographic variables.","Pueblo City‑County Health Department, Colorado State University Extension, Colorado Agricultural Experiment Station, WPM Consulting LLC",Public health / Food security
pub.1045618665,The Role of the Supplemental Nutrition Assistance Program in the Relationship Between Food Insecurity and Probability of Maternal Depression,10.1080/19320248.2015.1045672,Fragile Families and Child Wellbeing Study,true,true,"A longitudinal cohort study that follows families from birth onward, collecting data on child and family outcomes.",Fragile Families and Child Wellbeing Study data repository,Social science / Family studies
pub.1047158720,Auxiliary measures to assess factors related to food insecurity: Preliminary testing and baseline characteristics of newly designed hunger-coping scales,10.1016/j.pmedr.2016.06.021,BLIND Plan Survey,true,true,"A locally developed, community‑based survey instrument used to collect data on food insecurity and hunger‑coping behaviors among very low‑income adults in a Midwest city.",BLIND Plan (community‑based initiative),Public Health / Nutrition
pub.1047158720,Auxiliary measures to assess factors related to food insecurity: Preliminary testing and baseline characteristics of newly designed hunger-coping scales,10.1016/j.pmedr.2016.06.021,Hunger in America Survey,true,false,A periodic survey conducted by Feeding America that tracks food‑insecurity trends in the United States.,Feeding America,Food Security
pub.1047979751,"Geospatial Evaluation for Urban Agriculture Land Inventory: Roanoke, Virginia USA",10.4018/ijagr.2017010103,US EPA Toxic Release Inventory (TRI),true,true,Dataset tracking management of toxic chemicals and releases in the United States.,U.S. Environmental Protection Agency,Environmental Health / Pollution
pub.1047979751,"Geospatial Evaluation for Urban Agriculture Land Inventory: Roanoke, Virginia USA",10.4018/ijagr.2017010103,US EPA Superfund Sites,true,true,Dataset of hazardous waste sites designated for cleanup by the EPA.,U.S. Environmental Protection Agency,Environmental Health / Pollution
pub.1047979751,"Geospatial Evaluation for Urban Agriculture Land Inventory: Roanoke, Virginia USA",10.4018/ijagr.2017010103,U.S. Census Poverty Data (Household Federal Poverty Rate by Block Group),true,true,Census block group level poverty rates.,U.S. Census Bureau,Demography / Public Health
pub.1047979751,"Geospatial Evaluation for Urban Agriculture Land Inventory: Roanoke, Virginia USA",10.4018/ijagr.2017010103,US EPA Resource Conservation and Recovery Act (RCRA) Sites,true,true,Dataset of facilities regulated under RCRA for hazardous waste management.,U.S. Environmental Protection Agency,Environmental Health / Pollution
pub.1047979751,"Geospatial Evaluation for Urban Agriculture Land Inventory: Roanoke, Virginia USA",10.4018/ijagr.2017010103,FEMA Floodways and Floodplains,true,true,GIS layers of floodway and floodplain boundaries.,Federal Emergency Management Agency,Hydrology / Disaster Management
pub.1047979751,"Geospatial Evaluation for Urban Agriculture Land Inventory: Roanoke, Virginia USA",10.4018/ijagr.2017010103,National School Lunch Program (NSLP) Data,true,true,School-level data on percentage of students qualifying for free/reduced lunch.,Virginia Department of Education / USDA,Education / Food Security
pub.1047979751,"Geospatial Evaluation for Urban Agriculture Land Inventory: Roanoke, Virginia USA",10.4018/ijagr.2017010103,Virginia Department of Environmental Quality (DEQ) Solid Waste Facility Shapefile,true,true,GIS layer of solid waste facilities in Virginia.,Virginia Department of Environmental Quality,Environmental Management
pub.1047979751,"Geospatial Evaluation for Urban Agriculture Land Inventory: Roanoke, Virginia USA",10.4018/ijagr.2017010103,Virginia Geographic Information Network (VGIN) Aerial Photo and GIS Data,true,true,High‑resolution aerial imagery and vector layers for Virginia.,Virginia Geographic Information Network,Geospatial / Land Use
pub.1047979751,"Geospatial Evaluation for Urban Agriculture Land Inventory: Roanoke, Virginia USA",10.4018/ijagr.2017010103,Virginia DEQ Petroleum Release Sites,true,true,GIS layer of petroleum release incidents in Virginia.,Virginia Department of Environmental Quality,Environmental Contamination
pub.1047979751,"Geospatial Evaluation for Urban Agriculture Land Inventory: Roanoke, Virginia USA",10.4018/ijagr.2017010103,Virginia DEQ VPDES Shapefile,true,true,GIS layer of National Pollutant Discharge Elimination System permits in Virginia.,Virginia Department of Environmental Quality,Water Quality
pub.1047979751,"Geospatial Evaluation for Urban Agriculture Land Inventory: Roanoke, Virginia USA",10.4018/ijagr.2017010103,National Agriculture Imagery Program (NAIP) Aerial Photo,true,true,Annual aerial imagery collected by USDA for the United States.,USDA National Agricultural Imagery Program,Remote Sensing / Land Use
pub.1047979751,"Geospatial Evaluation for Urban Agriculture Land Inventory: Roanoke, Virginia USA",10.4018/ijagr.2017010103,TigerLine Shapefiles,true,true,Census Bureau's line files for geographic features.,U.S. Census Bureau,Geography / GIS
pub.1048389849,"Migrant and Seasonal Farmworker Food Insecurity: Prevalence, Impact, Risk Factors, and Coping Strategies",10.1080/19371918.2015.1019173,National Agricultural Workers Survey (NAWS),true,true,"A nationally representative survey of farmworkers conducted by the U.S. Department of Labor, collecting demographic, employment, and wage information.",U.S. Department of Labor,Labor Economics / Agricultural Workforce
pub.1048389849,"Migrant and Seasonal Farmworker Food Insecurity: Prevalence, Impact, Risk Factors, and Coping Strategies",10.1080/19371918.2015.1019173,Profile of Hired Workers (USDA),true,true,"A USDA dataset providing demographic and employment characteristics of hired workers in the United States, often used to study agricultural labor markets.",U.S. Department of Agriculture,Agricultural Labor Statistics
pub.1049012797,"Nativity, Not Acculturation, Predicts SNAP Usage Among Low-income Hispanics With Food Insecurity",10.1080/19320248.2014.962779,America's Second Harvest Survey,true,false,A survey conducted by America's Second Harvest (now Feeding America) that gathers information on food‑insecurity and program participation.,America's Second Harvest / Feeding America,Food assistance / hunger research
pub.1049012797,"Nativity, Not Acculturation, Predicts SNAP Usage Among Low-income Hispanics With Food Insecurity",10.1080/19320248.2014.962779,Core Food Security Module (CFSM) 6‑item instrument,true,false,"A six‑question USDA instrument derived from the Household Food Security Survey Module, used to classify households into food‑security categories.",U.S. Department of Agriculture,Food security measurement
pub.1049032982,The role of health behaviors and food insecurity in predicting fruit and vegetable intake in low-income children,10.1080/02739615.2015.1124772,National Youth Risk Behavior Survey (YRBS),true,false,A biennial CDC survey that gathers data on health‑related behaviors among U.S. youth.,Centers for Disease Control and Prevention,Public Health / Adolescent Behavior
pub.1049032982,The role of health behaviors and food insecurity in predicting fruit and vegetable intake in low-income children,10.1080/02739615.2015.1124772,What Foods Did You Eat measure,true,true,"A brief fruit‑and‑vegetable screener originally developed for urban African‑American youth, adapted here for parent report.","Weber Cullen et al., 1999",Nutrition / Dietary Assessment
pub.1050483147,Interest in Nutrition and Local Food Systems among Food-Insecure Households in an Appalachian Community,10.1080/19320248.2016.1146191,Berea Community Food Assessment Survey,true,true,"Original survey instrument administered to 259 households in Berea, Kentucky, covering consumption patterns, food preferences, food security status, and demographic information.",Primary data collected by the authors,Public health / Community nutrition
pub.1051620580,Food Insecurity and Health Care Utilization Among Older Adults in the United States,10.1080/21551197.2016.1200334,Family Food Security (FFS) supplement,true,true,A supplemental module added to the NHIS Family core in 2011‑2012 that captures family‑level food‑security information.,U.S. Department of Agriculture (USDA) via NHIS,Nutrition / Food security
pub.1051620580,Food Insecurity and Health Care Utilization Among Older Adults in the United States,10.1080/21551197.2016.1200334,Georgia Advanced Performance Outcomes Measures Project 6 (GA Advanced POMP6) linked with Medicare claims (CMS),true,false,A state‑level administrative dataset that combines Medicare claims with a performance outcomes project for older adults in Georgia.,Georgia Department of Public Health / CMS,Health services research
pub.1051620580,Food Insecurity and Health Care Utilization Among Older Adults in the United States,10.1080/21551197.2016.1200334,California Health Interview Survey (CHIS),true,false,A state‑level health interview survey conducted in California.,"University of California, Los Angeles (UCLA) Center for Health Policy Research",Public health
pub.1053779151,A Decade of Analysis: Household Food Insecurity Among Low-Income Immigrant Children,10.1177/0192513x16661216,Early Childhood Longitudinal Study‑Kindergarten (ECLS‑K),true,false,A longitudinal study that follows a nationally representative cohort of children who were in kindergarten in 1998‑1999.,"U.S. Department of Education, National Center for Education Statistics","Education, child development, public policy"
pub.1059307554,Food Insecurity Associated with Self-Efficacy and Acculturation,10.1089/pop.2015.0179,Behavioral Risk Factor Surveillance System (BRFSS),true,false,"A state‑based telephone survey that collects data on health‑related risk behaviors, chronic health conditions, and use of preventive services.",Centers for Disease Control and Prevention (CDC),Public health / Epidemiology
pub.1059307554,Food Insecurity Associated with Self-Efficacy and Acculturation,10.1089/pop.2015.0179,"United States Department of Agriculture Survey Module: Three‑stage Design, with Screeners",true,false,Technical documentation describing the sampling and questionnaire design of the USDA Household Food Security Survey Module.,U.S. Department of Agriculture (USDA),Survey methodology / Food security
pub.1063573950,Food Insecurity in U.S. Households That Include Children With Disabilities,10.1177/0014402916651847,Survey of Income and Program Participation (SIPP),true,true,"A longitudinal, nationally representative survey of U.S. households that collects detailed information on income, program participation, disability status, and material hardship including food security.",U.S. Census Bureau (fielded by Westat),Social/Economic Survey
pub.1067171610,Food Insecurity And Health Outcomes,10.1377/hlthaff.2015.0645,Panel Study of Income Dynamics (PSID),true,false,"A longitudinal household panel survey tracking economic, social, and health dynamics of families in the United States.",University of Michigan Survey Research Center,Economic/Social
pub.1067171610,Food Insecurity And Health Outcomes,10.1377/hlthaff.2015.0645,Early Childhood Longitudinal Study – Kindergarten Class (ECLS‑K),true,false,"A nationally representative longitudinal study of children who were in kindergarten in 1998‑1999, following them through school.",National Center for Education Statistics,Education/Child Development
pub.1067171610,Food Insecurity And Health Outcomes,10.1377/hlthaff.2015.0645,Fragile Families and Child Wellbeing Study,true,false,"A longitudinal birth cohort study of nearly 5,000 children born in large U.S. cities between 1998‑2000.","Harvard University, Princeton University, and others",Sociology/Family Studies
pub.1067171610,Food Insecurity And Health Outcomes,10.1377/hlthaff.2015.0645,National Longitudinal Survey of Children and Youth (NLSCY),true,false,A Canadian longitudinal survey that follows children and their families over time.,Statistics Canada,Health/Social
pub.1067171610,Food Insecurity And Health Outcomes,10.1377/hlthaff.2015.0645,Children’s Health‑Watch sentinel study,true,false,A surveillance study collecting health data on young children in urban hospitals.,Not explicitly stated,Public Health/Child Health
pub.1068323809,Identifying rural food deserts: Methodological considerations for food environment interventions,10.17269/cjph.107.5353,DMTI CanMap Streetfiles 2013,false,false,"Geographic street‑level dataset providing road network geometry for Quebec, used to compute network distances.",DMTI (Digital Map Technologies Inc.),Geography / GIS
pub.1068323809,Identifying rural food deserts: Methodological considerations for food environment interventions,10.17269/cjph.107.5353,Quebec municipal property assessment roll of 2010,false,false,"Administrative dataset containing property assessments, addresses, and functional classifications for all municipal properties in Quebec (2010).",MAMROT (Quebec Ministry of Municipal Affairs),Public administration / Urban planning
pub.1068323809,Identifying rural food deserts: Methodological considerations for food environment interventions,10.17269/cjph.107.5353,Canadian Census 2006,false,false,National population census providing demographic and socioeconomic variables used to compute a deprivation index.,Statistics Canada,Demography / Public health
pub.1068323809,Identifying rural food deserts: Methodological considerations for food environment interventions,10.17269/cjph.107.5353,National Nutritious Food Basket (2008),false,false,A reference list of recommended nutritious foods used as a benchmark for evaluating store offerings.,,Nutrition / Public health
pub.1071754222,"Household Food Insecurity Is Associated with Childhood Asthma 1 , 2",10.3945/jn.115.215939,Early Childhood Longitudinal Study - Kindergarten Cohort (ECLS-K),true,true,"A nationally representative longitudinal study of U.S. children who entered kindergarten in 1998‑1999, with multiple waves of data collection through grade 8.","National Center for Education Statistics (NCES) Early Childhood Longitudinal Study, Kindergarten Class of 1998‑99.",Education / Child health
pub.1071754403,Food Insecurity Is Associated with Subsequent Cognitive Decline in the Boston Puerto Rican Health Study 1–3,10.3945/jn.115.228700,Boston Puerto Rican Health Study,true,true,"A prospective cohort study of Puerto Rican adults in the Boston area, collecting health, dietary, and cognitive data.",Boston University / Tufts Medical Center,"Epidemiology, public health"
pub.1071754403,Food Insecurity Is Associated with Subsequent Cognitive Decline in the Boston Puerto Rican Health Study 1–3,10.3945/jn.115.228700,California Women’s Health Survey,true,false,A state‑level health survey conducted by the California Department of Public Health.,California Department of Public Health,Public health
pub.1071754403,Food Insecurity Is Associated with Subsequent Cognitive Decline in the Boston Puerto Rican Health Study 1–3,10.3945/jn.115.228700,Hispanic Health and Nutrition Examination Survey,true,false,A national survey focusing on health and nutrition of Hispanic adults in the United States.,National Center for Health Statistics,Public health
pub.1071754403,Food Insecurity Is Associated with Subsequent Cognitive Decline in the Boston Puerto Rican Health Study 1–3,10.3945/jn.115.228700,International Food Security Assessment,true,false,A multi‑year assessment report on global food security trends produced by international agencies.,FAO/UN,Food security
pub.1071754452,"A Model-Based Approach to Identify Classes and Respective Cutoffs of the Brazilian Household Food Insecurity Measurement Scale 1 , 2",10.3945/jn.116.231845,Brazilian Household Food Insecurity Measurement Scale (EBIA) responses,true,true,Data collected via the Brazilian Household Food Insecurity Measurement Scale (EBIA) from a cross‑sectional survey of low‑income households.,Primary data collection by the authors (2010 survey in Rio de Janeiro),Nutrition / Public Health
pub.1071754452,"A Model-Based Approach to Identify Classes and Respective Cutoffs of the Brazilian Household Food Insecurity Measurement Scale 1 , 2",10.3945/jn.116.231845,Food Insecurity Experience Scale (FIES),true,false,A globally‑standardized questionnaire developed by the FAO to measure food insecurity experiences.,Food and Agriculture Organization of the United Nations,Nutrition / Global Health
pub.1071754452,"A Model-Based Approach to Identify Classes and Respective Cutoffs of the Brazilian Household Food Insecurity Measurement Scale 1 , 2",10.3945/jn.116.231845,Pesquisa Nacional por Amostra de Domicílios (PNAD),true,false,"Brazilian National Household Sample Survey conducted by IBGE, providing socioeconomic and health data.",Instituto Brasileiro de Geografia e Estatística (IBGE),Sociology / Public Health
pub.1071754461,Severity of Household Food Insecurity Is Positively Associated with Mental Disorders among Children and Adolescents in the United States 1–4,10.3945/jn.116.232298,National Comorbidity Survey Replication‑Adolescent Supplement (NCS‑A),true,false,A nationally representative psychiatric epidemiology survey of US adolescents.,Harvard School of Public Health / Institute for Social Research,"Psychiatry, Epidemiology"
pub.1071754461,Severity of Household Food Insecurity Is Positively Associated with Mental Disorders among Children and Adolescents in the United States 1–4,10.3945/jn.116.232298,Web‑based Injury Statistics Query and Reporting System (WISQARS),true,false,"A CDC‑maintained online database providing injury, death, and cost statistics.",Centers for Disease Control and Prevention,"Public Health, Injury Epidemiology"
pub.1073476597,"Who Is Food Insecure? Implications for Targeted Recruitment and Outreach, National Health and Nutrition Examination Survey, 2005–2010",10.5888/pcd13.160103,Hunger Center Longitudinal Database (HCLD),true,false,"A longitudinal database containing records of clients served by food banks, intended for research purposes.",The Hunger Center (North Texas Food Bank),Public health / food assistance program data
pub.1073476619,"Food Insecurity and Cardiovascular Health in Pregnant Women: Results From the Food for Families Program, Chelsea, Massachusetts, 2013–2015",10.5888/pcd13.160212,Food for Families program data,true,true,"Internal dataset comprising referral, enrollment, and sociodemographic information for patients interacting with the Food for Families program at a community health center.",Chelsea Health Center electronic health record,Clinical / Food‑security intervention
pub.1073476619,"Food Insecurity and Cardiovascular Health in Pregnant Women: Results From the Food for Families Program, Chelsea, Massachusetts, 2013–2015",10.5888/pcd13.160212,Electronic Health Record (EHR) data,true,true,"Clinical data (vitals, labs, diagnoses) retrieved from the health system's EHR for the study cohort.",Chelsea Health Center EHR system,Clinical / Obstetrics
pub.1073476619,"Food Insecurity and Cardiovascular Health in Pregnant Women: Results From the Food for Families Program, Chelsea, Massachusetts, 2013–2015",10.5888/pcd13.160212,US Census poverty thresholds,true,false,Official poverty threshold tables published by the U.S. Census Bureau used for calculating income‑to‑poverty ratios.,U.S. Census Bureau,Economic / Demographic
pub.1074242117,Who are the World’s Food Insecure? New Evidence from the Food and Agriculture Organization’s Food Insecurity Experience Scale,10.1016/j.worlddev.2017.01.006,Gallup World Poll (GWP),true,true,"An annual survey of individuals (age 15+) in about 149 countries, collecting demographic, socioeconomic, and opinion variables.","Gallup, Inc.",Social/Economic Survey
pub.1074242117,Who are the World’s Food Insecure? New Evidence from the Food and Agriculture Organization’s Food Insecurity Experience Scale,10.1016/j.worlddev.2017.01.006,Food Insecurity Experience Scale Survey Module (FIES‑SM),true,true,An 8‑item experiential questionnaire measuring individual food‑insecurity experiences over the past 12 months.,"FAO Voices of the Hungry project, administered by Gallup.",Food security measurement
pub.1074242117,Who are the World’s Food Insecure? New Evidence from the Food and Agriculture Organization’s Food Insecurity Experience Scale,10.1016/j.worlddev.2017.01.006,World Bank World Development Indicators (WDI),true,true,A collection of development‑related economic and social indicators for countries worldwide.,World Bank,Economic development data
pub.1074242117,Who are the World’s Food Insecure? New Evidence from the Food and Agriculture Organization’s Food Insecurity Experience Scale,10.1016/j.worlddev.2017.01.006,Escala Latinoamericana y Caribeña de Seguridad Alimentaria (ELCSA),true,false,A Latin American and Caribbean experiential food‑security questionnaire.,Various Latin American governmental and research agencies.,Food security measurement
pub.1083848693,Brief assessment of food insecurity accurately identifies high-risk US adults,10.1017/s1368980017000180,2013 Current Population Survey (CPS) December Supplement,false,false,"A monthly household survey conducted by the U.S. Census Bureau for the Bureau of Labor Statistics, providing demographic and socioeconomic data including food security measures.",U.S. Census Bureau / Bureau of Labor Statistics,"Labor economics, public health, nutrition"
pub.1083848693,Brief assessment of food insecurity accurately identifies high-risk US adults,10.1017/s1368980017000180,Six‑item Short Form of the Food Security Survey Module,false,false,A reduced version of the USDA Household Food Security Survey Module consisting of six items used in some research studies for brevity.,U.S. Department of Agriculture (derived from HFSSM),Public health / nutrition
pub.1083939820,"Food Insecurity, Weight Status, and Perceived Nutritional and Exercise Barriers in an Urban Youth Population",10.1177/0009922817693301,U.S. Adult Food Security Survey Module,true,false,A 10‑item questionnaire developed by the USDA to assess adult food security status.,U.S. Department of Agriculture,Nutrition/Public Health
pub.1084055508,Food Insecurity Screening in Pediatric Primary Care: Can Offering Referrals Help Identify Families in Need?,10.1016/j.acap.2016.10.006,Survey of Well‑Being of Young Children (SWYC),true,false,"A screening instrument designed to assess developmental, behavioral, and social‑emotional health in young children.",Academic/clinical screening tool,Pediatrics / Child Development
pub.1084215783,"Relationship between food insecurity, child weight status, and parent‐reported child eating and snacking behaviors",10.1111/jspn.12177,CDC Growth Charts,true,true,Standard reference growth charts for U.S. children used to calculate BMI percentiles and z‑scores.,"CDC publication, 2000; applied to study participants' anthropometric data.",Pediatrics / Growth assessment
pub.1084243942,Ethnic markets and community food security in an urban “food desert”,10.1177/0308518x17700394,American Community Survey (ACS),true,true,"An annual survey conducted by the U.S. Census Bureau that provides detailed demographic, social, economic, and housing data.",U.S. Census Bureau,Demography / Public health
pub.1084535112,Changes in household food insecurity are related to changes in BMI and diet quality among Michigan Head Start preschoolers in a sex-specific manner,10.1016/j.socscimed.2017.04.003,USDA Food Composition Database,true,true,National database containing nutrient composition for foods and beverages.,United States Department of Agriculture,Nutrition / Food composition
pub.1084535112,Changes in household food insecurity are related to changes in BMI and diet quality among Michigan Head Start preschoolers in a sex-specific manner,10.1016/j.socscimed.2017.04.003,CDC Reference Growth Curves,true,true,Growth reference charts providing age‑ and sex‑specific percentiles and z‑scores for BMI and skinfold thickness.,Centers for Disease Control and Prevention,Pediatrics / Growth assessment
pub.1084740529,"The rise of food banks and the challenge of matching food assistance with potential need: towards a spatially specific, rapid assessment approach",10.1007/s10460-017-9783-y,Second Harvest Food Bank of Santa Clara and San Mateo Counties distribution data,true,true,Geocoded point dataset of food‑pantry and soup‑kitchen locations (and distribution quantities) supplied by the local food bank.,Second Harvest Food Bank of Santa Clara and San Mateo Counties,Food assistance logistics
pub.1084740529,"The rise of food banks and the challenge of matching food assistance with potential need: towards a spatially specific, rapid assessment approach",10.1007/s10460-017-9783-y,U.S. Census TIGER/Line shapefile,true,true,"GIS shapefile containing geographic boundaries for census tracts, urban areas, and other spatial units.",U.S. Census Bureau,Geography / GIS
pub.1084740529,"The rise of food banks and the challenge of matching food assistance with potential need: towards a spatially specific, rapid assessment approach",10.1007/s10460-017-9783-y,USDA Food and Nutrition Service Annual Data (FY 2010‑2014),true,false,Annual summary tables of USDA nutrition assistance program expenditures and participant counts.,"U.S. Department of Agriculture, Food and Nutrition Service",Nutrition assistance program statistics
pub.1084754596,A Municipal-level analysis of secular trends in severe food insecurity in Brazil between 2004 and 2013,10.1016/j.gfs.2017.03.004,Pesquisa Nacional por Amostra de Domicílio (PNAD),true,true,"Brazilian national household survey conducted by IBGE, providing micro‑data on demographics, income, and food‑security items.",IBGE (Brazilian Institute of Geography and Statistics).,Social statistics / Food security
pub.1084754596,A Municipal-level analysis of secular trends in severe food insecurity in Brazil between 2004 and 2013,10.1016/j.gfs.2017.03.004,Brazilian Census (2000 and 2010),true,true,"Decennial population and housing census conducted by IBGE, providing municipality‑level demographic and socioeconomic variables.",IBGE Census Bureau.,Demography / Socio‑economic statistics
pub.1084754596,A Municipal-level analysis of secular trends in severe food insecurity in Brazil between 2004 and 2013,10.1016/j.gfs.2017.03.004,Brazilian Household Food Insecurity Measurement Scale (EBIA),true,true,A 14‑item experience‑based questionnaire (adapted from the US HFSSM) used to assess household food insecurity in Brazil.,"Developed by Brazilian researchers (e.g., Frongillo, Gubert).",Nutrition / Food security assessment
pub.1090321072,Food security measurement and governance: Assessment of the usefulness of diverse food insecurity indicators for policy makers,10.1016/j.gfs.2017.06.003,Household Food Insecurity Access Scale (HFIAS),true,false,A 9‑item scale measuring food‑insecurity access severity over the past 30 days.,"Deitchler et al., 2011",Food security measurement
pub.1090321072,Food security measurement and governance: Assessment of the usefulness of diverse food insecurity indicators for policy makers,10.1016/j.gfs.2017.06.003,Household Hunger Scale (HHS),true,false,A 3‑item scale focusing on the most severe manifestations of food insecurity.,"Deitchler et al., 2011; Ballard et al., 2011",Food security measurement
pub.1090321072,Food security measurement and governance: Assessment of the usefulness of diverse food insecurity indicators for policy makers,10.1016/j.gfs.2017.06.003,Latin American and Caribbean Household Food Security Scale (ELCSA),true,false,A 15‑item instrument measuring household food security over the previous 3 months.,"Ballard et al., 2013; FAO, 2015b",Food security measurement
pub.1090321072,Food security measurement and governance: Assessment of the usefulness of diverse food insecurity indicators for policy makers,10.1016/j.gfs.2017.06.003,Food Insecurity Experience Scale (FIES),true,false,An 8‑item individual‑level questionnaire measuring food‑insecurity experiences over the past 12 months.,"Ballard et al., 2013; FAO, 2015b",Food security measurement
pub.1090321072,Food security measurement and governance: Assessment of the usefulness of diverse food insecurity indicators for policy makers,10.1016/j.gfs.2017.06.003,Prevalence of Undernourishment (PoU),true,false,FAO‑derived estimate of the proportion of the population whose dietary energy intake is insufficient.,FAO reports,Food security statistics
pub.1090321072,Food security measurement and governance: Assessment of the usefulness of diverse food insecurity indicators for policy makers,10.1016/j.gfs.2017.06.003,Household Consumption and Expenditure Surveys (HCES),true,false,National surveys that collect data on household food acquisition and expenditures.,,Household economics
pub.1090321072,Food security measurement and governance: Assessment of the usefulness of diverse food insecurity indicators for policy makers,10.1016/j.gfs.2017.06.003,Global Hunger Index (GHI),true,false,"Composite index combining undernourishment, child wasting, stunting, and mortality.","von Grebmer et al., 2016",Food security measurement
pub.1090321072,Food security measurement and governance: Assessment of the usefulness of diverse food insecurity indicators for policy makers,10.1016/j.gfs.2017.06.003,Global Food Security Index (GFSI),true,false,"Index covering affordability, availability, and quality & safety of food.","EIU, 2016",Food security measurement
pub.1090618496,Student Hunger on Campus: Food Insecurity Among College Students and Implications for Academic Institutions,10.1177/0890117117719620,USDA Economic Research Service Household Food Security Reports (ERR‑194) 2014 and 2015,true,false,Annual national reports providing estimates of household food security status for the United States.,USDA Economic Research Service,Nutrition / Food Security
pub.1090665356,Food security in a remittance based economy,10.1007/s12571-017-0705-z,"Nepal Ethno Survey of Family, Migration, and Development",true,true,"A primary data collection effort by the authors covering households in Chitwan, Nepal, focusing on migration, remittances, and food security.",Authors' fieldwork (Regmi & Paudel),Agricultural economics / Migration studies
pub.1090665356,Food security in a remittance based economy,10.1007/s12571-017-0705-z,National Living Standard Survey (NLSS) 2010/11,true,false,A nationally representative household survey conducted by the Government of Nepal on living standards and poverty.,Government of Nepal,Socio‑economic statistics
pub.1090774397,Climate Change and Food Security: Florida’s Agriculture in the Coming Decades,10.1108/s1574-871520170000017007,USDA National Food Security Surveys,true,false,A series of surveys conducted by the USDA Economic Research Service that assess household food security status in the U.S.,U.S. Department of Agriculture (USDA) Economic Research Service,Food Security / Nutrition
pub.1090774397,Climate Change and Food Security: Florida’s Agriculture in the Coming Decades,10.1108/s1574-871520170000017007,USDA/ERS ERR-215,true,false,A specific Economic Research Service (ERS) report (ERR-215) likely containing data on Florida climate or agriculture.,U.S. Department of Agriculture Economic Research Service,Agriculture / Climate
pub.1090774397,Climate Change and Food Security: Florida’s Agriculture in the Coming Decades,10.1108/s1574-871520170000017007,Florida Climate Center,true,false,An organization that compiles climate data and analyses for the state of Florida.,Florida Climate Center,Climate
pub.1090834355,Assessing food insecurity in Latin America and the Caribbean using FAO’s Food Insecurity Experience Scale,10.1016/j.foodpol.2017.07.005,Food Insecurity Experience Scale (FIES),true,true,FAO's experiential measure of food insecurity collected globally via Gallup World Poll.,FAO / Gallup,Food security
pub.1090834355,Assessing food insecurity in Latin America and the Caribbean using FAO’s Food Insecurity Experience Scale,10.1016/j.foodpol.2017.07.005,Gallup World Poll (GWP),true,true,"Annual global survey of individuals covering many topics, including the FIES module.","Gallup, Inc.",Social/economic survey
pub.1090834355,Assessing food insecurity in Latin America and the Caribbean using FAO’s Food Insecurity Experience Scale,10.1016/j.foodpol.2017.07.005,Voices of the Hungry (VoH) project,true,true,FAO initiative that coordinated collection of the Food Insecurity Experience Scale via Gallup World Poll.,FAO,Food security data collection
pub.1090834355,Assessing food insecurity in Latin America and the Caribbean using FAO’s Food Insecurity Experience Scale,10.1016/j.foodpol.2017.07.005,Escala Latinoamericana y Caribeña de Seguridad Alimentaria (ELCSA),true,false,Regional food‑security questionnaire used in some Latin American countries.,Various national statistical agencies,Food security
pub.1090855981,Family Structure and Child Food Insecurity: Evidence from the Current Population Survey,10.1007/s11205-017-1700-7,National Survey of American Families,true,false,"A survey that collected information on family composition, relationships, and child outcomes in the United States.",Not specified in the excerpt,Family Sociology
pub.1091321717,Understanding Pollinator Habitat Conservation under Current Policy Using Economic Experiments,10.3390/land6030057,discovered_datasets,false,false,,,
pub.1091321717,Understanding Pollinator Habitat Conservation under Current Policy Using Economic Experiments,10.3390/land6030057,name,false,false,,,
pub.1091321717,Understanding Pollinator Habitat Conservation under Current Policy Using Economic Experiments,10.3390/land6030057,confidence_score_mention,false,false,,,
pub.1091321717,Understanding Pollinator Habitat Conservation under Current Policy Using Economic Experiments,10.3390/land6030057,text_quote,false,false,,,
pub.1091321717,Understanding Pollinator Habitat Conservation under Current Policy Using Economic Experiments,10.3390/land6030057,domain,false,false,,,
pub.1091321717,Understanding Pollinator Habitat Conservation under Current Policy Using Economic Experiments,10.3390/land6030057,Agriculture / Crop Production,false,false,,,
pub.1091321717,Understanding Pollinator Habitat Conservation under Current Policy Using Economic Experiments,10.3390/land6030057,size,false,false,,,
pub.1091321717,Understanding Pollinator Habitat Conservation under Current Policy Using Economic Experiments,10.3390/land6030057,Tabular statistical reports,false,false,,,
pub.1091321717,Understanding Pollinator Habitat Conservation under Current Policy Using Economic Experiments,10.3390/land6030057,access_info,false,false,,,
pub.1091321717,Understanding Pollinator Habitat Conservation under Current Policy Using Economic Experiments,10.3390/land6030057,is_known_dataset,false,false,,,
pub.1091321717,Understanding Pollinator Habitat Conservation under Current Policy Using Economic Experiments,10.3390/land6030057,matched_known_dataset,false,false,,,
pub.1091321717,Understanding Pollinator Habitat Conservation under Current Policy Using Economic Experiments,10.3390/land6030057,discovery_reasoning,false,false,,,
pub.1091321717,Understanding Pollinator Habitat Conservation under Current Policy Using Economic Experiments,10.3390/land6030057,"},
    {",false,false,,,
pub.1091321717,Understanding Pollinator Habitat Conservation under Current Policy Using Economic Experiments,10.3390/land6030057,Wyoming Agricultural Statistics 2012,false,false,,,
pub.1091321717,Understanding Pollinator Habitat Conservation under Current Policy Using Economic Experiments,10.3390/land6030057,"Wyoming State Agriculture Department, 2012",false,false,,,
pub.1091321717,Understanding Pollinator Habitat Conservation under Current Policy Using Economic Experiments,10.3390/land6030057,Agriculture / Economic Analysis,false,false,,,
pub.1091321717,Understanding Pollinator Habitat Conservation under Current Policy Using Economic Experiments,10.3390/land6030057,Tabular economic data,false,false,,,
pub.1091321717,Understanding Pollinator Habitat Conservation under Current Policy Using Economic Experiments,10.3390/land6030057,": false,",false,false,,,
pub.1091321717,Understanding Pollinator Habitat Conservation under Current Policy Using Economic Experiments,10.3390/land6030057,": null,",false,false,,,
pub.1091321717,Understanding Pollinator Habitat Conservation under Current Policy Using Economic Experiments,10.3390/land6030057,University of Nebraska‑Lincoln Crop Budgets 2013,false,false,,,
pub.1091321717,Understanding Pollinator Habitat Conservation under Current Policy Using Economic Experiments,10.3390/land6030057,Budget tables for multiple crop types (2013),false,false,,,
pub.1091321717,Understanding Pollinator Habitat Conservation under Current Policy Using Economic Experiments,10.3390/land6030057,format,false,false,,,
pub.1091321717,Understanding Pollinator Habitat Conservation under Current Policy Using Economic Experiments,10.3390/land6030057,Spreadsheet/Tabular data,false,false,,,
pub.1091321717,Understanding Pollinator Habitat Conservation under Current Policy Using Economic Experiments,10.3390/land6030057,"}
  ],",false,false,,,
pub.1091321717,Understanding Pollinator Habitat Conservation under Current Policy Using Economic Experiments,10.3390/land6030057,: {,false,false,,,
pub.1091321717,Understanding Pollinator Habitat Conservation under Current Policy Using Economic Experiments,10.3390/land6030057,": 3,",false,false,,,
pub.1091321717,Understanding Pollinator Habitat Conservation under Current Policy Using Economic Experiments,10.3390/land6030057,": 1,",false,false,,,
pub.1091321717,Understanding Pollinator Habitat Conservation under Current Policy Using Economic Experiments,10.3390/land6030057,": 2,",false,false,,,
pub.1091321717,Understanding Pollinator Habitat Conservation under Current Policy Using Economic Experiments,10.3390/land6030057,UNL,false,false,,,
pub.1092259111,"For Low-Income Americans, Living ≤1 Mile (≤1.6 km) from the Nearest Supermarket Is Not Associated with Self-Reported Household Food Security",10.3945/cdn.117.001446,Store Tracking and Redemption System (STARS),true,false,A USDA system that tracks SNAP‑authorized retail locations and their classifications.,USDA Food and Nutrition Service,"Retail classification, Food Access"
pub.1092480782,Food insecurity may lead to incomplete HIV viral suppression and less immune reconstitution among HIV/hepatitis C virus‐coinfected people,10.1111/hiv.12561,Food Security & HIV-HCV Sub-Study (FS Sub-study),true,true,"A mixed‑methods sub‑study nested within the Canadian Co‑Infection Cohort that collected food‑security, HIV, and HCV data.",Canadian Co‑Infection Cohort,"Epidemiology, HIV, HCV, Nutrition"
pub.1092480782,Food insecurity may lead to incomplete HIV viral suppression and less immune reconstitution among HIV/hepatitis C virus‐coinfected people,10.1111/hiv.12561,Canadian Co-Infection Cohort (CCC),true,true,A nationwide prospective cohort of HIV/HCV‑coinfected individuals in Canada.,Canadian research network on HIV/HCV coinfection,Infectious disease epidemiology
pub.1092480782,Food insecurity may lead to incomplete HIV viral suppression and less immune reconstitution among HIV/hepatitis C virus‐coinfected people,10.1111/hiv.12561,National Health and Nutrition Examination Survey (NHANES),true,false,A US national survey that combines interviews and physical examinations to assess health and nutrition status.,Centers for Disease Control and Prevention (CDC),Public health / Epidemiology
pub.1092669592,Nutritional and greenhouse gas impacts of removing animals from US agriculture,10.1073/pnas.1707322114,USDA National Nutrient Database for Standard Reference – Release 27,false,false,Comprehensive database of nutrient values for foods commonly consumed in the United States.,U.S. Department of Agriculture / Agricultural Research Service (ARS),Nutrition – Food Composition
pub.1092669592,Nutritional and greenhouse gas impacts of removing animals from US agriculture,10.1073/pnas.1707322114,Foreign Agricultural Trade of the United States (FATUS),false,false,Dataset providing statistics on U.S. agricultural imports and exports.,U.S. Department of Agriculture / Economic Research Service,Agriculture – Trade Data
pub.1093159254,Food Insecurity Research in the United States: Where We Have Been and Where We Need to Go,10.1093/aepp/ppx058,Panel Study of Income Dynamics (PSID),true,false,A longitudinal household panel survey that tracks families and their descendants over decades.,"Institute for Social Research, University of Michigan","Economics, Sociology, Demography"
pub.1093159254,Food Insecurity Research in the United States: Where We Have Been and Where We Need to Go,10.1093/aepp/ppx058,Fragile Families and Child Well Being Study (FFCWS),true,false,"A longitudinal study of families with children born in large U.S. cities, focusing on child development and family dynamics.","Various academic institutions (e.g., Columbia University)","Child Development, Sociology, Public Policy"
pub.1093159254,Food Insecurity Research in the United States: Where We Have Been and Where We Need to Go,10.1093/aepp/ppx058,Early Childhood Longitudinal Survey (ECLS),true,false,A series of longitudinal studies by the National Center for Education Statistics that follow children from birth through early school years.,National Center for Education Statistics (NCES),"Education, Child Development"
pub.1100165699,Understanding High Incidence of Severe Obesity and Very Low Food Security in Food Pantry Clients: Implications For Social Work,10.1080/19371918.2017.1415181,Missouri Hunger Atlas 2016,true,false,A state‑level report/atlas summarizing food‑insecurity indicators for Missouri.,"Missouri Hunger Atlas, 2016",Public Health / Food Security
pub.1100250144,Child hunger from a family resilience perspective,10.1080/19320248.2017.1364189,Midlands Family Study,true,true,"Primary data set collected by the authors, comprising survey responses from 544 families in an eight‑county region of South Carolina.",Authors’ own data collection effort.,Public Health / Food Security
pub.1100250144,Child hunger from a family resilience perspective,10.1080/19320248.2017.1364189,Consumer Expenditure Survey (CEX),true,false,A national survey conducted by the U.S. Bureau of Labor Statistics that collects data on household expenditures and income.,Referenced as a source for questionnaire items; no direct analysis of CEX data reported.,Economics / Household Finance
pub.1100292434,Evidence for the age-specific relationship of food insecurity and key dietary outcomes among US children and adolescents,10.1017/s0954422417000245,What We Eat in America (WEIA),true,false,The dietary interview component of NHANES that collects detailed 24‑hour recall data on food and nutrient intake.,U.S. Department of Agriculture,Nutrition
pub.1100480817,"Food access, food security and community gardens in Rockford, IL",10.1080/13549839.2018.1426561,U.S. Census Bureau data,true,true,"National demographic and socioeconomic statistics collected by the U.S. Census Bureau, including population counts, poverty rates, and racial/ethnic composition at city and census‑tract levels.",U.S. Census Bureau,Demography / Social science
pub.1100724306,Communication barrier in family linked to increased risks for food insecurity among deaf people who use American Sign Language,10.1017/s1368980017002865,Health Information National Trends Survey (HINTS),true,false,A nationally representative survey on health communication and information seeking; only one item was borrowed for this study.,National Cancer Institute,Public Health / Health Communication
pub.1100754932,Chronic disease burden predicts food insecurity among older adults,10.1017/s1368980017004062,Health and Retirement Study (HRS),true,true,"A longitudinal, nationally representative survey of U.S. adults aged 50+ covering health, economics, and demographics.",University of Michigan Institute for Social Research,Social science / health economics
pub.1100754932,Chronic disease burden predicts food insecurity among older adults,10.1017/s1368980017004062,Canadian Community Health Survey (CCHS),true,false,"A national cross‑sectional survey that collects information on health status, health care utilization, and health determinants in Canada.",Statistics Canada,Public health / epidemiology
pub.1100914891,"Skeletal growth, body composition, and metabolic risk among North Sudanese immigrant children",10.1111/phn.12386,Baylor College of Medicine Body Composition Laboratory (CNRC) reference data,true,true,"Reference body composition and bone density data collected by the CNRC, used to generate normative Z‑scores for pediatric populations.",Baylor College of Medicine,Pediatrics / Bone health
pub.1101033966,The Impact of Food Insecurity on the Home Emotional Environment Among Low-Income Mothers of Young Children,10.1007/s10995-018-2499-9,2014 Los Angeles County WIC Survey,true,true,"A county‑level survey of WIC participants conducted in 2014, providing demographic and food‑security information.",Public Health Foundation Enterprises WIC Program,Nutrition assistance / Public health
pub.1101033966,The Impact of Food Insecurity on the Home Emotional Environment Among Low-Income Mothers of Young Children,10.1007/s10995-018-2499-9,Los Angeles County Health Survey,true,false,A periodic health survey conducted by the Los Angeles County Department of Public Health.,Los Angeles County Department of Public Health,Public health / Regional health surveillance
pub.1101053518,Cropping Systems and Climate Change in Humid Subtropical Environments,10.3390/agronomy8020019,USDA Crop Production 2014 Summary,true,false,Summary report from the United States Department of Agriculture detailing crop production statistics for 2014.,United States Department of Agriculture (USDA),Agricultural statistics
pub.1101053518,Cropping Systems and Climate Change in Humid Subtropical Environments,10.3390/agronomy8020019,AgMERRA (AgMIP Climate Forcing Dataset),false,false,"A climate forcing dataset designed for agricultural modeling, part of the AgMIP initiative.",AgMIP project,Climate data for agriculture
pub.1101053518,Cropping Systems and Climate Change in Humid Subtropical Environments,10.3390/agronomy8020019,National Bureau of Statistics of China - China Statistical Yearbook 2014,false,false,Annual statistical publication providing economic and agricultural data for China.,National Bureau of Statistics of China,Economic and agricultural statistics
pub.1101087773,Examining the Impact of Structural Racism on Food Insecurity,10.1097/fch.0000000000000183,California Women's Health Survey,true,false,A state-level health survey conducted by the California Department of Public Health that collects data on health behaviors and outcomes.,California Department of Public Health,"Public health, regional health surveys"
pub.1101123332,Listening local: Community perceptions of fresh food resources in Greater Little Rock,10.1002/jcop.21941,Fit2Live community gardens map,false,false,A GIS/online map produced by the North Little Rock Parks and Recreation department showing locations of community gardens in North Little Rock.,"North Little Rock Parks and Recreation (Fit2Live program, 2014)",Community food resources / urban planning
pub.1101123332,Listening local: Community perceptions of fresh food resources in Greater Little Rock,10.1002/jcop.21941,South Vancouver Neighborhood Food Network asset map,false,false,"An asset mapping dataset that documents food resources (e.g., gardens, pantries) in the South Vancouver neighborhood.",South Vancouver Neighborhood Food Network (2011),Community nutrition / GIS mapping
pub.1101609577,Factors associated with food insecurity among older homeless adults: results from the HOPE HOME study,10.1093/pubmed/fdy063,HOPE HOME Study,true,true,"A longitudinal cohort of 350 homeless adults aged ≥50 in Oakland, CA, providing the primary dataset for the analysis.","HOPE HOME study investigators (Brown, Hemati, Riley et al., 2017)",Public health / Homelessness research
pub.1101609577,Factors associated with food insecurity among older homeless adults: results from the HOPE HOME study,10.1093/pubmed/fdy063,California Tobacco Survey (CTS),true,false,State‑level survey on tobacco use; only its items were used to construct smoking variables.,California Department of Public Health,Public health / Tobacco use
pub.1101609577,Factors associated with food insecurity among older homeless adults: results from the HOPE HOME study,10.1093/pubmed/fdy063,"World Health Organization Alcohol, Smoking and Substance Involvement Screening Test (ASSIST)",true,false,A WHO‑developed screening instrument; only the instrument was employed to collect data.,World Health Organization,Substance use / Public health
pub.1103194412,Freshmen at a University in Appalachia Experience a Higher Rate of Campus than Family Food Insecurity,10.1007/s10900-018-0513-1,National Health Interview Survey,true,false,"A large, nationally representative health survey conducted by the U.S. Census Bureau.",U.S. Census Bureau,Public Health
pub.1103524732,"Nitrogen use efficiency and crop production: Patterns of regional variation in the United States, 1987–2012",10.1016/j.scitotenv.2018.04.027,NANI toolbox,true,true,A software toolbox that calculates net anthropogenic nitrogen inputs using various agricultural datasets.,"Developed by Hong et al., 2011; uses USDA and other public data sources",Environmental science / nitrogen budgeting
pub.1103524732,"Nitrogen use efficiency and crop production: Patterns of regional variation in the United States, 1987–2012",10.1016/j.scitotenv.2018.04.027,USDA Economic Research Service Farm Resource Regions (FRRs),true,true,A spatial classification system that groups U.S. counties into farm resource regions based on soil and farm characteristics.,USDA Economic Research Service,Agricultural geography
pub.1103524732,"Nitrogen use efficiency and crop production: Patterns of regional variation in the United States, 1987–2012",10.1016/j.scitotenv.2018.04.027,NUGIS database (International Plant Nutrition Institute),true,true,Database of agricultural fertilizer consumption statistics compiled by the International Plant Nutrition Institute.,International Plant Nutrition Institute (IPNI),Agronomy / fertilizer use
pub.1103524732,"Nitrogen use efficiency and crop production: Patterns of regional variation in the United States, 1987–2012",10.1016/j.scitotenv.2018.04.027,FAO national‑scale data,true,false,Food and Agriculture Organization of the United Nations statistical data on agriculture.,FAO,Global agriculture statistics
pub.1103524732,"Nitrogen use efficiency and crop production: Patterns of regional variation in the United States, 1987–2012",10.1016/j.scitotenv.2018.04.027,County‑level estimates of nitrogen and phosphorus from commercial fertilizer for the conterminous United States,true,false,Dataset providing county‑level fertilizer‑derived N and P estimates for the contiguous United States.,U.S. Geological Survey (USGS),Environmental data / fertilizer application
pub.1103831194,Food insecurity and depressive symptoms of older adults living alone in South Korea,10.1017/s0144686x18000429,Korea Welfare Panel Study (KOWEPS),false,false,"A nationally representative longitudinal panel survey of Korean households covering socioeconomic, health, and welfare information. Waves are collected annually.",Seoul National University and the Korea Institute for Health and Social Affairs,Social welfare / public health
pub.1103850816,Epidemiology and Pathophysiology of Food Insecurity,10.1007/978-3-319-76048-3_1,Current Population Survey Food Security Supplement (CPS‑FSS),true,false,The Food Security Supplement (FSS) is a component of the CPS that collects data on household food security using the HFSSM.,U.S. Census Bureau / USDA Economic Research Service,Social/Economic Survey
pub.1103850833,Impacting Food Insecurity Through the Use of Screening Tools and Training,10.1007/978-3-319-76048-3_2,Current Population Survey,true,false,"A monthly survey of U.S. households conducted by the Census Bureau and the Bureau of Labor Statistics, providing labor market and demographic data, and serving as the source for the HFSSM.",U.S. Census Bureau / Bureau of Labor Statistics,"Labor economics, demographics, food security"
pub.1103910312,Daily Dietary Intake Patterns Improve after Visiting a Food Pantry among Food-Insecure Rural Midwestern Adults,10.3390/nu10050583,Automated Self‑Administered 24‑hour Dietary Recall (ASA24™‑2014),true,true,Web‑based tool that collects 24‑hour dietary recall data and generates nutrient intake files.,National Cancer Institute (NCI),Nutrition / Dietary Assessment
pub.1103910312,Daily Dietary Intake Patterns Improve after Visiting a Food Pantry among Food-Insecure Rural Midwestern Adults,10.3390/nu10050583,USDA Food Code database,true,true,A standardized coding system that assigns an eight‑digit identifier to every food and beverage item in USDA nutrient databases.,U.S. Department of Agriculture,Nutrition / Food Composition
pub.1104044547,Child age and gender differences in food security in a low-income U.S. inner-city population,10.1016/j.euroecorev.2018.04.005,Three-City Study (TCS),true,true,"A longitudinal survey (1999‑2005) of low‑income households in three U.S. cities, with a randomly selected focal child per household and detailed food‑security questions.",http://web.jhu.edu/threecitystudy,"Economics, Household Resource Allocation, Child Development"
pub.1104335284,Barriers to Food Security and Community Stress in an Urban Food Desert,10.3390/urbansci2020046,American Community Survey,true,true,"An ongoing US Census Bureau survey that provides detailed demographic, social, economic, and housing data for the United States.",U.S. Census Bureau,Demographics / Socio‑economic research
pub.1104476205,"Food Insecurity, Internalized Stigma, and Depressive Symptoms Among Women Living with HIV in the United States",10.1007/s10461-018-2164-8,Women's Interagency HIV Study (WIHS),true,true,"A long‑standing, multi‑site prospective cohort study of women living with and at risk for HIV in the United States.",Women's Interagency HIV Study (NIH‑funded cohort),Epidemiology / HIV research
pub.1104476205,"Food Insecurity, Internalized Stigma, and Depressive Symptoms Among Women Living with HIV in the United States",10.1007/s10461-018-2164-8,Food Insecurity Sub‑Study (FIS) of WIHS,true,true,A sub‑study within the WIHS cohort that collected detailed information on food insecurity using the USDA HFSSM and related variables.,WIHS Food Insecurity Sub‑Study,Public health / HIV
pub.1104785626,Relationship of food insecurity to women’s dietary outcomes: a systematic review,10.1093/nutrit/nuy042,Canadian Community Health Survey (CCHS),true,false,"A cross‑sectional survey that collects information related to health status, health care utilization, and health determinants for the Canadian population.",Statistics Canada,Public health / Epidemiology
pub.1105212844,A pilot study of low-income mothers and fathers of preschool age children to determine the relationship of food security and nutrition assistance on feeding style and child body weight,10.1080/19320248.2018.1491363,Early Childhood Longitudinal Study – Kindergarten (ECLS‑K),true,false,A nationally representative longitudinal study of U.S. children that follows a cohort from kindergarten onward.,U.S. Department of Education,Education / Child Development
pub.1105225625,Overlapping geographic clusters of food security and health: Where do social determinants and health outcomes converge in the U.S?,10.1016/j.ssmph.2018.06.006,American Community Survey (ACS),true,true,"Annual survey providing detailed demographic, social, economic, and housing data for U.S. populations.",U.S. Census Bureau,Demography / Social science
pub.1105225625,Overlapping geographic clusters of food security and health: Where do social determinants and health outcomes converge in the U.S?,10.1016/j.ssmph.2018.06.006,Robert Wood Johnson Foundation County Health Rankings (CHRs),true,true,"County‑level health indicators (e.g., obesity, diabetes prevalence, smoking) compiled from multiple sources.",Robert Wood Johnson Foundation,Public health
pub.1105225625,Overlapping geographic clusters of food security and health: Where do social determinants and health outcomes converge in the U.S?,10.1016/j.ssmph.2018.06.006,Behavioral Risk Factor Surveillance System (BRFSS),true,true,"Annual telephone survey of health‑related risk behaviors, chronic health conditions, and use of preventive services among U.S. adults.",CDC,Epidemiology / Public health
pub.1105293820,The intersection of food insecure populations in the Midwest U.S. and rates of chronic health conditions,10.1186/s40066-018-0195-z,Midwest Resident Survey (custom dataset),true,true,"A newly collected dataset of 1,265 Midwest residents obtained via an online Qualtrics survey in February 2016.","Authors, Purdue University (Qualtrics platform)",Food security and health survey
pub.1105293820,The intersection of food insecure populations in the Midwest U.S. and rates of chronic health conditions,10.1186/s40066-018-0195-z,USDA Economic Research Service 30‑day Measure,true,false,"A 30‑day food‑security measure derived from the CPS Food Security Supplement, used in prior research.",USDA Economic Research Service,Food security measurement
pub.1106092544,"Regional Variations of Bovine and Porcine Fecal Pollution as a Function of Landscape, Nutrient, and Hydrological Factors",10.2134/jeq2017.11.0438,National Land Cover Database (NLCD) 2011,true,true,A raster dataset providing 30‑m resolution land‑cover classifications for the United States.,U.S. Geological Survey (USGS),Remote sensing / land‑cover
pub.1106092544,"Regional Variations of Bovine and Porcine Fecal Pollution as a Function of Landscape, Nutrient, and Hydrological Factors",10.2134/jeq2017.11.0438,USDA Cropland Data Layer (CDL),true,true,Annual raster dataset showing crop-specific land cover for the United States.,U.S. Department of Agriculture (USDA) National Agricultural Statistics Service,Agriculture / remote sensing
pub.1106092544,"Regional Variations of Bovine and Porcine Fecal Pollution as a Function of Landscape, Nutrient, and Hydrological Factors",10.2134/jeq2017.11.0438,USGS Streamflow Gage Data,true,true,Hourly or daily streamflow measurements from United States Geological Survey (USGS) stream gaging stations.,U.S. Geological Survey (USGS),Hydrology / water resources
pub.1106092544,"Regional Variations of Bovine and Porcine Fecal Pollution as a Function of Landscape, Nutrient, and Hydrological Factors",10.2134/jeq2017.11.0438,Next Generation Radar (NEXRAD) Precipitation Data,true,true,Radar‑derived precipitation estimates at high temporal resolution across the United States.,National Oceanic and Atmospheric Administration (NOAA) National Centers for Environmental Information,Meteorology / climatology
pub.1106137609,Household Food Insecurity and Psychosocial Dysfunction in Ecuadorian Elementary Schoolchildren,10.1155/2018/6067283,Pediatric Symptom Checklist (PSC),true,true,"A 35‑item screening tool that yields total and subscale scores for internalizing, externalizing, and attention problems in children.",,Child psychology / Pediatrics
pub.1106137609,Household Food Insecurity and Psychosocial Dysfunction in Ecuadorian Elementary Schoolchildren,10.1155/2018/6067283,SF-36 Mental Composite Summary (MCS),true,true,A summary score derived from the SF‑36 health survey that reflects mental health functioning.,,Health outcomes / Mental health
pub.1106150367,Longitudinal associations between food insecurity and substance use in a cohort of women with or at risk for HIV in the United States,10.1111/add.14418,Women's Interagency HIV Study (WIHS),true,true,"A large, multi‑site prospective cohort of women with or at risk for HIV in the United States, with semi‑annual interviews, examinations, and biospecimen collection.",NIH‑funded consortium of academic sites,Epidemiology / HIV research
pub.1106150367,Longitudinal associations between food insecurity and substance use in a cohort of women with or at risk for HIV in the United States,10.1111/add.14418,Food Insecurity Substudy (WIHS Food Insecurity Substudy),true,true,"A sub‑study within WIHS that introduced detailed food‑security, nutrition, and socio‑economic variables to the standard WIHS interview.",Women’s Interagency HIV Study (WIHS) sites,Public health / HIV / Food security
pub.1106238600,Exploring Dietary Factors in the Food Insecurity and Obesity Relationship Among Latinos in California,10.1353/hpu.2018.0082,California Health Interview Survey (CHIS),true,true,"A state‑wide, random‑dial telephone survey that is representative of California's non‑institutionalized population and oversamples minority groups.",California Health Interview Survey (CHIS),Public health / epidemiology
pub.1106250905,Who feels the calorie crunch and when? The impact of school meals on cyclical food insecurity,10.1016/j.jpubeco.2018.08.001,Continuing Survey of Food Intake by Individuals,true,false,Survey that collected three‑day food intake diaries for individuals in the United States.,U.S. Department of Agriculture (historical),"Nutrition, Food Economics"
pub.1106250905,Who feels the calorie crunch and when? The impact of school meals on cyclical food insecurity,10.1016/j.jpubeco.2018.08.001,Nationwide Food Consumption Survey,true,false,Survey that gathered seven‑day food consumption diaries from a national sample.,U.S. Department of Agriculture (historical),"Nutrition, Food Consumption"
pub.1106250905,Who feels the calorie crunch and when? The impact of school meals on cyclical food insecurity,10.1016/j.jpubeco.2018.08.001,Consumer Expenditure Survey,true,false,"Survey that collects detailed household expenditure information, including short‑term diaries.",U.S. Census Bureau,"Economics, Household Finance"
pub.1106250905,Who feels the calorie crunch and when? The impact of school meals on cyclical food insecurity,10.1016/j.jpubeco.2018.08.001,Nielsen continuous expenditure panels,true,false,Proprietary panel data tracking household and retailer purchases over time.,Nielsen,"Retail, Consumer Spending"
pub.1106250905,Who feels the calorie crunch and when? The impact of school meals on cyclical food insecurity,10.1016/j.jpubeco.2018.08.001,USDA administrative expenditure data,true,false,Administrative records of SNAP expenditures compiled by the USDA.,U.S. Department of Agriculture,"Public Policy, Social Programs"
pub.1106289583,The Effects of Hispanic Immigrant Mother’s Resiliency on Children’s Dietary Adjustment,10.1007/s10903-018-0810-x,Perceived Stress Scale (PSS),true,true,A 14‑item validated scale assessing perceived stress over the past month.,Reference [30] in the article.,Psychology / Stress research
pub.1106289583,The Effects of Hispanic Immigrant Mother’s Resiliency on Children’s Dietary Adjustment,10.1007/s10903-018-0810-x,Latino Dietary Behavior Questionnaire,true,true,"A questionnaire assessing dietary intake patterns among low‑income, Spanish‑speaking Latino adults.",Reference [37] in the paper.,Nutrition / Behavioral health
pub.1106289583,The Effects of Hispanic Immigrant Mother’s Resiliency on Children’s Dietary Adjustment,10.1007/s10903-018-0810-x,Children's Nutrition Behavior Questionnaire,true,true,A 7‑item parent‑report questionnaire on child consumption of low‑quality food items.,Reference [39] in the paper.,Child nutrition
pub.1106289583,The Effects of Hispanic Immigrant Mother’s Resiliency on Children’s Dietary Adjustment,10.1007/s10903-018-0810-x,Multidimensional Scale of Perceived Social Support (MSPSS),true,true,"A 12‑item scale measuring perceived support from family, friends, and a significant other.",Reference [36] in the manuscript.,Social psychology / Health behavior
pub.1106289583,The Effects of Hispanic Immigrant Mother’s Resiliency on Children’s Dietary Adjustment,10.1007/s10903-018-0810-x,"Confusion, Hubbub, and Order Scale (CHAOS)",true,true,A 15‑item scale evaluating the level of chaos in the home environment.,Reference [32] in the article.,Family environment / Psychology
pub.1106289583,The Effects of Hispanic Immigrant Mother’s Resiliency on Children’s Dietary Adjustment,10.1007/s10903-018-0810-x,Brief COPE Scale,true,true,A 10‑item scale assessing various coping behaviors.,Reference [35] in the manuscript.,Psychology / Coping research
pub.1106289583,The Effects of Hispanic Immigrant Mother’s Resiliency on Children’s Dietary Adjustment,10.1007/s10903-018-0810-x,Hispanic Community Health Study/Study of Latinos (HCHS/SOL),true,false,A large cohort study focusing on health among Hispanic/Latino populations in the U.S.,Citation in the reference list.,Public health / Epidemiology
pub.1106289583,The Effects of Hispanic Immigrant Mother’s Resiliency on Children’s Dietary Adjustment,10.1007/s10903-018-0810-x,Reasons Parents Offer Children Snacks Survey,true,true,"A survey assessing parental motivations for offering snacks, with six response options.",Reference [38] in the manuscript.,Family health / Nutrition behavior
pub.1106320584,"Voices for food: methodologies for implementing a multi-state community-based intervention in rural, high poverty communities",10.1186/s12889-018-5957-9,Food Pantry Client Survey,true,true,"Comprehensive questionnaire administered to pantry clients to gather demographic, food‑security, and dietary information.",Paper (Methods – Food Pantry client‑level assessment tools),Public Health / Nutrition
pub.1106320584,"Voices for food: methodologies for implementing a multi-state community-based intervention in rural, high poverty communities",10.1186/s12889-018-5957-9,Food Pantry Inventory Log,true,true,Study‑specific database recording inventory quantities and types for each participating pantry.,Paper (Methods – Data collection instruments),Nutrition / Food Assistance
pub.1106320584,"Voices for food: methodologies for implementing a multi-state community-based intervention in rural, high poverty communities",10.1186/s12889-018-5957-9,Food Pantry MyChoice Observation Tool,true,true,Checklist/observation form capturing physical and procedural aspects of the MyChoice pantry model.,Paper (Methods – Food pantry client‑level assessment tools),Nutrition / Program Evaluation
pub.1106320584,"Voices for food: methodologies for implementing a multi-state community-based intervention in rural, high poverty communities",10.1186/s12889-018-5957-9,Food Pantry Staff/Volunteer Survey,true,true,Questionnaire targeting pantry staff/volunteers for demographic and attitudinal data.,Paper (Methods – Food pantry organization level assessment tools),Public Health / Food Assistance
pub.1106320584,"Voices for food: methodologies for implementing a multi-state community-based intervention in rural, high poverty communities",10.1186/s12889-018-5957-9,Food Council Implementation Tracking Form,true,true,"Form used to record activities, documents, and outcomes of Food Policy Councils.",Paper (Methods – Community‑level assessment tools),Community Development / Policy
pub.1106320584,"Voices for food: methodologies for implementing a multi-state community-based intervention in rural, high poverty communities",10.1186/s12889-018-5957-9,Community Stakeholders Survey,true,true,"Survey instrument for community stakeholders covering demographics, food‑security views, and program feedback.",Paper (Methods – Community‑level assessment tools),Community Development / Public Health
pub.1106320584,"Voices for food: methodologies for implementing a multi-state community-based intervention in rural, high poverty communities",10.1186/s12889-018-5957-9,Training Tracking Form,true,true,"Form capturing details of each training session (topic, attendance, curriculum).",Paper (Methods – Data collection instruments),Education / Capacity Building
pub.1106320584,"Voices for food: methodologies for implementing a multi-state community-based intervention in rural, high poverty communities",10.1186/s12889-018-5957-9,Automated Self‑Administered 24‑h Dietary Assessment Tool (ASA24®) data,true,true,Web‑based dietary recall system generating individual‑level intake data.,Paper (Methods – Dietary intake collection),Nutrition / Dietary Assessment
pub.1106352981,Food Insecurity Is Associated With Inflammation Among Women Living With HIV,10.1093/infdis/jiy511,Women’s Interagency HIV Study (WIHS),true,true,A prospective cohort study of women living with HIV and comparable HIV‑negative controls across multiple US sites.,NIH‑funded consortium,HIV/AIDS research
pub.1106415891,"Food Insecurity, Cardiometabolic Health, and Health Care in U.S.-Mexico Border Immigrant Adults: An Exploratory Study",10.1007/s10903-018-0817-3,Ensanut (Mexican National Health and Nutrition Survey),true,false,Mexico's nationally representative health and nutrition survey.,Instituto Nacional de Salud Pública (Mexico),Health / Nutrition
pub.1106415891,"Food Insecurity, Cardiometabolic Health, and Health Care in U.S.-Mexico Border Immigrant Adults: An Exploratory Study",10.1007/s10903-018-0817-3,California Health Interview Survey (CHIS),true,false,State‑level health interview survey of California residents.,University of California Los Angeles Center for Health Policy Research,Public Health
pub.1106415891,"Food Insecurity, Cardiometabolic Health, and Health Care in U.S.-Mexico Border Immigrant Adults: An Exploratory Study",10.1007/s10903-018-0817-3,Behavioral Risk Factor Surveillance System (BRFSS),true,false,"A telephone survey collecting data on health-related risk behaviors, chronic health conditions, and use of preventive services in the U.S.",U.S. Centers for Disease Control and Prevention (CDC),Public Health
pub.1106415891,"Food Insecurity, Cardiometabolic Health, and Health Care in U.S.-Mexico Border Immigrant Adults: An Exploratory Study",10.1007/s10903-018-0817-3,Veterans Aging Cohort Study (VACS),true,false,A longitudinal cohort study of U.S. veterans examining health outcomes related to aging.,U.S. Department of Veterans Affairs,Health / Aging
pub.1106491289,Family socioeconomic status and maternal depressive symptoms: Mediation through household food insecurity across five years,10.1016/j.socscimed.2018.08.043,Early Childhood Longitudinal Study-Birth Cohort (ECLS-B),true,true,"A nationally representative longitudinal survey of children born in the U.S. in 2001, with multiple waves of data collection (9 months, 24 months, 4 years, kindergarten).",National Center for Education Statistics (NCES),Education / Child Development
pub.1106491289,Family socioeconomic status and maternal depressive symptoms: Mediation through household food insecurity across five years,10.1016/j.socscimed.2018.08.043,General Social Survey (GSS),true,true,A nationally representative survey of U.S. adults that includes occupational prestige measures; used here as a source of prestige scores.,National Opinion Research Center (NORC) at the University of Chicago,Sociology / Occupational Sociology
pub.1106491289,Family socioeconomic status and maternal depressive symptoms: Mediation through household food insecurity across five years,10.1016/j.socscimed.2018.08.043,2000 U.S. Census Occupational Prestige Scores,true,true,"Occupational prestige scores derived from the 2000 U.S. Census, used to assign prestige values to parental occupations.",U.S. Census Bureau,Demography / Labor Economics
pub.1106857130,Regional food production and land redistribution as adaptation to climate change in the U.S. Northeast Seaboard,10.1016/j.compag.2018.08.026,National Land Cover Dataset (NLCD),true,true,30‑m resolution raster land‑cover classification for the United States.,U.S. Geological Survey (USGS),Remote sensing / Land‑use mapping
pub.1106857130,Regional food production and land redistribution as adaptation to climate change in the U.S. Northeast Seaboard,10.1016/j.compag.2018.08.026,SSURGO Soil Database,true,true,Soil Survey Geographic (SSURGO) database containing detailed soil map units for the United States.,USDA Natural Resources Conservation Service (NRCS),Soil science / GIS
pub.1106857130,Regional food production and land redistribution as adaptation to climate change in the U.S. Northeast Seaboard,10.1016/j.compag.2018.08.026,Cropland Data Layer (CDL),true,true,"Annual, 30‑m resolution raster of crop-specific classifications for the United States.",USDA National Agricultural Statistics Service (NASS),Agricultural remote sensing
pub.1106857130,Regional food production and land redistribution as adaptation to climate change in the U.S. Northeast Seaboard,10.1016/j.compag.2018.08.026,NOAA Daily Climate Station Data (NCDC),true,true,"Historical daily temperature, precipitation, and solar radiation records from NOAA weather stations.",National Oceanic and Atmospheric Administration (NOAA) via the National Climatic Data Center (NCDC),Climatology / Meteorology
pub.1106857130,Regional food production and land redistribution as adaptation to climate change in the U.S. Northeast Seaboard,10.1016/j.compag.2018.08.026,Common‑Land‑Unit (CLU) dataset,true,true,Spatial polygon dataset identifying individual agricultural field boundaries.,U.S. Farm Service Agency (FSA),GIS / Agricultural field delineation
pub.1106857130,Regional food production and land redistribution as adaptation to climate change in the U.S. Northeast Seaboard,10.1016/j.compag.2018.08.026,MarkSimGCM Climate Generator Outputs,true,true,Synthetic daily climate series generated by the MarkSimGCM ensemble for multiple Representative Concentration Pathways.,MarkSimGCM (online climate generator),Climate modeling / Downscaling
pub.1106860255,Do Walmart Supercenters Improve Food Security?,10.1093/aepp/ppy023,U.S. Census Bureau TIGER/Line Shapefiles (2000),true,true,Geographic boundary files providing shapefiles for census tracts.,U.S. Census Bureau,Geography / GIS
pub.1106860255,Do Walmart Supercenters Improve Food Security?,10.1093/aepp/ppy023,County Business Patterns,true,true,Annual industry‑level employment and establishment counts by county.,U.S. Census Bureau,Economic statistics
pub.1106860255,Do Walmart Supercenters Improve Food Security?,10.1093/aepp/ppy023,National Unemployment Rate (U.S.),true,true,Monthly/annual national unemployment rate series from the Bureau of Labor Statistics.,U.S. Bureau of Labor Statistics,Labor economics
pub.1106860255,Do Walmart Supercenters Improve Food Security?,10.1093/aepp/ppy023,Statista Walmart Store Count Dataset,true,true,Compiled counts of Walmart store types by year.,Statista.com,Retail statistics
pub.1106860255,Do Walmart Supercenters Improve Food Security?,10.1093/aepp/ppy023,Yelp Reviews,true,true,User‑generated reviews with timestamps for businesses.,Yelp.com,Web‑based business data
pub.1106860255,Do Walmart Supercenters Improve Food Security?,10.1093/aepp/ppy023,Thomas Holmes Walmart Store Data,true,true,Database of Walmart store opening dates compiled by Thomas Holmes.,Thomas Holmes (University of Minnesota),Retail entry dates
pub.1106860255,Do Walmart Supercenters Improve Food Security?,10.1093/aepp/ppy023,Brigades Open Data Network Walmart Store List,true,true,Compiled list of Walmart and Sam's Club locations with opening dates.,Brigades Open Data Network,Geospatial retail data
pub.1107040496,"A qualitative investigation into the U.S. Department of Agriculture 18‐item Household Food Security Survey Module: Variations in interpretation, understanding and report by gender",10.1002/pa.1861,Radimer‑Cornell Index,true,false,"An early composite measure of household food insecurity that combines several items on food adequacy, quality, and anxiety.","Radimer, Olson, & Campbell (1990) and subsequent citations",Nutrition / Food Security
pub.1107092762,"An Exploration of the Influences Contributing to Food Insecurity in Chester County, Pennsylvania",10.1177/1524839918801588,2015 U.S. Census Data,true,false,"Decennial census data providing demographic, socioeconomic, and housing characteristics for the United States in 2015.",U.S. Census Bureau,Demographics
pub.1107839895,"Food insecurity increases odds of diabetes and hypertension, not obesity in medically underserved region",10.1080/19320248.2018.1538921,Dan River Region baseline surveillance survey,true,true,"A region‑specific telephone survey conducted by the Dan River Partnership for a Healthy Community to collect demographic, food security, and health information.",DRPHC (Dan River Partnership for a Healthy Community),Public Health / Nutrition
pub.1107839895,"Food insecurity increases odds of diabetes and hypertension, not obesity in medically underserved region",10.1080/19320248.2018.1538921,Behavioral Risk Factor Surveillance System,true,false,A US state‑based telephone survey that collects data on health-related risk behaviors.,BRFSS 2011 modules,Public Health
pub.1110338148,Timing of household food insecurity exposures and asthma in a cohort of US school-aged children,10.1136/bmjopen-2018-021683,Early Childhood Longitudinal Study‑Kindergarten (ECLS‑K),true,true,A nationally representative longitudinal cohort study that follows a sample of U.S. kindergarteners through later grades.,National Center for Education Statistics,Education / Child Development
pub.1110445877,Grit is Associated with Food Security among US Parents and Adolescents,10.5993/ajhb.43.1.17,USDA 9-item Child Food Security Survey Module,true,true,A 9‑item child‑adapted version of the USDA food security questionnaire designed for respondents aged 12 or older.,U.S. Department of Agriculture,Nutrition / Public Health
pub.1110445877,Grit is Associated with Food Security among US Parents and Adolescents,10.5993/ajhb.43.1.17,Gallup World Poll,true,false,"A large‑scale, cross‑national survey conducted by Gallup that collects data on attitudes, behaviors, and experiences across many countries.",Gallup,Social Science / Public Opinion
pub.1110445877,Grit is Associated with Food Security among US Parents and Adolescents,10.5993/ajhb.43.1.17,Survey of Household Finances and Childhood Obesity,true,false,A cross‑sectional survey linking household financial behaviors with childhood obesity outcomes.,Not explicitly stated; likely an academic study.,Public Health / Nutrition
pub.1110882709,"Food Insecurity and Health-Related Quality of Life: A Cross-Sectional Analysis of Older Adults in Florida, U.S.",10.1080/03670244.2018.1559160,Healthy Days (CDC‑HRQoL‑4),true,true,A four‑item CDC instrument that captures self‑reported physical and mental unhealthy days and activity limitation days in the past 30 days.,Centers for Disease Control and Prevention,Public Health / Quality of Life
pub.1110882709,"Food Insecurity and Health-Related Quality of Life: A Cross-Sectional Analysis of Older Adults in Florida, U.S.",10.1080/03670244.2018.1559160,Medicare Health Outcome Survey,true,false,A survey administered to Medicare beneficiaries to assess health outcomes and quality of life.,U.S. Centers for Medicare & Medicaid Services,Health Services Research
pub.1110928785,Suitability of the eight-item version of the Brazilian Household Food Insecurity Measurement Scale to identify risk groups: evidence from a nationwide representative sample,10.1017/s1368980018003592,Brazilian National Household Sample Survey (PNAD-2013),true,true,"A nationally representative, cross‑sectional household survey conducted by the Brazilian Institute of Geography and Statistics (IBGE) in 2013.",IBGE (Instituto Brasileiro de Geografia e Estatística),Public health / Nutrition / Social surveys
pub.1110928785,Suitability of the eight-item version of the Brazilian Household Food Insecurity Measurement Scale to identify risk groups: evidence from a nationwide representative sample,10.1017/s1368980018003592,Brazilian National Demographic and Health Survey (PNDS 2006/07),true,false,A demographic and health survey of children and women conducted in Brazil in 2006‑2007.,Brazilian Ministry of Health,Public health / Demography
pub.1110928785,Suitability of the eight-item version of the Brazilian Household Food Insecurity Measurement Scale to identify risk groups: evidence from a nationwide representative sample,10.1017/s1368980018003592,Vigilância de Fatores de Risco e Proteção para Doenças Crônicas por Inquérito Telefônico (VIGITEL),true,false,A telephone‑based health surveillance system in Brazil that monitors risk factors for chronic diseases.,Brazilian Ministry of Health,Public health surveillance
pub.1110928785,Suitability of the eight-item version of the Brazilian Household Food Insecurity Measurement Scale to identify risk groups: evidence from a nationwide representative sample,10.1017/s1368980018003592,Sistema de Vigilância Alimentar e Nutricional (SISVAN),true,false,A national surveillance system that monitors food and nutrition indicators in Brazil.,Brazilian Ministry of Health,Nutrition surveillance
pub.1110928785,Suitability of the eight-item version of the Brazilian Household Food Insecurity Measurement Scale to identify risk groups: evidence from a nationwide representative sample,10.1017/s1368980018003592,Food Insecurity Experience Scale (FIES),true,false,A globally standardized eight‑item questionnaire for measuring food insecurity experiences.,FAO,Food security measurement
pub.1110928785,Suitability of the eight-item version of the Brazilian Household Food Insecurity Measurement Scale to identify risk groups: evidence from a nationwide representative sample,10.1017/s1368980018003592,Latin American and Caribbean Food Security Scale (ELCSA),true,false,A regional food security measurement scale used in Latin America and the Caribbean.,,Food security measurement
pub.1111308553,Professionals’ Perceptions of Food Insecurity Among Their Low-Income Clients,10.1080/01488376.2018.1532942,IDA Program Provider Survey,true,true,Survey data collected from managers and savings coaches of Individual Development Account (IDA) programs across seven states.,Primary data collected by the authors,Social Services / Asset-Building Programs
pub.1111308553,Professionals’ Perceptions of Food Insecurity Among Their Low-Income Clients,10.1080/01488376.2018.1532942,IDA Program Family Survey,true,true,Survey data capturing adult food insecurity among families participating in IDA programs.,Primary data collected by the authors (or possibly a related dataset),Food Security / Asset-Building Programs
pub.1111418597,Persistent Food Insecurity Is Associated with Adverse Mental Health among Women Living with or at Risk of HIV in the United States,10.1093/jn/nxy203,Women's Interagency HIV Study (WIHS),true,true,A multi‑site prospective cohort of women at risk for or living with HIV in the United States.,WIHS cohort sites across 10 U.S. cities.,Epidemiology / HIV research
pub.1111418597,Persistent Food Insecurity Is Associated with Adverse Mental Health among Women Living with or at Risk of HIV in the United States,10.1093/jn/nxy203,Food‑Insecurity Substudy,true,true,A sub‑cohort of the WIHS that collected detailed food‑insecurity and diet data from 2013‑2016.,WIHS cohort sites.,Public health / Nutrition
pub.1111755539,Armed Conflict in Central America and Immigrant Food Insecurity in the United States,10.2991/j.jegh.2018.02.005,Major Episodes of Political Violence (MEPV) dataset,true,true,Country‑by‑year coded dataset documenting major political violence episodes worldwide.,Center for Systemic Peace (Integrated Network for Societal Conflict Research),Political Conflict / International Relations
pub.1111755539,Armed Conflict in Central America and Immigrant Food Insecurity in the United States,10.2991/j.jegh.2018.02.005,Integrated Public Use Microdata Series (IPUMS),true,false,A collection of harmonized public use microdata from U.S. surveys (including CPS).,IPUMS (University of Minnesota),Demography / Social Science
pub.1111933060,"Food insecurity, psychosocial health and academic performance among college and university students in Georgia, USA",10.1017/s1368980018003439,Project DECOY,true,true,"A six-wave longitudinal cohort study of college and university students in Georgia, originally focused on tobacco use but leveraged for broader health research.",Project DECOY investigators (multiple universities in Georgia),Public Health / Epidemiology
pub.1112089451,Will the urban agricultural revolution be vertical and soilless? A case study of controlled environment agriculture in New York City,10.1016/j.landusepol.2018.12.038,Bureau of Labor Statistics Occupational Employment and Wage Estimates (SOC),false,false,"National dataset providing occupational classifications, employment counts and wage estimates for U.S. metropolitan areas.",Bureau of Labor Statistics (BLS),Labor economics / workforce statistics
pub.1112089451,Will the urban agricultural revolution be vertical and soilless? A case study of controlled environment agriculture in New York City,10.1016/j.landusepol.2018.12.038,Agrilyst International Survey of Controlled Environment Agriculture (CEA) Businesses (2016),false,false,"Survey dataset collecting operational metrics (production yields, revenues, technologies) from CEA firms worldwide.",Agrilyst (software company specializing in indoor farming analytics),Agricultural technology / controlled environment agriculture
pub.1112089451,Will the urban agricultural revolution be vertical and soilless? A case study of controlled environment agriculture in New York City,10.1016/j.landusepol.2018.12.038,U.S. Census Bureau 2010 Land Area Data for New York City,false,false,Geographic dataset providing total land area for NYC and other jurisdictions.,U.S. Census Bureau,Geography / urban planning
pub.1112089451,Will the urban agricultural revolution be vertical and soilless? A case study of controlled environment agriculture in New York City,10.1016/j.landusepol.2018.12.038,New York City Department of Citywide Administrative Services COLP (City‑Owned & Leased Property) Dataset,false,false,"Dataset listing city‑owned and leased properties with attributes (size, location, lease status).",NYC Department of Citywide Administrative Services (DCAS),Urban planning / public property inventory
pub.1112089451,Will the urban agricultural revolution be vertical and soilless? A case study of controlled environment agriculture in New York City,10.1016/j.landusepol.2018.12.038,Living Lots Dataset (596 Acres Non‑profit Evaluation of Vacant Land),false,false,Dataset mapping vacant land parcels evaluated for urban agriculture suitability.,596 Acres nonprofit (Living Lots project),Urban land use / community development
pub.1112089451,Will the urban agricultural revolution be vertical and soilless? A case study of controlled environment agriculture in New York City,10.1016/j.landusepol.2018.12.038,Primary Land Use Tax Lot Output (PLUTO) Dataset,true,true,"Comprehensive city‑wide dataset containing land use, zoning, and building attributes for each tax lot in NYC.",NYC Department of City Planning (PLUTO),Urban planning / real estate
pub.1112089451,Will the urban agricultural revolution be vertical and soilless? A case study of controlled environment agriculture in New York City,10.1016/j.landusepol.2018.12.038,USDA Reported 2015 Annual Yield of Head Lettuce (per acre),false,false,National agricultural statistics reporting average crop yields for lettuce.,United States Department of Agriculture (USDA),Agricultural production statistics
pub.1112157019,Food security and access to healthy foods in Indian country: Learning from the Food Distribution Program on Indian Reservations,10.1002/pa.1876,FDPIR Participating Households Administrative Data,true,true,"Administrative records of households participating in the Food Distribution Program on Indian Reservations, including enrollment dates, demographic characteristics, and program participation details.","USDA Food and Nutrition Service, FDPIR program administrative records",Program Administrative Data / Nutrition Assistance
pub.1112167330,Food Security Status and Overweight/Obesity Among 2- to 5-Year-Old Boys and Girls in a Community-Based Clinic,10.1097/fch.0000000000000218,Behavioral Risk Factor Surveillance System (BRFSS) Questionnaire,true,true,A national telephone survey collecting data on health-related risk behaviors.,CDC,Public Health
pub.1112167330,Food Security Status and Overweight/Obesity Among 2- to 5-Year-Old Boys and Girls in a Community-Based Clinic,10.1097/fch.0000000000000218,2000 CDC Growth Reference,true,true,Reference growth charts used to calculate age- and sex-specific BMI percentiles.,CDC,Pediatrics / Growth
pub.1112200364,The Occupational Therapy Approach to Addressing Food Insecurity among Older Adults with Chronic Disease,10.3390/geriatrics4010022,National Survey of Older Americans Act (OAA),true,true,"A survey administered under the Older Americans Act to assess health, functional status, and service utilization among older adults receiving nutrition program benefits.",U.S. Administration for Community Living,Gerontology / Social services
pub.1112203051,"Identifying gaps in the food security safety net: the characteristics and availability of summer nutrition programmes in California, USA",10.1017/s1368980018004135,California Department of Education administrative claims data (SFSP/SSO and NSLP summer claims),false,false,"State‑wide administrative claim records for Summer Food Service Program (SFSP), Seamless Summer Option (SSO) sites and National School Lunch Program (NSLP)/School Breakfast Program (SBP) meals for public schools in California, covering 2016 summer period and 2015‑16 school year.",California Department of Education (public website and public records request),Education/Nutrition program administration
pub.1112203051,"Identifying gaps in the food security safety net: the characteristics and availability of summer nutrition programmes in California, USA",10.1017/s1368980018004135,National Center for Education Statistics (NCES) school demographic data,false,false,"Publicly released dataset containing demographic and enrollment information for U.S. public schools, used to derive variables such as school size, FRPM eligibility, racial composition, etc.",National Center for Education Statistics,Education statistics
pub.1112203051,"Identifying gaps in the food security safety net: the characteristics and availability of summer nutrition programmes in California, USA",10.1017/s1368980018004135,USDA 2015 county typology codes,false,false,"Classification scheme assigning U.S. counties to categories such as metro/nonmetro, low education, low employment, persistent child poverty.",U.S. Department of Agriculture,Agriculture/Policy classification
pub.1112203051,"Identifying gaps in the food security safety net: the characteristics and availability of summer nutrition programmes in California, USA",10.1017/s1368980018004135,TIGER/Line Shapefiles (US Census Bureau),false,false,"Spatial data files providing geographic boundaries (roads, census tracts) used for network distance calculations in ArcGIS.",U.S. Census Bureau,Geography/Spatial analysis
pub.1112325034,“Prevention Produce”: Integrating Medical Student Mentorship into a Fruit and Vegetable Prescription Program for At-Risk Patients,10.7812/tpp/18-238,Behavioral Risk Factor Surveillance System (BRFSS) questionnaire,true,false,"A national health survey instrument used by CDC to collect data on health‑related risk behaviors, chronic health conditions, and use of preventive services.",Centers for Disease Control and Prevention (CDC),Epidemiology / Public health
pub.1112325034,“Prevention Produce”: Integrating Medical Student Mentorship into a Fruit and Vegetable Prescription Program for At-Risk Patients,10.7812/tpp/18-238,Health Survey for England,true,false,"A national survey collecting data on health, health‑related behaviors, and health service use in England.",Public Health England,Public health
pub.1112325034,“Prevention Produce”: Integrating Medical Student Mentorship into a Fruit and Vegetable Prescription Program for At-Risk Patients,10.7812/tpp/18-238,International Physical Activity Questionnaire (IPAQ),true,false,A standardized questionnaire for measuring physical activity levels across populations.,IPAQ Research Committee,Physical activity / Public health
pub.1112419761,The Decline of Cash Assistance and the Well-Being of Poor Households with Children,10.1093/sf/soz020,Center on Budget and Policy Priorities TANF‑to‑Poverty Database,true,true,State‑level annual counts of TANF cash‑assistance cases and poverty estimates.,Center on Budget and Policy Priorities,Public Policy / Welfare
pub.1112419761,The Decline of Cash Assistance and the Well-Being of Poor Households with Children,10.1093/sf/soz020,National Center for Homeless Education (NCHE) State‑Level Homeless Student Counts,true,true,"State‑year counts of public‑school students experiencing homelessness, as reported under the McKinney‑Vento Act.",National Center for Homeless Education,Education / Child Homelessness
pub.1112419761,The Decline of Cash Assistance and the Well-Being of Poor Households with Children,10.1093/sf/soz020,IPUMS‑CPS ASEC,true,true,Annual Social and Economic Supplement of the CPS as provided through IPUMS.,Minnesota Population Center,Poverty Measurement
pub.1112419761,The Decline of Cash Assistance and the Well-Being of Poor Households with Children,10.1093/sf/soz020,McKinney‑Vento Education for Homeless Children and Youth (EHCY) Program Data,true,true,Federal program that gathers counts of homeless students for reporting to states.,U.S. Department of Education,Education / Homelessness
pub.1112419761,The Decline of Cash Assistance and the Well-Being of Poor Households with Children,10.1093/sf/soz020,Supplemental Nutrition Assistance Program (SNAP) State‑Year Caseloads,true,true,State‑level counts of households receiving SNAP benefits each year.,USDA Food and Nutrition Service,Nutrition / Social Safety Net
pub.1112635462,Material Hardships and Health Care Utilization Among Low-Income Children with Special Health Care Needs,10.1016/j.acap.2019.01.009,Survey of Income and Program Participation,true,true,"A longitudinal survey conducted by the U.S. Census Bureau that collects data on income, program participation, and related topics.",U.S. Census Bureau,Socio‑economic research
pub.1112635462,Material Hardships and Health Care Utilization Among Low-Income Children with Special Health Care Needs,10.1016/j.acap.2019.01.009,Children's Health Watch Survey,true,true,A survey instrument developed by the Children’s Health Watch organization to assess health‑related social risk factors.,Children's Health Watch,Child health / Social determinants
pub.1112635462,Material Hardships and Health Care Utilization Among Low-Income Children with Special Health Care Needs,10.1016/j.acap.2019.01.009,National Survey of Children with Special Health Care Needs,true,true,A national survey that captures health‑care access and utilization among children with special health care needs.,"Maternal and Child Health Bureau, HRSA",Child health services research
pub.1112635462,Material Hardships and Health Care Utilization Among Low-Income Children with Special Health Care Needs,10.1016/j.acap.2019.01.009,5‑item CSHCN Screener (National Center for Health Statistics),true,true,A validated screening tool consisting of five yes/no items to identify children with special health care needs.,National Center for Health Statistics,Pediatric health research
pub.1112852342,The Relationship between Food Insecurity and Symptoms of Attention-Deficit Hyperactivity Disorder in Children: A Summary of the Literature,10.3390/nu11030659,Community Childhood Hunger Identification Project (CCHIP),true,false,An assessment instrument used to identify hunger status in children and households; later validated for measuring food insecurity.,,Public health / Nutrition
pub.1112862224,The Relation Between Household Food Insecurity and Children's Height in Canada and the United States: A Scoping Review,10.1093/advances/nmz034,Early Childhood Longitudinal Study – Kindergarten (ECLS‑K),true,true,A US longitudinal cohort that follows a nationally representative sample of children from kindergarten onward.,National Center for Education Statistics (NCES),"Education, child development, health"
pub.1112862388,Effect of Supplemental Nutrition Assistance Program–Education (SNAP-Ed) on food security and dietary outcomes,10.1093/nutrit/nuz013,Behavioral Risk Factor Surveillance System (BRFSS),true,false,"A large, ongoing telephone survey that collects data on health‑related risk behaviors, chronic health conditions, and use of preventive services in the U.S.",Mentioned as the data source for a secondary analysis reported in the reviewed literature.,Public Health / Epidemiology
pub.1112862388,Effect of Supplemental Nutrition Assistance Program–Education (SNAP-Ed) on food security and dietary outcomes,10.1093/nutrit/nuz013,California Health Interview Survey (CHIS),true,false,"A statewide health survey that collects information on health status, health behaviors, and access to health care among California residents.",Cited as the data source for a cross‑sectional analysis discussed in the review.,Public Health / Nutrition
pub.1113257504,Trends in Food Insecurity and SNAP Participation among Immigrant Families U.S.-Born Young Children,10.3390/children6040055,Children's HealthWatch study,true,true,A multisite longitudinal data collection effort that surveys caregivers of children under 48 months in emergency rooms and primary care clinics.,Children's HealthWatch consortium (multiple academic sites),"Pediatric health, social determinants of health"
pub.1113257504,Trends in Food Insecurity and SNAP Participation among Immigrant Families U.S.-Born Young Children,10.3390/children6040055,National Survey of America's Families,true,false,A national survey conducted by the Urban Institute examining family hardship and child outcomes.,Urban Institute,Social science / Family economics
pub.1113258072,Connecting Urban Food Plans to the Countryside: Leveraging Denver’s Food Vision to Explore Meaningful Rural–Urban Linkages,10.3390/su11072022,National Nutrient Database for Standard Reference (Food Patterns Equivalents Database),true,false,"USDA’s comprehensive database of nutrient composition for foods, including the Food Patterns Equivalents Database (FPED) that maps foods to dietary patterns.",U.S. Department of Agriculture,Nutrition / Food composition
pub.1113258072,Connecting Urban Food Plans to the Countryside: Leveraging Denver’s Food Vision to Explore Meaningful Rural–Urban Linkages,10.3390/su11072022,U.S. Department of Agriculture Economic Research Service (ERS),true,false,"Federal agency that produces economic research and data on agriculture, rural development, and related topics.",U.S. Department of Agriculture,Economics / Rural development
pub.1113258072,Connecting Urban Food Plans to the Countryside: Leveraging Denver’s Food Vision to Explore Meaningful Rural–Urban Linkages,10.3390/su11072022,National Agricultural Statistics Service (NASS),true,false,"Federal agency that conducts surveys and publishes data on U.S. agricultural production, supplies, and prices.",U.S. Department of Agriculture,Agriculture / Statistics
pub.1113258072,Connecting Urban Food Plans to the Countryside: Leveraging Denver’s Food Vision to Explore Meaningful Rural–Urban Linkages,10.3390/su11072022,Colorado Fruit Tree/Vineyard Survey,true,false,A state‑level survey that collects data on fruit tree and vineyard production in Colorado.,Colorado Department of Agriculture,Agriculture / Crop production
pub.1113258072,Connecting Urban Food Plans to the Countryside: Leveraging Denver’s Food Vision to Explore Meaningful Rural–Urban Linkages,10.3390/su11072022,Colorado Agricultural Statistics Service,true,false,State‑level statistical service that aggregates agricultural production data for Colorado.,Colorado Department of Agriculture,Agriculture / Statistics
pub.1113378957,National Trends in Food Insecurity and Congregation-Based Food Provision between 1998 and 2012,10.1080/03670244.2019.1598979,National Congregations Study (NCS),true,true,"A repeated cross‑sectional survey of U.S. religious congregations that collects information on congregation size, composition, and social service activities.",National Congregations Study team (University of Notre Dame and collaborators),Sociology / Religion
pub.1113378957,National Trends in Food Insecurity and Congregation-Based Food Provision between 1998 and 2012,10.1080/03670244.2019.1598979,U.S. Census,true,true,"Decennial and annual surveys providing demographic, socioeconomic, and geographic information at multiple geographic levels.",U.S. Census Bureau,Demography / Geography
pub.1113407479,"Food insecurity is associated with anxiety, stress, and symptoms of posttraumatic stress disorder in a cohort of women with or at risk of HIV in the United States",10.1093/jn/nxz093,Women's Interagency HIV Study (WIHS),true,true,"A longitudinal cohort that follows women with or at risk for HIV across nine U.S. sites, collecting interview, exam, and biospecimen data every six months.",National Institutes of Health (NIH) funded consortium,Epidemiology / HIV/AIDS
pub.1113407479,"Food insecurity is associated with anxiety, stress, and symptoms of posttraumatic stress disorder in a cohort of women with or at risk of HIV in the United States",10.1093/jn/nxz093,Food Insecurity Sub‑Study (WIHS),true,true,A sub‑study within WIHS that administered the HFSSM and related socioeconomic questionnaires at six‑month intervals.,Women's Interagency HIV Study (WIHS),Food Security / Public Health
pub.1113407479,"Food insecurity is associated with anxiety, stress, and symptoms of posttraumatic stress disorder in a cohort of women with or at risk of HIV in the United States",10.1093/jn/nxz093,WIHS Public Use Data Set,true,false,A de‑identified version of the WIHS cohort data released for public research use.,Women's Interagency HIV Study (WIHS) data coordinating center,Epidemiology / HIV/AIDS
pub.1113407479,"Food insecurity is associated with anxiety, stress, and symptoms of posttraumatic stress disorder in a cohort of women with or at risk of HIV in the United States",10.1093/jn/nxz093,Neurocognition Sub‑Study (WIHS),true,true,A WIHS sub‑study that collected neurocognitive assessments and mental‑health questionnaires on a subset of participants.,Women's Interagency HIV Study (WIHS),Neurocognition / Mental Health
pub.1113407479,"Food insecurity is associated with anxiety, stress, and symptoms of posttraumatic stress disorder in a cohort of women with or at risk of HIV in the United States",10.1093/jn/nxz093,Engagement in Care Sub‑Study (WIHS),true,true,"A WIHS sub‑study focused on participants' retention in HIV care, which also collected mental‑health screening instruments.",Women's Interagency HIV Study (WIHS),HIV Care / Mental Health
pub.1113490561,"Parenting While Food Insecure: Links Between Adult Food Insecurity, Parenting Aggravation, and Children’s Behaviors",10.1177/0192513x19842902,"Early Childhood Longitudinal Study, Kindergarten Class of 2010-11 (ECLS-K:2011)",true,true,"A large‑scale, nationally representative longitudinal study of children who entered kindergarten in 2010‑2011, providing parent, teacher, and child assessments across multiple waves.",National Center for Education Statistics,Education / Child Development
pub.1113490561,"Parenting While Food Insecure: Links Between Adult Food Insecurity, Parenting Aggravation, and Children’s Behaviors",10.1177/0192513x19842902,National Survey of America's Families (NSAF),true,false,A national survey that collects data on family characteristics and child well‑being.,U.S. Department of Health and Human Services,Family / Child Health
pub.1113490561,"Parenting While Food Insecure: Links Between Adult Food Insecurity, Parenting Aggravation, and Children’s Behaviors",10.1177/0192513x19842902,National Survey of Children's Health (NSCH),true,false,A national survey that provides data on children's health and well‑being across the United States.,U.S. Department of Health and Human Services,Child Health
pub.1113667661,Food Insecure College Students and Objective Measurements of Their Unused Meal Plans,10.3390/nu11040904,SPARC Study Dataset,true,true,"Longitudinal dataset on physical activity, nutrition, and related variables among college students at Arizona State University.",Arizona State University (ASU) – SPARC research team,Public Health / Nutrition / Physical Activity
pub.1113667661,Food Insecure College Students and Objective Measurements of Their Unused Meal Plans,10.3390/nu11040904,University Meal Plan Usage Data,true,true,Administrative records capturing each student's meal plan type and timestamped meal plan swipes throughout the semester.,Arizona State University administrative records,Higher Education / Campus Services
pub.1114050530,Varying Levels of Food Insecurity Associated with Clinically Relevant Depressive Symptoms in U.S. Adults Aged 60 Years and Over: Results from the 2005–2014 National Health and Nutrition Survey,10.1080/21551197.2019.1611520,Asset and Health Dynamics Among the Oldest Old (AHEAD),true,false,"A cohort study of adults aged 70 and older, part of the HRS family of surveys.",University of Michigan Institute for Social Research,"Aging, Public Health"
pub.1115597788,Reframing food security by and for Native American communities: a case study among tribes in the Klamath River basin of Oregon and California,10.1007/s12571-019-00925-y,USDA Community Food Security Assessment Toolkit,true,false,"A set of standardized measurement tools for assessing community food security, developed by the USDA.","U.S. Department of Agriculture, Economic Research Service",Community Food Security
pub.1117163849,Child Food Insecurity and Neighborhood Food Environment in Relation to Academic Performance and Behavior Problems Among a National Sample of Kindergarten Children (OR02-04-19),10.1093/cdn/nzz051.or02-04-19,Early Childhood Longitudinal Study – Kindergarten Cohort 2011 (ECLS‑K:2011),true,true,A longitudinal survey dataset collected by the National Center for Education Statistics that follows a cohort of kindergarten children across multiple years.,National Center for Education Statistics (NCES),Education / Child development
pub.1117290764,"Food insecurity in a pre-bariatric surgery sample: prevalence, demographics and food shopping behaviour",10.1017/s1368980019001320,USDA Adult Food Security Survey Module,true,true,A ten‑item questionnaire developed by the U.S. Department of Agriculture to measure household food insecurity among adults.,U.S. Department of Agriculture (USDA),Public health / nutrition
pub.1117290764,"Food insecurity in a pre-bariatric surgery sample: prevalence, demographics and food shopping behaviour",10.1017/s1368980019001320,Weight and Lifestyle Inventory (WALI),false,false,A self‑report instrument used to capture demographic and lifestyle information for bariatric surgery candidates.,Citation 34 (not specified in excerpt),Psychology / health assessment
pub.1117290764,"Food insecurity in a pre-bariatric surgery sample: prevalence, demographics and food shopping behaviour",10.1017/s1368980019001320,US Census Bureau 2010 Statistics (Urban/Rural Classification),false,false,"Census data providing population density and socioeconomic characteristics for ZIP‑code areas, used to determine urban vs. rural status and median income thresholds.",U.S. Census Bureau (2010),Demography / public health
pub.1117290764,"Food insecurity in a pre-bariatric surgery sample: prevalence, demographics and food shopping behaviour",10.1017/s1368980019001320,IRS Individual Income Tax Statistics Database (2015 Median Income by ZIP Code),false,false,A database from the Internal Revenue Service providing aggregated adjusted gross income statistics at the ZIP‑code level.,Internal Revenue Service (IRS) Individual Income Tax Statistics,Economics / public health
pub.1117376251,Food Insecurity Among Formerly Incarcerated Adults,10.1177/0093854819856920,National Longitudinal Study of Adolescent to Adult Health (Add Health),true,true,"A nationally representative longitudinal survey of adolescents followed into adulthood, covering health, socioeconomic, and behavioral variables.",Add Health website (http://www.cpc.unc.edu/addhealth),Social science / Public health
pub.1117376251,Food Insecurity Among Formerly Incarcerated Adults,10.1177/0093854819856920,Current Population Survey (CPS),true,false,A monthly survey of U.S. households that provides labor force statistics and other demographic data.,U.S. Census Bureau and Bureau of Labor Statistics,Economics / Demography
pub.1117376251,Food Insecurity Among Formerly Incarcerated Adults,10.1177/0093854819856920,Fragile Families and Child Well‑Being Study (FFCWS),true,false,"A longitudinal birth cohort study of children born in large U.S. cities, focusing on family structure and child outcomes.",Harvard University and other institutions,Sociology / Public health
pub.1117376251,Food Insecurity Among Formerly Incarcerated Adults,10.1177/0093854819856920,Early Childhood Longitudinal Study‑Birth Cohort (ECLS‑B),true,false,"A nationally representative cohort study of children born in the United States in 2001, tracking development and family context.","U.S. Department of Education, National Center for Education Statistics",Education / Child development
pub.1117376251,Food Insecurity Among Formerly Incarcerated Adults,10.1177/0093854819856920,Modified Retail Food Environment Index (mRFEI),true,false,An index measuring the ratio of healthy to unhealthy food retailers within a geographic area.,CDC,Public health / Geography
pub.1117614998,Tobacco use increases risk of food insecurity: An analysis of continuous NHANES data from 1999 to 2014,10.1016/j.ypmed.2019.105765,Population Assessment of Tobacco and Health (PATH) Study,true,false,A longitudinal cohort study of U.S. adults and youth that collects detailed information on tobacco use behaviors and health outcomes.,National Institutes of Health (NIH) and the FDA Center for Tobacco Products,Tobacco use research / public health
pub.1117767274,Household Debt and Children’s Risk of Food Insecurity,10.1093/socpro/spz027,Panel Study of Income Dynamics (PSID),true,true,"A longitudinal, nationally representative panel survey of U.S. individuals and households that collects detailed socioeconomic information.",University of Michigan Institute for Social Research,Economics / Social Science
pub.1117767274,Household Debt and Children’s Risk of Food Insecurity,10.1093/socpro/spz027,Child Development Supplement (CDS) of the PSID,true,true,"A supplement to the PSID that collects detailed information on children’s development, health, and household characteristics.",University of Michigan Institute for Social Research,Child Development / Social Science
pub.1117767274,Household Debt and Children’s Risk of Food Insecurity,10.1093/socpro/spz027,Survey of Consumer Finances (SCF),true,false,"A triennial survey of U.S. families’ balance sheets, debt, and assets.",Federal Reserve Board,Finance / Economics
pub.1117767274,Household Debt and Children’s Risk of Food Insecurity,10.1093/socpro/spz027,Survey of Program Dynamics (SPD),true,false,A survey that links program participation data with household demographic and economic information.,University of Michigan / Institute for Social Research,Social Policy / Economics
pub.1118014922,Household Food Insecurity among African Immigrants of the United States: Evidence from the National Health Interview Survey,10.1080/19320248.2019.1640828,Integrated Public Use Microdata Series (IPUMS) Health Survey,true,true,A harmonized public-use microdata set that compiles multiple years of the National Health Interview Survey (NHIS) into a consistent format for research.,IPUMS (University of Minnesota) – public‑use data repository,Health survey / Demography
pub.1118093754,Measuring Social Cohesion and Social Capital within the Context of Community Food Security: A Confirmatory Factor Analysis,10.1080/19320248.2019.1640161,Survey of Income and Program Participation (SIPP) and CSFII Datasets,true,false,"SIPP: longitudinal survey of income, program participation; CSFII: Consumer Expenditure Survey focusing on food consumption.",U.S. Census Bureau (SIPP) and USDA (CSFII),Economic and consumption data
pub.1119818396,Smallholder Farmers Spend Credit Primarily on Food: Gender Differences and Food Security Implications in a Changing Climate,10.3389/fsufs.2019.00056,"CGIAR Climate Change, Agriculture and Food Security (CCAFS) program gender survey",false,false,"A multi‑site household survey conducted by the CGIAR CCAFS program that captures information on gender, access to financial resources, credit use, and food borrowing among smallholder households in Kenya, Uganda, and Senegal.","CGIAR Climate Change, Agriculture and Food Security (CCAFS) program",Agricultural economics / Food security / Gender studies
pub.1119818396,Smallholder Farmers Spend Credit Primarily on Food: Gender Differences and Food Security Implications in a Changing Climate,10.3389/fsufs.2019.00056,IFPRI gender dataset (Harvard Dataverse),false,false,"A gender‑focused dataset hosted on Harvard Dataverse, likely containing survey data from the International Food Policy Research Institute (IFPRI) related to financial resources and food security.",Harvard Dataverse – IFPRI,Food policy / Gender economics
pub.1120022213,"Long-Term Food Insecurity, Hunger and Risky Food Acquisition Practices: A Cross-Sectional Study of Food Charity Recipients in an Australian Capital City",10.3390/ijerph16152749,Charitable Food Service Recipients Survey Data,true,true,"Primary dataset collected from 101 participants via a 38‑item questionnaire, including demographic, health, and food‑acquisition variables.",Primary data collected by the study authors,Public health / Nutrition / Social services
pub.1120022213,"Long-Term Food Insecurity, Hunger and Risky Food Acquisition Practices: A Cross-Sectional Study of Food Charity Recipients in an Australian Capital City",10.3390/ijerph16152749,Australian Household Expenditure Survey,true,false,"A national survey that collects data on household spending, including food expenditures.",Australian Bureau of Statistics (implied),Economics / Public health
pub.1120022213,"Long-Term Food Insecurity, Hunger and Risky Food Acquisition Practices: A Cross-Sectional Study of Food Charity Recipients in an Australian Capital City",10.3390/ijerph16152749,Australian Aboriginal and Torres Strait Islander Health Survey 2012,true,false,A national health survey focusing on Aboriginal and Torres Strait Islander populations.,Australian Bureau of Statistics,Public health
pub.1120023659,Malign and benign neglect: a local food system and the myth of sustainable redevelopment in Appalachia Ohio,10.1007/s10460-019-09976-5,Census Bureau American FactFinder Quickfacts,true,false,A U.S. Census Bureau online tool that provides quick statistical facts about geographic areas.,U.S. Census Bureau,Demography / Socio‑economic statistics
pub.1120344126,BEEF SPECIES-RUMINANT NUTRITION CACTUS BEEF SYMPOSIUM: A role for beef cattle in sustainable U.S. food production1,10.1093/jas/skz173,USDA/NASS QuickStats,true,true,"QuickStats is an online database from USDA NASS that provides timely, pre‑compiled statistics on a wide range of agricultural topics.",USDA/NASS QuickStats 2013,Agriculture/Water Use
pub.1120344126,BEEF SPECIES-RUMINANT NUTRITION CACTUS BEEF SYMPOSIUM: A role for beef cattle in sustainable U.S. food production1,10.1093/jas/skz173,USDA Economic Research Service (ERS) Beef Production Data,true,true,"ERS provides statistical data and analyses on U.S. agricultural production, including beef output and economic indicators.",USDA/ERS reports 2018,Agriculture/Economic Statistics
pub.1120344126,BEEF SPECIES-RUMINANT NUTRITION CACTUS BEEF SYMPOSIUM: A role for beef cattle in sustainable U.S. food production1,10.1093/jas/skz173,USDA Foreign Agricultural Service (FAS) Trade Data,true,true,"FAS provides data on U.S. agricultural imports and exports, including commodity‑level trade statistics.",USDA/FAS 2018 export report,Agriculture/International Trade
pub.1120344126,BEEF SPECIES-RUMINANT NUTRITION CACTUS BEEF SYMPOSIUM: A role for beef cattle in sustainable U.S. food production1,10.1093/jas/skz173,EPA Inventory of U.S. Greenhouse Gas Emissions and Sinks,true,true,"The Environmental Protection Agency (EPA) publishes an annual inventory of U.S. greenhouse gas emissions, including sector‑specific data.",EPA 2018 GHG Inventory,Environmental Science/Emissions Accounting
pub.1120484769,Housing and food stress among transgender adults in the United States,10.1016/j.annepidem.2019.08.004,Behavioral Risk Factor Surveillance System (BRFSS),true,true,"A nationwide telephone survey conducted by the CDC that collects data on health-related risk behaviors, chronic health conditions, and use of preventive services.",Centers for Disease Control and Prevention (CDC),Public health / Epidemiology
pub.1120484769,Housing and food stress among transgender adults in the United States,10.1016/j.annepidem.2019.08.004,American Housing Survey,true,false,A biennial survey conducted by the U.S. Census Bureau that collects data on housing characteristics and conditions.,U.S. Census Bureau,Housing / Social science
pub.1120484769,Housing and food stress among transgender adults in the United States,10.1016/j.annepidem.2019.08.004,U.S. Transgender Survey,true,false,"The largest survey of transgender adults in the United States, conducted by the National Center for Transgender Equality.",National Center for Transgender Equality,Social science / LGBTQ health
pub.1120484769,Housing and food stress among transgender adults in the United States,10.1016/j.annepidem.2019.08.004,Michigan Recession and Recovery Study,true,false,A longitudinal study examining economic and social impacts of the Great Recession in Michigan.,University of Michigan,Economics / Public health
pub.1120657067,"Association between food insecurity, cardiorenal syndrome and all-cause mortality among low-income adults",10.1177/0260106019869069,National Death Index (NDI),true,true,"A centralized database of death record information for the United States, used for mortality ascertainment in research.",National Center for Health Statistics (NCHS),Epidemiology / mortality research
pub.1120657067,"Association between food insecurity, cardiorenal syndrome and all-cause mortality among low-income adults",10.1177/0260106019869069,NCHS 2011 Linked Mortality Files,true,true,A linked dataset that combines survey participants with death certificate information for the year 2011.,National Center for Health Statistics (NCHS),Public health / mortality research
pub.1120928208,"Food Insecurity, Health, and Development in Children Under Age Four Years",10.1542/peds.2019-0824,Children's HealthWatch,true,true,"A multi‑site observational network that gathers health, growth, and development data on children across five U.S. cities.",Children's HealthWatch network (academic consortium),Pediatrics / Public Health
pub.1120928208,"Food Insecurity, Health, and Development in Children Under Age Four Years",10.1542/peds.2019-0824,CDC Growth Charts,true,true,Standard growth reference charts used to calculate percentiles for weight‑for‑age and height‑for‑age in U.S. children.,U.S. Centers for Disease Control and Prevention,Pediatrics / Growth Monitoring
pub.1121084384,"SNAP, Young Children's Health, and Family Food Security and Healthcare Access",10.1016/j.amepre.2019.04.027,Consumer Price Index for Food,true,true,Monthly food price index from the Bureau of Labor Statistics used as a covariate in regression models.,Bureau of Labor Statistics,Economic/Price Data
pub.1121091591,"Maternal Place of Birth, Socioeconomic Characteristics, and Child Health in US-Born Latinx Children in Boston",10.1016/j.acap.2019.09.005,Children's HealthWatch,true,true,"A multi‑site, repeat cross‑sectional survey dataset of low‑income children and caregivers.",Boston Medical Center and partner institutions,Public Health / Child Health
pub.1121334461,Child Compared with Parent Perceptions of Child-Level Food Security,10.1093/cdn/nzz106,Child Food Security Assessment (CFSA) – adapted 5‑item version,true,true,A five‑item questionnaire adapted from the Child Food Security Assessment to capture children’s own perceptions of food insecurity.,Developed/validated by Fram et al.; referenced in the manuscript.,Nutrition / Public Health
pub.1121391771,"Food insecurity and obesity: research gaps, opportunities, and challenges",10.1093/tbm/ibz117,NIH RePORTER,true,true,"A publicly available database of NIH-funded research projects, awards, and related data.",National Institutes of Health,Research funding database
pub.1121391771,"Food insecurity and obesity: research gaps, opportunities, and challenges",10.1093/tbm/ibz117,Environmental Influences on Child Health Outcomes Program,true,false,A multi-cohort NIH program collecting extensive environmental and health data on children.,National Institutes of Health,Longitudinal cohort study
pub.1121391771,"Food insecurity and obesity: research gaps, opportunities, and challenges",10.1093/tbm/ibz117,Healthy Communities Study,true,false,"A large-scale NIH study examining community characteristics and child health outcomes, including diet and food security.",National Institutes of Health,Community health cohort study
pub.1121407211,Farm-to-school education grants reach low-income children and encourage them to learn about fruits and vegetables,10.1093/tbm/ibz092,ODE Farm to School Baseline and Progress Reports,true,true,"State‑level reports collected by the Oregon Department of Education (ODE) documenting planned and actual farm‑to‑school education activities, funding, and student reach for each grant recipient.",Oregon Department of Education (ODE),Education/Nutrition Policy
pub.1121407211,Farm-to-school education grants reach low-income children and encourage them to learn about fruits and vegetables,10.1093/tbm/ibz092,USDA Trends in U.S. Local and Regional Food Systems (January 2015),true,false,"A USDA report summarizing trends in local and regional food systems, including farm‑to‑school site counts over time.",U.S. Department of Agriculture (USDA),Agriculture/Food Systems
pub.1121479589,The Hunger Vital Sign Identifies Household Food Insecurity among Children in Emergency Departments and Primary Care,10.3390/children6100107,Children's HealthWatch Survey,true,true,A multi‑center longitudinal survey dataset collecting socio‑economic and health information on children and caregivers in urban medical centers.,Children's HealthWatch (www.childrenshealthwatch.org),Pediatric health and social determinants
pub.1121580493,"A Comparison of Mental Health, Food Insecurity, and Diet Quality Indicators between Foreign-Born Immigrants of Canada and Native-Born Canadians",10.1080/19320248.2019.1672601,Canadian Nutrient File 2001b,true,true,A nutrient composition database containing values for macro‑ and micronutrients for foods commonly consumed in Canada.,Health Canada,"Nutrition, food composition"
pub.1121580493,"A Comparison of Mental Health, Food Insecurity, and Diet Quality Indicators between Foreign-Born Immigrants of Canada and Native-Born Canadians",10.1080/19320248.2019.1672601,Canadian Healthy Eating Index (HEI‑C),true,true,"An index scoring individual diets against Canadian dietary guidelines, producing a numeric diet‑quality score.",Derived by the authors using Statistics Canada data and the Canadian Healthy Eating Index methodology.,"Nutrition, diet quality assessment"
pub.1121583045,Emerging trends and the clinical impact of food insecurity in patients with diabetes,10.1111/1753-0407.12992,California Health Interview Survey (CHIS),true,false,"A state‑level health survey that collects data on health status, health behaviors, and access to health care among California residents.",Referenced in the literature review section.,Public health / health services research
pub.1121583045,Emerging trends and the clinical impact of food insecurity in patients with diabetes,10.1111/1753-0407.12992,Healthy Aging in Neighborhoods of Diversity across the Life Span (HANDLS) study,true,false,"A longitudinal cohort study of health disparities among adults in Baltimore, Maryland, focusing on aging and neighborhood diversity.",Mentioned in the discussion of community‑level factors.,Epidemiology / health disparities
pub.1121583045,Emerging trends and the clinical impact of food insecurity in patients with diabetes,10.1111/1753-0407.12992,USDA Food Security Supplement survey,true,false,A supplemental module added to the Current Population Survey to collect detailed information on household food security.,Discussed in the section describing measurement tools for food insecurity.,Nutrition / food security surveillance
pub.1121886574,Cross-sectional associations of food insecurity with smoking cigarettes and heavy alcohol use in a population-based sample of adults,10.1016/j.drugalcdep.2019.107646,Survey of the Health of Wisconsin (SHOW),true,true,"A statewide, population‑based health survey of Wisconsin adults that includes interview, questionnaire, physical exam, and biological sample data.","University of Wisconsin, Madison Health Sciences",Public health / epidemiology
pub.1121946068,Food Insecurity and Cognitive Function in Middle to Older Adulthood: A Systematic Review,10.1093/advances/nmz122,Boston Puerto Rican Health Study (BPRHS),true,false,"A longitudinal cohort study of Puerto Rican adults in the United States focusing on health, nutrition, and aging.",Boston University and collaborators,Epidemiology / Nutrition
pub.1121946068,Food Insecurity and Cognitive Function in Middle to Older Adulthood: A Systematic Review,10.1093/advances/nmz122,CARDIA Study,true,false,Coronary Artery Risk Development in Young Adults – a longitudinal cohort studying cardiovascular risk factors.,University of Alabama at Birmingham and collaborators,Cardiovascular epidemiology
pub.1121946068,Food Insecurity and Cognitive Function in Middle to Older Adulthood: A Systematic Review,10.1093/advances/nmz122,Framingham Heart Study,true,false,A long‑term prospective cohort study investigating cardiovascular disease and related outcomes.,"Boston University and National Heart, Lung, and Blood Institute",Cardiovascular and neuroepidemiology
pub.1121946068,Food Insecurity and Cognitive Function in Middle to Older Adulthood: A Systematic Review,10.1093/advances/nmz122,Atherosclerosis Risk in Communities (ARIC) Study,true,false,A prospective cohort study of cardiovascular disease and its risk factors in four U.S. communities.,"National Heart, Lung, and Blood Institute",Epidemiology / Cardiovascular
pub.1121946068,Food Insecurity and Cognitive Function in Middle to Older Adulthood: A Systematic Review,10.1093/advances/nmz122,WHO Study on Global AGEing and Adult Health (SAGE),true,false,A multi‑country longitudinal study on health and well‑being of adults aged 50+ in low‑ and middle‑income countries.,World Health Organization,Global health / Aging
pub.1121946068,Food Insecurity and Cognitive Function in Middle to Older Adulthood: A Systematic Review,10.1093/advances/nmz122,HOPE HOME Study,true,false,A cohort study examining health outcomes among homeless older adults in the United States.,"University of California, San Francisco and collaborators",Public health / Homelessness
pub.1121946068,Food Insecurity and Cognitive Function in Middle to Older Adulthood: A Systematic Review,10.1093/advances/nmz122,Health Study Cohort,true,false,A longitudinal cohort (specific focus not detailed in the excerpt) used in one of the primary studies.,,Health research
pub.1121946068,Food Insecurity and Cognitive Function in Middle to Older Adulthood: A Systematic Review,10.1093/advances/nmz122,"""Umeed"" Project",true,false,"A project conducting baseline surveys among adults undergoing HIV testing, likely in a low‑ or middle‑income setting.",,Public health / HIV
pub.1121997691,Money speaks: Reductions in severe food insecurity follow the Canada Child Benefit,10.1016/j.ypmed.2019.105876,Canadian Income Survey,true,false,A survey that collects information on income sources and amounts for Canadian households.,Statistics Canada (implied),Income / economic data
pub.1122150392,Food insecurity and the extremes of childhood weight: defining windows of vulnerability,10.1093/ije/dyz233,Early Childhood Longitudinal Study – Kindergarten Cohort (ECLS‑K),true,true,"A nationally representative longitudinal cohort of U.S. children followed from kindergarten through eighth grade, collecting educational, health, and socioeconomic variables.","Institute of Education Sciences, U.S. Department of Education",Education/Public Health
pub.1122150392,Food insecurity and the extremes of childhood weight: defining windows of vulnerability,10.1093/ije/dyz233,Centers for Disease Control and Prevention (CDC) Growth Reference Data,true,true,"Reference growth charts and percentile tables for BMI, height, and weight used to compute age‑ and sex‑specific z‑scores in children.",Centers for Disease Control and Prevention,Pediatrics/Public Health
pub.1122337406,Effects of family income and conditional cash transfers on household food insecurity: evidence from a longitudinal study in Northeast Brazil,10.1017/s1368980019003136,Brazilian Household Food Insecurity Measurement Scale (EBIA),true,true,An experience‑based food‑insecurity scale adapted for Brazil; 14‑item version used to classify households into food‑secure and varying levels of food‑insecurity.,"Primary data collection conducted by the authors in Cuité, Paraíba, Brazil (2011 and 2014).",Public health / Nutrition security
pub.1122337406,Effects of family income and conditional cash transfers on household food insecurity: evidence from a longitudinal study in Northeast Brazil,10.1017/s1368980019003136,IBGE Censo Demográfico 2010,true,false,Brazilian national census conducted by the Instituto Brasileiro de Geografia e Estatística (IBGE) in 2010.,Cited as external demographic information; not part of the primary data collection.,Demography / Social statistics
pub.1122337406,Effects of family income and conditional cash transfers on household food insecurity: evidence from a longitudinal study in Northeast Brazil,10.1017/s1368980019003136,Pesquisa Nacional por Amostra de Domicílios: Segurança Alimentar 2013,true,false,Brazilian National Household Sample Survey focusing on food security for the year 2013.,Cited literature; not utilized in the authors’ own analysis.,Public health / Food security
pub.1122431846,Experiences of Racial and Ethnic Discrimination Are Associated with Food Insecurity and Poor Health,10.3390/ijerph16224369,National Health and Nutrition Examination Survey (NHANES),true,false,"A large, ongoing US health survey that provides data on health and nutrition; here only cited as a source for a questionnaire item.",US Centers for Disease Control and Prevention (CDC),Public health / Epidemiology
pub.1122431846,Experiences of Racial and Ethnic Discrimination Are Associated with Food Insecurity and Poor Health,10.3390/ijerph16224369,National Survey of Children’s Health (NSCH) 2016,true,false,A nationally representative survey of US children’s health and wellbeing conducted in 2016; referenced as prior work.,US Department of Health and Human Services,Public health / Child health
pub.1122656754,"Precarity and health: Theorizing the intersection of multiple material-need insecurities, stigma, and illness among women in the United States",10.1016/j.socscimed.2019.112683,Women’s Interagency HIV Study (WIHS),true,true,A long‑standing multicenter prospective cohort study of HIV‑positive and HIV‑negative women in the United States.,Primary data source for the qualitative interviews and participant recruitment.,Epidemiology / HIV research
pub.1122755732,Improving Food Security in Medical Students Using a Cooking Program,10.1080/19320248.2019.1693470,National Survey on Drug Use and Health (NSDUH),true,false,"An annual survey that provides national and state-level data on the use of illicit drugs, alcohol, and mental health among the U.S. civilian non‑institutionalized population.",Substance Abuse and Mental Health Services Administration (SAMHSA),Public Health / Substance Use
pub.1122803201,Food insecurity during pregnancy and gestational weight gain,10.1016/j.ajogmf.2019.100068,Electronic Medical Record (EMR) data,true,true,"Structured clinical data captured in the hospital’s electronic health record system, including birth records, prenatal visits, delivery information, and neonatal outcomes.",Northwestern Memorial Hospital electronic health record system,Clinical / Obstetrics
pub.1123162510,Identifying a Fine Line between Food Insecurity and Food Acquisition Stress: A Mixed Methods Exploration,10.1080/19320248.2019.1697407,Food Insecurity Experience Scale (FIES),true,false,An eight‑item questionnaire developed by the FAO to assess food insecurity across countries.,Food and Agriculture Organization of the United Nations,Food Security / International Development
pub.1123162510,Identifying a Fine Line between Food Insecurity and Food Acquisition Stress: A Mixed Methods Exploration,10.1080/19320248.2019.1697407,Household Food Insecurity Access Scale (HFIAS),true,false,A 9‑item scale assessing food‑insecurity experiences over the past 30 days.,International Food Policy Research Institute (IFPRI),Food Security / Public Health
pub.1123264899,Exploring the Relationship Between Food Insecurity and Mental Health in an Undergraduate Student Population,10.1080/19496591.2019.1679158,College Student Food Insecurity and Mental Health Survey,false,false,"A self‑administered online questionnaire (via Qualtrics) administered to a random sample of 4,981 undergraduate students at a large public research‑intensive university; 1,229 respondents completed it. The instrument includes USDA food security module items, PHQ‑9 depression scale, Perceived Stress Scale, Loneliness Scale, Brief Resilience Scale, and demographic variables.","Collected by the authors (Wood & Harris, 2018) from undergraduate students at a large public university in the Midwest.",Higher education / student health and food security
pub.1123286650,Food Purchasing Behavior of Food Insecure Cancer Patients Receiving Supplemental Food Vouchers,10.1007/s00520-019-05183-4,discovered_datasets,false,false,,,
pub.1123286650,Food Purchasing Behavior of Food Insecure Cancer Patients Receiving Supplemental Food Vouchers,10.1007/s00520-019-05183-4,name,false,false,,,
pub.1123286650,Food Purchasing Behavior of Food Insecure Cancer Patients Receiving Supplemental Food Vouchers,10.1007/s00520-019-05183-4,confidence_score_mention,false,false,,,
pub.1123286650,Food Purchasing Behavior of Food Insecure Cancer Patients Receiving Supplemental Food Vouchers,10.1007/s00520-019-05183-4,text_quote,false,false,,,
pub.1123286650,Food Purchasing Behavior of Food Insecure Cancer Patients Receiving Supplemental Food Vouchers,10.1007/s00520-019-05183-4,Patients also had to score in the range of \,false,false,,,
pub.1123286650,Food Purchasing Behavior of Food Insecure Cancer Patients Receiving Supplemental Food Vouchers,10.1007/s00520-019-05183-4,or \,false,false,,,
pub.1123286650,Food Purchasing Behavior of Food Insecure Cancer Patients Receiving Supplemental Food Vouchers,10.1007/s00520-019-05183-4,domain,false,false,,,
pub.1123286650,Food Purchasing Behavior of Food Insecure Cancer Patients Receiving Supplemental Food Vouchers,10.1007/s00520-019-05183-4,Public health / nutrition,false,false,,,
pub.1123286650,Food Purchasing Behavior of Food Insecure Cancer Patients Receiving Supplemental Food Vouchers,10.1007/s00520-019-05183-4,size,false,false,,,
pub.1123286650,Food Purchasing Behavior of Food Insecure Cancer Patients Receiving Supplemental Food Vouchers,10.1007/s00520-019-05183-4,format,false,false,,,
pub.1123286650,Food Purchasing Behavior of Food Insecure Cancer Patients Receiving Supplemental Food Vouchers,10.1007/s00520-019-05183-4,Survey questionnaire responses,false,false,,,
pub.1123286650,Food Purchasing Behavior of Food Insecure Cancer Patients Receiving Supplemental Food Vouchers,10.1007/s00520-019-05183-4,access_info,false,false,,,
pub.1123286650,Food Purchasing Behavior of Food Insecure Cancer Patients Receiving Supplemental Food Vouchers,10.1007/s00520-019-05183-4,is_known_dataset,false,false,,,
pub.1123286650,Food Purchasing Behavior of Food Insecure Cancer Patients Receiving Supplemental Food Vouchers,10.1007/s00520-019-05183-4,matched_known_dataset,false,false,,,
pub.1123286650,Food Purchasing Behavior of Food Insecure Cancer Patients Receiving Supplemental Food Vouchers,10.1007/s00520-019-05183-4,discovery_reasoning,false,false,,,
pub.1123286650,Food Purchasing Behavior of Food Insecure Cancer Patients Receiving Supplemental Food Vouchers,10.1007/s00520-019-05183-4,"},
    {",false,false,,,
pub.1123286650,Food Purchasing Behavior of Food Insecure Cancer Patients Receiving Supplemental Food Vouchers,10.1007/s00520-019-05183-4,": 8.0,",false,false,,,
pub.1123286650,Food Purchasing Behavior of Food Insecure Cancer Patients Receiving Supplemental Food Vouchers,10.1007/s00520-019-05183-4,": 1.5,",false,false,,,
pub.1123286650,Food Purchasing Behavior of Food Insecure Cancer Patients Receiving Supplemental Food Vouchers,10.1007/s00520-019-05183-4,Nutrition / consumer behavior,false,false,,,
pub.1123286650,Food Purchasing Behavior of Food Insecure Cancer Patients Receiving Supplemental Food Vouchers,10.1007/s00520-019-05183-4,Survey data,false,false,,,
pub.1123286650,Food Purchasing Behavior of Food Insecure Cancer Patients Receiving Supplemental Food Vouchers,10.1007/s00520-019-05183-4,Public health / epidemiology,false,false,,,
pub.1123286650,Food Purchasing Behavior of Food Insecure Cancer Patients Receiving Supplemental Food Vouchers,10.1007/s00520-019-05183-4,Survey + clinical data,false,false,,,
pub.1123286650,Food Purchasing Behavior of Food Insecure Cancer Patients Receiving Supplemental Food Vouchers,10.1007/s00520-019-05183-4,"}
  ],",false,false,,,
pub.1123286650,Food Purchasing Behavior of Food Insecure Cancer Patients Receiving Supplemental Food Vouchers,10.1007/s00520-019-05183-4,: {,false,false,,,
pub.1123286650,Food Purchasing Behavior of Food Insecure Cancer Patients Receiving Supplemental Food Vouchers,10.1007/s00520-019-05183-4,": 3,",false,false,,,
pub.1123286650,Food Purchasing Behavior of Food Insecure Cancer Patients Receiving Supplemental Food Vouchers,10.1007/s00520-019-05183-4,": 0,",false,false,,,
pub.1123463238,Understanding the Why of College Student Food Insecurity,10.1080/19320248.2019.1701600,Campus‑wide survey (919 respondents),true,true,A representative survey of all students at the university that gathered 919 completed questionnaires to estimate food‑insecurity prevalence.,Unspecified university‑administered survey,Higher‑education / Food Security
pub.1123654675,Maternal Depression: Relationship to Food Insecurity and Preschooler Fruit/Vegetable Consumption,10.3390/ijerph17010123,Family Map Inventory,true,true,"A structured interview tool used by Head Start staff to assess family risk factors across multiple domains, including depression, food security, and child nutrition.",Head Start program (Early Childhood Family Map Inventory),Early Childhood Development / Social Services
pub.1124047862,Food Insecurity and Depression among Economically Disadvantaged Mothers: Does Maternal Efficacy Matter?,10.1111/aphw.12191,Kids in Columbus Study (KICS),true,true,"A longitudinal cohort study of low‑income mothers and their infants in Columbus, Ohio, initiated in 2014.","Salsberry et al., 2016 (KICS overview)",Public health / Child development
pub.1124047862,Food Insecurity and Depression among Economically Disadvantaged Mothers: Does Maternal Efficacy Matter?,10.1111/aphw.12191,Early Childhood Longitudinal Study‑Birth Cohort (ECLS‑B),true,false,"A nationally representative longitudinal study of children born in the United States in 2001, with multiple waves of data collection.","Noonan et al., 2016",Education / Child development
pub.1124294857,The Voices of Latinx People: Overcoming Problems of Food Insecurity,10.1080/19320248.2020.1717713,USDA Food Sufficiency Questions 2,false,false,A set of two binary questions from USDA used to screen for food insufficiency; not a full dataset but a questionnaire instrument.,U.S. Department of Agriculture (USDA),Food security / public health
pub.1124599616,The complexities of selling fruits and vegetables in remote Navajo Nation retail outlets: perspectives from owners and managers of small stores,10.1017/s1368980019003720,InfoUSA 2011 dataset,false,false,"A commercial business directory database containing information on retail establishments, used here to identify small food stores in Navajo Nation.",InfoUSA (commercial data provider),Retail / Food environment
pub.1124599616,The complexities of selling fruits and vegetables in remote Navajo Nation retail outlets: perspectives from owners and managers of small stores,10.1017/s1368980019003720,US Census,false,false,Decennial population count and demographic data collected by the United States Census Bureau; used here for contextual description of area poverty and distance metrics.,US Census Bureau,Demography / Public health
pub.1124645581,"Food insecurity, gender, and international migration in low- and middle-income countries",10.1016/j.foodpol.2020.101837,Gallup World Poll (GWP),false,false,"A nationally representative survey that interviews ~1,000 adults per country, collecting demographic, economic, and attitudinal variables.","Gallup, Inc.; data collected 2014‑2015.",Social science / migration & food security research
pub.1124645581,"Food insecurity, gender, and international migration in low- and middle-income countries",10.1016/j.foodpol.2020.101837,Food Insecurity Experience Scale (FIES),true,true,"An experiential measure consisting of eight questions assessing individuals' access to adequate food over the past 12 months, calibrated using Rasch modeling for cross‑country comparability.",FAO Voices of the Hungry project; administered via Gallup World Poll.,Food security measurement
pub.1124645581,"Food insecurity, gender, and international migration in low- and middle-income countries",10.1016/j.foodpol.2020.101837,Polity IV database,false,false,A dataset providing yearly political regime and ethnic fragmentation scores for countries.,Polity Project (University of Michigan).,Political science / country‑level variables
pub.1124645581,"Food insecurity, gender, and international migration in low- and middle-income countries",10.1016/j.foodpol.2020.101837,Major Episodes of Political Violence (MEPV) database,false,false,"A dataset documenting episodes of political violence, including magnitude measures for ethnic and civil conflicts per country-year.",MEPV project (University of Maryland).,Conflict studies / country‑level variables
pub.1124645581,"Food insecurity, gender, and international migration in low- and middle-income countries",10.1016/j.foodpol.2020.101837,Emergency Events Database (EM‑DAT) from CRED,false,false,"A global database cataloguing natural disaster events, providing counts and population impact per country-year.",CRED (Centre for Research on the Epidemiology of Disasters).,Disaster risk / environmental impacts
pub.1124869068,"Food Insecurity and Age at Menarche in Tampa Bay, Florida",10.1080/03670244.2020.1727464,USDA Six-Item Short Form Household Food Security Survey Module,true,true,A validated six‑item questionnaire that assesses food‑insecurity at the household level over the past 12 months.,USDA Economic Research Service,Public health / nutrition security
pub.1125152528,The Impact of Food Insecurity on Child Health,10.1016/j.pcl.2019.12.004,Early Childhood Longitudinal Study Birth Cohort (ECLS-B),true,false,"A nationally representative longitudinal study of children born in the United States in 2001, with multiple waves of data collection.","U.S. Department of Education, National Center for Education Statistics",Education / Child Development / Public Health
pub.1125153020,Household food insecurity and antepartum depression in the National Children's Study,10.1016/j.annepidem.2020.01.010,National Children's Study (NCS) – Initial Vanguard Study (NCS‑IVS),true,true,"A longitudinal, population‑based cohort study of children and their families in the United States, with an Initial Vanguard Study (IVS) pilot phase conducted 2009‑2014.",Eunice Kennedy Shriver National Institute of Child Health and Human Development (NICHD),Child health / Developmental epidemiology
pub.1125403014,Influence of Gestational Weight Gain on the Risk of Preterm Birth for Underweight Women Living in Food Deserts,10.1055/s-0040-1705168,Ohio live birth and infant death records (U.S. live birth dataset),true,true,"State‑level vital statistics records containing information on every live birth and infant death in Ohio, including maternal demographics, birth weight, gestational age, etc.",Ohio Department of Health,Epidemiology / Maternal‑child health
pub.1125403014,Influence of Gestational Weight Gain on the Risk of Preterm Birth for Underweight Women Living in Food Deserts,10.1055/s-0040-1705168,U.S. Census TIGER/Line Shapefiles,true,true,"Geospatial shapefiles that provide the boundaries of U.S. census tracts, blocks, and other geographic entities.",U.S. Census Bureau,Geography / Spatial analysis
pub.1125439346,Racial Differences in the Associations Between Food Insecurity and Fibroblast Growth Factor 23 in the Coronary Artery Risk Development in Young Adults Study,10.1053/j.jrn.2020.01.020,Coronary Artery Risk Development in Young Adults (CARDIA) Study,true,true,"A prospective, community‑based cohort study that recruited 5,115 young adults (aged 18‑30) in 1985/86 from four US field centers and has followed them for >30 years with repeated clinical, laboratory, and questionnaire data.",http://www.cardia.dopm.uab.edu/,Epidemiology / Cardiovascular and Renal Health
pub.1125439346,Racial Differences in the Associations Between Food Insecurity and Fibroblast Growth Factor 23 in the Coronary Artery Risk Development in Young Adults Study,10.1053/j.jrn.2020.01.020,Current Population Survey (CPS),true,false,"A monthly survey of about 60,000 U.S. households conducted by the U.S. Census Bureau and the Bureau of Labor Statistics, often used for labor and income statistics as well as food‑security estimates.",U.S. Census Bureau,Labor Economics / Food Security
pub.1125505629,"Food insecurity on a college campus: Prevalence, determinants, and solutions",10.1080/07448481.2020.1725019,USDA ERSkey statistics and graphics Household Food Security Survey Module: six-item short form,true,false,A USDA Economic Research Service dataset providing statistics and graphics for the six‑item short form of the Household Food Security Survey Module.,USDA Economic Research Service,Public Health / Nutrition
pub.1125693172,"Geography of Hunger: Demographic and Socioeconomic Determinates of Large-scale Severe Hunger Rates in Fresno, California",10.1080/10875549.2020.1740908,Fresno Hunger Count (FHC) Survey,true,true,"Locally administered door‑to‑door survey measuring very low food security at the census‑tract level in Fresno, CA.",Fresno Community Food Bank and Fresno Hunger Count project,Public Health / Food Security
pub.1125693172,"Geography of Hunger: Demographic and Socioeconomic Determinates of Large-scale Severe Hunger Rates in Fresno, California",10.1080/10875549.2020.1740908,UCLA California Health Interview Survey,true,false,State‑level health interview survey that includes food‑security questions.,"University of California, Los Angeles",Health / Demography
pub.1125693172,"Geography of Hunger: Demographic and Socioeconomic Determinates of Large-scale Severe Hunger Rates in Fresno, California",10.1080/10875549.2020.1740908,USDA Food Security Survey,true,false,Survey administered by USDA to assess food security status of U.S. households.,U.S. Department of Agriculture,Food Security
pub.1125879832,Food Insecurity and Mental Health: A Meta-Analysis,10.2139/ssrn.3520061,Health and Retirement Study (HRS),true,false,"A longitudinal panel study of older Americans that collects data on health, economics, and social factors.",University of Michigan Institute for Social Research,Aging / Public Health
pub.1125921435,Food Insecurity and Influenza and Pneumonia Vaccines Uptake Among Community-Dwelling Older Adults in the United States,10.1007/s10900-020-00812-0,IPUMS Health Surveys: NHIS dataset,true,true,"A harmonized, integrated version of the National Health Interview Survey microdata provided by the IPUMS project.",IPUMS (Integrated Public Use Microdata Series) Health Surveys,Public health / health services research
pub.1126038151,"Sexual orientation disparities in food insecurity and food assistance resource use in U.S. adult women: National Health and Nutrition Examination Survey, 2005-2014",10.21203/rs.2.17116/v2,National Survey of Family Growth (NSFG),true,false,"A nationally representative survey that gathers information on family life, marriage and divorce, pregnancy, infertility, use of contraception, and men's and women's health.","National Center for Health Statistics, CDC",Public health / demography
pub.1126150527,Adverse Childhood Experiences and Food Insecurity in Adulthood: Evidence From the National Longitudinal Study of Adolescent to Adult Health,10.1016/j.jadohealth.2020.02.002,National Longitudinal Study of Adolescent to Adult Health (Add Health),true,true,"A longitudinal, nationally representative cohort study that follows a sample of U.S. adolescents into adulthood, collecting health, socioeconomic, and behavioral data across multiple waves.",Add Health website (http://www.cpc.unc.edu/addhealth),Public health / Social epidemiology
pub.1126150527,Adverse Childhood Experiences and Food Insecurity in Adulthood: Evidence From the National Longitudinal Study of Adolescent to Adult Health,10.1016/j.jadohealth.2020.02.002,Behavioral Risk Factor Surveillance System (BRFSS) ACE Module,true,false,A module within the BRFSS survey that collects data on adverse childhood experiences.,Centers for Disease Control and Prevention (CDC),Public health / Epidemiology
pub.1126152627,Associations between food insecurity and psychotropic medication use among women living with HIV in the United States,10.1017/s2045796020000232,Women’s Interagency HIV Study,true,true,"A longitudinal, multi‑site cohort of HIV‑positive and demographically similar HIV‑negative women in the United States, providing interview, clinical, and laboratory data.",NIH‑funded WIHS consortium,Epidemiology / HIV research
pub.1126152627,Associations between food insecurity and psychotropic medication use among women living with HIV in the United States,10.1017/s2045796020000232,Medical Outcomes Study HIV Health Survey,true,true,"A validated health‑related quality‑of‑life instrument for people living with HIV, providing domain scores including a mental health summary.",Medical Outcomes Study,Health outcomes / Quality of life
pub.1126394519,Food Insecurity among Cancer Patients Enrolled in the Supplemental Nutrition Assistance Program (SNAP),10.1080/01635581.2020.1743867,Integrated Cancer Care Access Network (ICCAN) data,true,true,Intake and socioeconomic survey data collected from cancer patients enrolled in the ICCAN program at NYC safety‑net hospitals.,Integrated Cancer Care Access Network (ICCAN),Cancer care / health services research
pub.1126650195,Nudging while online grocery shopping: A randomized feasibility trial to enhance nutrition in individuals with food insecurity,10.1016/j.appet.2020.104714,USDA 2006 Thrifty Food Plan,true,true,"A USDA dataset containing food price, consumption, and nutrient information used to construct cost‑effective, nutritionally adequate diet plans.",United States Department of Agriculture (USDA),Nutrition economics / Food policy
pub.1127159187,Maternal marital status predicts self‐reported stress among pregnant women following hurricane Florence,10.1002/ajhb.23427,Hardship Scale for Hurricane Florence,true,true,A researcher‑developed multi‑item questionnaire measuring perceived hardship from Hurricane Florence across several domains.,,Disaster Psychology / Public Health
pub.1127399374,Trauma-Informed Financial Empowerment Programming Improves Food Security Among Families With Young Children,10.1016/j.jneb.2020.02.008,Building Wealth and Health Network (the Network) dataset,true,true,"Primary data collected from parents of young children participating in a trauma‑informed financial empowerment program, including surveys on food security, ACEs, depression, employment, and health.",Drexel University research team,Public Assistance / Trauma‑Informed Intervention
pub.1127399374,Trauma-Informed Financial Empowerment Programming Improves Food Security Among Families With Young Children,10.1016/j.jneb.2020.02.008,National Survey of Children's Health,true,false,A cross‑sectional survey of US children’s health and well‑being.,US Department of Health and Human Services,Child Health
pub.1127408374,Impact of a farmers’ market nutrition coupon programme on diet quality and psychosocial well-being among low-income adults: protocol for a randomised controlled trial and a longitudinal qualitative investigation,10.1136/bmjopen-2019-035143,Canadian Nutrient File,true,true,Canada’s national food composition database providing nutrient values for foods consumed in Canada.,Health Canada,Food composition / Nutrition
pub.1127408374,Impact of a farmers’ market nutrition coupon programme on diet quality and psychosocial well-being among low-income adults: protocol for a randomised controlled trial and a longitudinal qualitative investigation,10.1136/bmjopen-2019-035143,USDA Food and Nutrient Database for Dietary Surveys (FNDDS),true,true,USDA database linking foods reported in dietary surveys to nutrient values.,U.S. Department of Agriculture,Food composition / Nutrition epidemiology
pub.1127408374,Impact of a farmers’ market nutrition coupon programme on diet quality and psychosocial well-being among low-income adults: protocol for a randomised controlled trial and a longitudinal qualitative investigation,10.1136/bmjopen-2019-035143,Automated Self‑Administered 24‑hour Dietary Recall (ASA24‑Canada‑2018),true,true,Web‑based tool that collects 24‑hour dietary intake data and outputs coded food‑level information.,Health Canada / University of Waterloo,Dietary assessment
pub.1127502875,Food Insecurity and Pediatric Malnutrition Related to Under- and Overweight in the United States: An Evidence Analysis Center Systematic Review,10.1016/j.jand.2020.03.009,Early Childhood Longitudinal Study - Kindergarten Cohort (ECLS‑K),true,false,A nationally representative longitudinal study of children that follows them from kindergarten onward.,"U.S. Department of Education, National Center for Education Statistics",Education / Child development
pub.1127502875,Food Insecurity and Pediatric Malnutrition Related to Under- and Overweight in the United States: An Evidence Analysis Center Systematic Review,10.1016/j.jand.2020.03.009,Fragile Families and Child Well‑Being Study,true,false,A longitudinal birth cohort study of children born in large U.S. cities.,Harvard University and other institutions,Sociology / Public health
pub.1127502875,Food Insecurity and Pediatric Malnutrition Related to Under- and Overweight in the United States: An Evidence Analysis Center Systematic Review,10.1016/j.jand.2020.03.009,Radimer/Cornell Food Security Scale,true,false,A validated scale for measuring food insecurity at the individual and household levels.,,Nutrition / Food security
pub.1127858524,"Mapping Food Insecurity-Related 2-1-1 Calls in a 10-County Area of Central Texas by Zip Code: Exploring the Role of Geographic Food Access, Urbanicity and Demographic Indicators",10.1007/s10900-020-00847-3,United Way for Greater Austin 2‑1‑1 Call Data (2018),false,false,"Call records from the United Way’s 2‑1‑1 hotline for the Greater Austin region in 2018, including caller zip code, reason for call (food‑related or not), and demographic attributes derived from zip‑code level data.",United Way for Greater Austin,Public health / social services
pub.1127858524,"Mapping Food Insecurity-Related 2-1-1 Calls in a 10-County Area of Central Texas by Zip Code: Exploring the Role of Geographic Food Access, Urbanicity and Demographic Indicators",10.1007/s10900-020-00847-3,American Community Survey (ACS) 2017,true,true,A nationwide survey providing detailed socioeconomic and housing characteristics at the census tract/zip‑code level.,U.S. Census Bureau,Demographics / Socio‑economic data
pub.1127858524,"Mapping Food Insecurity-Related 2-1-1 Calls in a 10-County Area of Central Texas by Zip Code: Exploring the Role of Geographic Food Access, Urbanicity and Demographic Indicators",10.1007/s10900-020-00847-3,Google Places API (Supermarket & Convenience Store Locations),false,false,Location data of retail food outlets (supermarkets and convenience stores) retrieved from Google's Places service.,Google Maps/Places API,Geospatial / Retail location data
pub.1127991324,Household food insecurity: associations with disordered eating behaviours and overweight in a population-based sample of adolescents,10.1017/s1368980020000464,Project EAT 2010,true,true,"A population‑based survey of adolescents in the Minneapolis‑St. Paul metropolitan area collecting dietary intake, physical activity, weight‑control behaviours, and measured height/weight.",Project EAT (Eating and Activity in Teens) study.,Public health / Adolescent nutrition
pub.1127991324,Household food insecurity: associations with disordered eating behaviours and overweight in a population-based sample of adolescents,10.1017/s1368980020000464,Project F‑EAT,true,true,"A parent/guardian survey that gathers information on the home food environment, including household food‑security status.",Project F‑EAT (Families and Eating and Activity Among Teens) study.,Public health / Family nutrition
pub.1128173362,Psychosocial Risk Factors for Food Insecurity in Puerto Ricans Living in the USA from Baseline to 5-Year Follow-Up,10.1093/jn/nxaa177,Boston Puerto Rican Health Study,true,true,"A longitudinal cohort study of Puerto Rican adults residing in the Boston metropolitan area, collecting health, psychosocial, and socioeconomic data.",Boston Puerto Rican Health Study investigators,Epidemiology / Public Health
pub.1128173362,Psychosocial Risk Factors for Food Insecurity in Puerto Ricans Living in the USA from Baseline to 5-Year Follow-Up,10.1093/jn/nxaa177,Hispanic Community Health Study/Study of Latinos (HCHS/SOL),true,false,"A large multi‑center cohort study of Hispanic/Latino adults in the United States, focusing on health outcomes.",HCHS/SOL investigators,Epidemiology / Public Health
pub.1128490898,Using syndemic theory to understand food insecurity and diet-related chronic diseases,10.1016/j.socscimed.2020.113124,Mississippi Behavioral Risk Factor Surveillance System (BRFSS),true,false,"State‑level telephone survey collecting data on health‑related risk behaviors, chronic health conditions, and use of preventive services.",Centers for Disease Control and Prevention (CDC),Public Health / Epidemiology
pub.1128490898,Using syndemic theory to understand food insecurity and diet-related chronic diseases,10.1016/j.socscimed.2020.113124,National Longitudinal Study of Adolescent to Adult Health (Add Health),true,false,A longitudinal cohort study that follows a nationally representative sample of adolescents into adulthood.,University of North Carolina at Chapel Hill,Sociology / Public Health
pub.1128539712,"Sexual orientation disparities in food insecurity and food assistance resource use in U.S. adult women: National Health and Nutrition Examination Survey, 2005-2014",10.21203/rs.2.17116/v3,National Survey of Family Growth,true,false,"A nationally representative survey that gathers information on family life, marriage and divorce, pregnancy, infertility, use of contraception, and health of women and men.",U.S. Centers for Disease Control and Prevention (CDC),Demography and reproductive health
pub.1128539712,"Sexual orientation disparities in food insecurity and food assistance resource use in U.S. adult women: National Health and Nutrition Examination Survey, 2005-2014",10.21203/rs.2.17116/v3,Behavioral Risk Factor Surveillance System,true,false,"A state‑based telephone survey that collects data on health‑related risk behaviors, chronic health conditions, and use of preventive services.",Centers for Disease Control and Prevention,Public health surveillance
pub.1129060651,O8 Implications of Social Norms When Measuring Childhood Food Security in Appalachia,10.1016/j.jneb.2020.04.020,NEMS‑CS,true,true,A validated instrument for measuring the nutrition environment in corner stores and other small retail food outlets.,,Nutrition / Food Environment
pub.1129401313,The Early Food Insecurity Impacts of COVID-19,10.3390/nu12072096,US Census Bureau Urban and Rural Food Access and Security During Coronavirus Survey-Version 1.0,true,false,A survey dataset hosted on Harvard Dataverse that captures urban and rural food access challenges during the COVID‑19 pandemic.,U.S. Census Bureau / Harvard Dataverse,Food access / Public health
pub.1129456405,"Maternal Food Insecurity is Positively Associated with Postpartum Mental Disorders in Ontario, Canada",10.1093/jn/nxaa240,Canadian Institute for Health Information Discharge Abstract Database (CIHI DAD),true,true,Administrative database containing discharge abstracts for all hospital admissions in Canada.,Canadian Institute for Health Information,Health services / clinical outcomes
pub.1129456405,"Maternal Food Insecurity is Positively Associated with Postpartum Mental Disorders in Ontario, Canada",10.1093/jn/nxaa240,Ontario Health Insurance Plan claims (OHIP claims),true,true,Physician billing claims database covering all insured services in Ontario.,Ontario Ministry of Health,Health services / health utilization
pub.1129456405,"Maternal Food Insecurity is Positively Associated with Postpartum Mental Disorders in Ontario, Canada",10.1093/jn/nxaa240,Ontario Mental Health Reporting System (OMHRS),true,true,Provincial database capturing mental‑health admissions and related clinical information.,Ontario Ministry of Health,Mental health services
pub.1129456405,"Maternal Food Insecurity is Positively Associated with Postpartum Mental Disorders in Ontario, Canada",10.1093/jn/nxaa240,National Ambulatory Care Reporting System (NACRS),true,true,Database containing information on all ambulatory (emergency department and same‑day surgery) visits in Canada.,Canadian Institute for Health Information,Health services / emergency care
pub.1129567199,Correlates of Healthy Eating in Urban Food Desert Communities,10.21203/rs.3.rs-41433/v1,discovered_datasets,false,false,,,
pub.1129567199,Correlates of Healthy Eating in Urban Food Desert Communities,10.21203/rs.3.rs-41433/v1,name,false,false,,,
pub.1129567199,Correlates of Healthy Eating in Urban Food Desert Communities,10.21203/rs.3.rs-41433/v1,": 9,",false,false,,,
pub.1129567199,Correlates of Healthy Eating in Urban Food Desert Communities,10.21203/rs.3.rs-41433/v1,": 2,",false,false,,,
pub.1129567199,Correlates of Healthy Eating in Urban Food Desert Communities,10.21203/rs.3.rs-41433/v1,Reference [15] in the paper.,false,false,,,
pub.1129567199,Correlates of Healthy Eating in Urban Food Desert Communities,10.21203/rs.3.rs-41433/v1,domain,false,false,,,
pub.1129567199,Correlates of Healthy Eating in Urban Food Desert Communities,10.21203/rs.3.rs-41433/v1,Health/Nutrition epidemiology,false,false,,,
pub.1129567199,Correlates of Healthy Eating in Urban Food Desert Communities,10.21203/rs.3.rs-41433/v1,size,false,false,,,
pub.1129567199,Correlates of Healthy Eating in Urban Food Desert Communities,10.21203/rs.3.rs-41433/v1,format,false,false,,,
pub.1129567199,Correlates of Healthy Eating in Urban Food Desert Communities,10.21203/rs.3.rs-41433/v1,access_info,false,false,,,
pub.1129567199,Correlates of Healthy Eating in Urban Food Desert Communities,10.21203/rs.3.rs-41433/v1,is_known_dataset,false,false,,,
pub.1129567199,Correlates of Healthy Eating in Urban Food Desert Communities,10.21203/rs.3.rs-41433/v1,matched_known_dataset,false,false,,,
pub.1129567199,Correlates of Healthy Eating in Urban Food Desert Communities,10.21203/rs.3.rs-41433/v1,"},
    {",false,false,,,
pub.1129567199,Correlates of Healthy Eating in Urban Food Desert Communities,10.21203/rs.3.rs-41433/v1,confidence_score_mention,false,false,,,
pub.1129567199,Correlates of Healthy Eating in Urban Food Desert Communities,10.21203/rs.3.rs-41433/v1,text_quote,false,false,,,
pub.1129567199,Correlates of Healthy Eating in Urban Food Desert Communities,10.21203/rs.3.rs-41433/v1,Citation in the reference section of the paper.,false,false,,,
pub.1129567199,Correlates of Healthy Eating in Urban Food Desert Communities,10.21203/rs.3.rs-41433/v1,Nutrition/food security research,false,false,,,
pub.1129567199,Correlates of Healthy Eating in Urban Food Desert Communities,10.21203/rs.3.rs-41433/v1,discovery_reasoning,false,false,,,
pub.1129567199,Correlates of Healthy Eating in Urban Food Desert Communities,10.21203/rs.3.rs-41433/v1,Nutrition/dietary assessment,false,false,,,
pub.1129567199,Correlates of Healthy Eating in Urban Food Desert Communities,10.21203/rs.3.rs-41433/v1,796 participant records with ASA24® recalls,false,false,,,
pub.1129567199,Correlates of Healthy Eating in Urban Food Desert Communities,10.21203/rs.3.rs-41433/v1,Digital questionnaire/recall data,false,false,,,
pub.1129567199,Correlates of Healthy Eating in Urban Food Desert Communities,10.21203/rs.3.rs-41433/v1,Food environment/retail nutrition,false,false,,,
pub.1129567199,Correlates of Healthy Eating in Urban Food Desert Communities,10.21203/rs.3.rs-41433/v1,": null,",false,false,,,
pub.1129567199,Correlates of Healthy Eating in Urban Food Desert Communities,10.21203/rs.3.rs-41433/v1,": false,",false,false,,,
pub.1129567199,Correlates of Healthy Eating in Urban Food Desert Communities,10.21203/rs.3.rs-41433/v1,Both designated as \,false,false,,,
pub.1129567199,Correlates of Healthy Eating in Urban Food Desert Communities,10.21203/rs.3.rs-41433/v1,context,false,false,,,
pub.1129567199,Correlates of Healthy Eating in Urban Food Desert Communities,10.21203/rs.3.rs-41433/v1,Geography/public health nutrition,false,false,,,
pub.1129567199,Correlates of Healthy Eating in Urban Food Desert Communities,10.21203/rs.3.rs-41433/v1,"}
  ],",false,false,,,
pub.1129567199,Correlates of Healthy Eating in Urban Food Desert Communities,10.21203/rs.3.rs-41433/v1,: {,false,false,,,
pub.1129567199,Correlates of Healthy Eating in Urban Food Desert Communities,10.21203/rs.3.rs-41433/v1,": 6,",false,false,,,
pub.1129567199,Correlates of Healthy Eating in Urban Food Desert Communities,10.21203/rs.3.rs-41433/v1,": 4,",false,false,,,
pub.1129567199,Correlates of Healthy Eating in Urban Food Desert Communities,10.21203/rs.3.rs-41433/v1,SAS,false,false,,,
pub.1129567199,Correlates of Healthy Eating in Urban Food Desert Communities,10.21203/rs.3.rs-41433/v1,HEI,false,false,,,
pub.1129567199,Correlates of Healthy Eating in Urban Food Desert Communities,10.21203/rs.3.rs-41433/v1,NEMS,false,false,,,
pub.1129567199,Correlates of Healthy Eating in Urban Food Desert Communities,10.21203/rs.3.rs-41433/v1,A GIS,false,false,,,
pub.1129598226,Modeling Household Food Insecurity with a Polytomous Rasch Model,10.1007/978-3-030-43469-4_24,Current Population Survey (CPS),true,false,"A monthly survey of U.S. households conducted by the Census Bureau and the Bureau of Labor Statistics, providing demographic and labor‑market data.",U.S. Census Bureau & Bureau of Labor Statistics,Demographic/economic data
pub.1129655612,Perceptions of the Food Environment and Access among Predominantly Black Low-Income Residents of Rural Louisiana Communities,10.3390/ijerph17155340,Feeding America (2019) food pantry inventory,true,true,Dataset compiled by Feeding America listing food pantry locations and counts by county/parish.,Feeding America,Food Assistance / Public Health
pub.1129655612,Perceptions of the Food Environment and Access among Predominantly Black Low-Income Residents of Rural Louisiana Communities,10.3390/ijerph17155340,"U.S. Bureau of Labor Statistics Labor Force Data by County, 2019 Annual Averages",true,true,Annual county-level labor force statistics including employment and unemployment rates.,U.S. Bureau of Labor Statistics,Labor Economics
pub.1129655612,Perceptions of the Food Environment and Access among Predominantly Black Low-Income Residents of Rural Louisiana Communities,10.3390/ijerph17155340,USDA Food and Nutrition Service Find Meals for Kids Tool,true,true,Online tool that provides information on summer meal programs for children by location.,USDA Food and Nutrition Service,Nutrition Assistance Programs
pub.1129850895,Food Insecurity Is Associated With Higher Health Care Use And Costs Among Canadian Adults,10.1377/hlthaff.2019.01637,Discharge Abstract Database,true,true,Administrative database of acute‑care hospital admissions and discharges across Canada (excluding Quebec).,Canadian Institute for Health Information (CIHI),Health services / Hospital utilization
pub.1129850895,Food Insecurity Is Associated With Higher Health Care Use And Costs Among Canadian Adults,10.1377/hlthaff.2019.01637,Patient Cost Estimator,true,true,"Tool/database providing average acute‑care hospital cost estimates by jurisdiction and age group, used to approximate individual hospital expenditures.",Canadian Institute for Health Information (CIHI),Health economics / Cost analysis
pub.1129854201,Food Insecurity and Mortality in American Adults: Results From the NHANES-Linked Mortality Study,10.1177/1524839920945927,Continuous NHANES Public‑Use Linked Mortality File,true,true,A linked dataset that connects NHANES respondents to National Death Index records for mortality follow‑up.,National Center for Health Statistics (NCHS),"Epidemiology, mortality research"
pub.1129854201,Food Insecurity and Mortality in American Adults: Results From the NHANES-Linked Mortality Study,10.1177/1524839920945927,National Death Index (NDI),true,true,A centralized database of death certificate information for U.S. residents.,National Center for Health Statistics (NCHS),"Vital statistics, public health"
pub.1129863836,Caregiver’s Self-Confidence in Food Resource Management Is Associated with Lower Risk of Household Food Insecurity among SNAP-Ed-Eligible Head Start Families,10.3390/nu12082304,USDA National Food Study,true,true,A USDA study that provides questionnaire items related to household financial hardships and practices.,US Department of Agriculture (USDA),Finance / Food Security
pub.1129899659,"Food Insecurity, the Home Food Environment, and Parent Feeding Practices in the Era of COVID‐19",10.1002/oby.22996,US Census Household Pulse Survey,true,false,"A rapid, high‑frequency survey conducted by the U.S. Census Bureau to track household experiences during the COVID‑19 pandemic, including food security measures.",U.S. Census Bureau; citation (48) in the manuscript.,Sociodemographic / public health
pub.1130027734,Food Insecurity Predicts Urban Gun Violence,10.1177/0003134820942194,HUD USPS ZIP Code Crosswalk File,true,true,"A file that maps U.S. Census tracts to ZIP code tabulation areas, enabling geographic data aggregation.",U.S. Department of Housing and Urban Development and U.S. Postal Service,Geographic information / spatial analysis
pub.1130027734,Food Insecurity Predicts Urban Gun Violence,10.1177/0003134820942194,Early Childhood Longitudinal Study (ECLS),true,false,A longitudinal study that follows a cohort of children from early childhood through school age to assess various outcomes.,U.S. Department of Education,Education / child development
pub.1130075133,"Assemblage, food justice, and intersectionality in rural Mississippi: the Oktibbeha Food Policy Council",10.1080/02732173.2020.1801541,U.S. Census Bureau QuickFacts,true,false,"Online summary statistics on population, income, and other demographic variables for U.S. counties.",U.S. Census Bureau,Demography
pub.1130324659,Household Food Insecurity: Comparison between Families with and without Members with Disabilities,10.3390/ijerph17176149,Korea National Health and Nutrition Examination Survey (KNHANES),true,true,"A nationally representative health and nutrition survey of Korean residents that includes health examinations, interviews, and nutrition assessments.",Korea Centers for Disease Control and Prevention (KCDC),Public health / Nutrition epidemiology
pub.1130557940,Examining Rural Food-Insecure Families’ Perceptions of the Supplemental Nutrition Assistance Program: A Qualitative Study,10.3390/ijerph17176390,USDA 6-item Food Security Screener,true,true,A short-form questionnaire derived from the Household Food Security Survey Module used to classify households into food‑security categories.,United States Department of Agriculture (USDA),Nutrition / Public Health
pub.1130753128,Association of household food insecurity and childhood weight status in a low‐income population,10.1111/cob.12401,CDC Reference Growth Charts,true,true,Standardized growth reference curves for children and adolescents in the United States.,Centers for Disease Control and Prevention,Pediatrics / Growth Assessment
pub.1130837718,"Food Insecurity and the Risk of Obesity, Depression, and Self-Rated Health in Women",10.1089/whr.2020.0049,Behavioral Risk Factor Surveillance System,true,false,A nationwide health‑related telephone survey conducted by the CDC that collects data on health behaviors and risk factors.,Centers for Disease Control and Prevention (CDC),Public health / Epidemiology
pub.1130898465,Mechanisms from Food Insecurity to Worse HIV Treatment Outcomes in US Women Living with HIV,10.1089/apc.2020.0009,Women's Interagency HIV Study (WIHS),true,true,A longitudinal cohort study of women with or at risk for HIV in the United States.,Multiple academic and clinical sites; funded by NIH.,HIV/AIDS epidemiology
pub.1130898465,Mechanisms from Food Insecurity to Worse HIV Treatment Outcomes in US Women Living with HIV,10.1089/apc.2020.0009,Food Insecurity Sub‑Study (FISS),true,true,A sub‑study of WIHS that collected detailed food‑security related measures.,WIHS investigators.,Nutrition / HIV research
pub.1130898465,Mechanisms from Food Insecurity to Worse HIV Treatment Outcomes in US Women Living with HIV,10.1089/apc.2020.0009,2000 National Health Interview Survey multifactor screener,true,true,A dietary screener questionnaire derived from the NHIS used to estimate servings of various food groups.,National Center for Health Statistics (NCHS),Nutrition / epidemiology
pub.1131086075,Community Gardening as a Way to Build Cross-Cultural Community Resilience in Intersectionally Diverse Gardeners: Community-Based Participatory Research and Campus-Community-Partnered Proposal,10.2196/21218,Food Insecurity Experience Scale Survey Module,true,true,An internationally‑validated survey instrument (FIES) that captures individuals’ experiences of food insecurity.,Citation [42] in the manuscript.,Food security / Nutrition
pub.1131086075,Community Gardening as a Way to Build Cross-Cultural Community Resilience in Intersectionally Diverse Gardeners: Community-Based Participatory Research and Campus-Community-Partnered Proposal,10.2196/21218,Behavioral Risk Factor Surveillance System,true,true,"A large, ongoing telephone survey collecting data on health‑related risk behaviors, chronic health conditions, and use of preventive services in the U.S.",Citation [43] in the manuscript.,Public health / Epidemiology
pub.1131438993,Farming for life: impact of medical prescriptions for fresh vegetables on cardiometabolic health for adults with or at risk of type 2 diabetes in a predominantly Mexican-American population,10.1136/bmjnph-2020-000133,Behavioral Risk Factor Surveillance System (BRFSS),true,false,"A US telephone survey that gathers data on health-related risk behaviors, chronic health conditions, and use of preventive services.",Cited reference in the manuscript.,Public health / epidemiology
pub.1131438993,Farming for life: impact of medical prescriptions for fresh vegetables on cardiometabolic health for adults with or at risk of type 2 diabetes in a predominantly Mexican-American population,10.1136/bmjnph-2020-000133,Six-item short form food security questionnaire,true,true,A six-item version of the USDA Household Food Security Survey Module used to assess food security status.,Data collection instrument used in the current study.,Nutrition / public health
pub.1131567312,Concordance in reports of food insecurity associated with environmental factors among Latino fathers and mothers,10.21203/rs.3.rs-88146/v1,"Padres Preparados, Jóvenes Saludables baseline dataset",true,true,"Original data collected from 106 Latino father‑mother dyads participating in the Padres Preparados, Jóvenes Saludables intervention.",Authors’ own data collection; available from corresponding author on reasonable request.,Public health / Nutrition education
pub.1131567312,Concordance in reports of food insecurity associated with environmental factors among Latino fathers and mothers,10.21203/rs.3.rs-88146/v1,U.S. Department of Agriculture 18‑item Household Food Security Survey,true,false,The full 18‑item USDA questionnaire used to assess household food security status.,U.S. Department of Agriculture,Nutrition security
pub.1131964001,Campus Food Insecurity: Bringing Private Institutions into Conversations on Basic Needs,10.1080/19320248.2020.1838984,Food Access Survey (FAS),true,true,A campus‑specific survey instrument designed by the authors to measure food access and insecurity among undergraduate students at a private liberal arts university.,Hamline University (student‑led organization),Higher Education / Food Insecurity
pub.1131964001,Campus Food Insecurity: Bringing Private Institutions into Conversations on Basic Needs,10.1080/19320248.2020.1838984,#RealCollege Survey,true,false,A national survey instrument used in prior research to assess college students' basic needs insecurity.,Goldrick‑Rab et al.,Higher Education / Food Insecurity
pub.1131972497,"Emerging adults’ intersecting experiences of food insecurity, unsafe neighbourhoods and discrimination during the coronavirus disease 2019 (COVID-19) outbreak",10.1017/s136898002000422x,C‑EAT (COVID‑19 Eating and Activity over Time) study,true,true,"A rapid‑response online survey conducted during Spring 2020 to assess food insecurity, eating behaviours, and related factors among emerging adults.","University of Minnesota, in collaboration with the EAT 2010‑2018 cohort investigators",Public Health / Nutrition
pub.1131972497,"Emerging adults’ intersecting experiences of food insecurity, unsafe neighbourhoods and discrimination during the coronavirus disease 2019 (COVID-19) outbreak",10.1017/s136898002000422x,EAT 2010‑2018 longitudinal cohort,true,true,"A population‑based longitudinal cohort of adolescents recruited from Minneapolis‑St. Paul schools in 2009‑2010, followed through multiple waves up to 2018.",EAT (Eating and Activity over Time) study investigators,Nutrition / Adolescent Health
pub.1132092819,Food Insecurity Increases in Brazil from 2004 to 2018: Analysis of national surveys,10.1101/2020.10.22.20217224,Pesquisa Nacional por Amostra de Domicílios (PNAD),true,true,"Brazilian National Household Sample Survey, a large, nationally representative cross‑sectional household survey conducted by IBGE.",IBGE (Instituto Brasileiro de Geografia e Estatística),Socio‑demographic / Food Security
pub.1132092819,Food Insecurity Increases in Brazil from 2004 to 2018: Analysis of national surveys,10.1101/2020.10.22.20217224,Pesquisa de Orçamentos Familiares (POF),true,true,"Brazilian Household Budget Survey, a nationally representative survey that collects detailed information on household expenditures, income and food consumption.",IBGE,Economic / Food Security
pub.1132092819,Food Insecurity Increases in Brazil from 2004 to 2018: Analysis of national surveys,10.1101/2020.10.22.20217224,Brazilian Household Food Insecurity Measurement Scale (EBIA),true,true,"A Brazilian adaptation of the US Household Food Security Survey Module, consisting of 14 yes/no items used to assess household food insecurity.",Developed by Brazilian researchers; incorporated into PNAD and POF surveys.,Nutrition / Food Security
pub.1132201651,Comparison between Experience-Based and Household-Undernourishment Food Security Indicators: A Cautionary Tale,10.3390/nu12113307,2011 National Survey of Living Standards (ENCOVI-2011),true,true,"A nationally representative household survey conducted in Guatemala in 2011, covering demographics, expenditures, and food‑security modules.",Instituto Nacional de Estadística (INE) of Guatemala,"Living standards, poverty, and food security"
pub.1132201651,Comparison between Experience-Based and Household-Undernourishment Food Security Indicators: A Cautionary Tale,10.3390/nu12113307,Latin American and Caribbean Food Security Scale (ELCSA),true,true,An experience‑based household food‑security questionnaire used across Latin America and the Caribbean.,FAO/ELCSA technical committee; implemented in national surveys,Food security measurement
pub.1132201651,Comparison between Experience-Based and Household-Undernourishment Food Security Indicators: A Cautionary Tale,10.3390/nu12113307,Table of Nutritional Composition of Central American Foods,true,true,A reference table providing nutrient values for food items consumed in Central America.,Regional nutrition research institutions (cited as reference [20]),Nutritional composition data
pub.1132201651,Comparison between Experience-Based and Household-Undernourishment Food Security Indicators: A Cautionary Tale,10.3390/nu12113307,Household Consumption and Expenditure Surveys (HCES),true,false,"Surveys that collect detailed information on household food consumption, acquisition, and expenditures.",Various national statistical agencies; referenced generally,Food consumption and expenditure
pub.1132520453,"Food Insecurity, Depression, and Race: Correlations Observed Among College Students at a University in the Southeastern United States",10.3390/ijerph17218268,Mississippi Behavioral Risk Factor Surveillance System (BRFSS),true,false,"State‑level health survey that collects data on health‑related risk behaviors, chronic disease, and preventive services.",Centers for Disease Control and Prevention (state partner),Public Health
pub.1132687349,"A special issue addressing healthful food access and food insecurity: risk factors, behavioral variables, interventions, and measurement",10.1093/tbm/ibaa119,National Longitudinal Study of Adolescent to Adult Health (Add Health),true,false,"A longitudinal cohort study that follows a nationally representative sample of adolescents into adulthood, collecting health, behavioral, and socioeconomic data.",University of North Carolina at Chapel Hill,Public health / Social epidemiology
pub.1132687349,"A special issue addressing healthful food access and food insecurity: risk factors, behavioral variables, interventions, and measurement",10.1093/tbm/ibaa119,Boston Puerto Rican Health Study,true,false,"A longitudinal cohort study of older Puerto Rican adults living in the Boston area, focusing on health, nutrition, and chronic disease.",Boston University School of Public Health,Nutrition / Chronic disease epidemiology
pub.1132687349,"A special issue addressing healthful food access and food insecurity: risk factors, behavioral variables, interventions, and measurement",10.1093/tbm/ibaa119,EPIC cohort,true,false,"The European Prospective Investigation into Cancer and Nutrition, a large prospective cohort studying diet, lifestyle, and disease outcomes.",International consortium of EPIC study centers,Nutrition epidemiology
pub.1132987560,An Examination of Measurement Invariance Using a Multilevel Explanatory Rasch Model,10.1080/15366367.2020.1736893,UN-FAO Food Insecurity Experience Scale (FIE Scale),true,true,"International survey module measuring severity of food insecurity at the individual level, administered in over 150 countries via the Gallup World Poll.",United Nations Food and Agriculture Organization (UN‑FAO) in partnership with Gallup World Poll,Food security / Public health
pub.1132987560,An Examination of Measurement Invariance Using a Multilevel Explanatory Rasch Model,10.1080/15366367.2020.1736893,Gallup World Poll (GWP),true,true,"A global survey platform that gathers data on a wide range of topics, including the Food Insecurity Experience Scale, from nationally representative samples.","Gallup, Inc.",Survey research / Social statistics
pub.1133107266,The Effects of Domestic and International Remittances on Food Insecurity in Low- and Middle-Income Countries,10.1080/00220388.2020.1849619,Gallup World Poll (GWP),false,false,"A globally representative annual survey of individuals in over 150 countries conducted by Gallup, Inc.","Gallup, Inc.",Social/Economic Survey
pub.1133107266,The Effects of Domestic and International Remittances on Food Insecurity in Low- and Middle-Income Countries,10.1080/00220388.2020.1849619,Food Insecurity Experience Scale (FIES),false,false,"An eight‑question experiential measure of food insecurity developed by FAO, administered within the Gallup World Poll.",FAO (Voices of the Hungry project) via Gallup World Poll,Food Security / Nutrition
pub.1133107266,The Effects of Domestic and International Remittances on Food Insecurity in Low- and Middle-Income Countries,10.1080/00220388.2020.1849619,Financial Inclusion (FINDEX) database,false,false,"World Bank’s global database on financial inclusion, including variables on how households receive domestic remittances.",World Bank,Finance / Development Economics
pub.1133107266,The Effects of Domestic and International Remittances on Food Insecurity in Low- and Middle-Income Countries,10.1080/00220388.2020.1849619,Escala Latinoamericana y Caribeña de Seguridad Alimentaria (ELCSA),false,false,Latin American and Caribbean regional food‑security survey module.,FAO / regional partners,Nutrition / Food Security
pub.1133119566,The association between HIV/AIDS and food insecurity at the US–Mexico border: Experiences of low-income patients in the Rio Grande Valley,10.1177/0956462420930601,Census Bureau Small Area Income and Poverty Estimates,true,false,Annual estimates of income and poverty statistics for small geographic areas in the United States.,U.S. Census Bureau,Demography / Socio‑economics
pub.1133127944,Scaling up measurement to confront food insecurity in the USA,10.1093/tbm/ibaa112,COVID Impact Survey,true,false,"A survey conducted to assess the impact of COVID‑19 on various aspects of life, including food security.",,Social/Economic Survey
pub.1133127944,Scaling up measurement to confront food insecurity in the USA,10.1093/tbm/ibaa112,Food Insecurity Experience Scale (FIES),true,false,A globally validated questionnaire for measuring food insecurity experiences.,,Public Health / Nutrition
pub.1133127944,Scaling up measurement to confront food insecurity in the USA,10.1093/tbm/ibaa112,Four-Dimensional Food Insecurity Scale (4D‑FIS),true,false,"A multi‑dimensional questionnaire measuring quantitative, qualitative, psychological, and social aspects of food insecurity.",,Public Health / Nutrition
pub.1133127944,Scaling up measurement to confront food insecurity in the USA,10.1093/tbm/ibaa112,Coping Strategies Index (CSI),true,false,A tool that quantifies the strategies households use to cope with food insecurity.,,Public Health / Nutrition
pub.1133127944,Scaling up measurement to confront food insecurity in the USA,10.1093/tbm/ibaa112,Household Dietary Diversity Score (HDDS),true,false,An indicator that measures dietary diversity at the household level.,,Nutrition
pub.1133127944,Scaling up measurement to confront food insecurity in the USA,10.1093/tbm/ibaa112,Household Food Insecurity Access Scale (HFIAS),true,false,A scale that assesses access‑related aspects of household food insecurity.,,Public Health / Nutrition
pub.1133502726,Food Roots & Today’s Pantry: The Multiple Meanings of “Thrifty Know-How” among Older African American Women,10.5195/aa.2020.265,Food Security Survey Module (FSSM) second‑level screening tool,true,false,A short form of the USDA Household Food Security Survey Module intended for households without children.,Bickel et al. 2000,Food security / Survey methodology
pub.1134039215,Food Insecurity in US Military Veterans,10.1177/0379572120963952,Survey of Income and Program Participation (SIPP),true,true,"A longitudinal survey by the Census Bureau that tracks income, program participation, and demographic characteristics.",US Census Bureau,"Economic, social policy"
pub.1134039215,Food Insecurity in US Military Veterans,10.1177/0379572120963952,Behavioral Risk Factor Surveillance System (BRFSS),true,true,"A state‑based telephone survey that collects data on health‑related risk behaviors, chronic health conditions, and use of preventive services.",CDC,"Public health, epidemiology"
pub.1134039215,Food Insecurity in US Military Veterans,10.1177/0379572120963952,Veterans Aging Cohort Study (VACS),true,true,"A longitudinal cohort of US veterans receiving VA health care, focused on HIV and related health outcomes.",VA,"Veteran health, HIV research"
pub.1134039215,Food Insecurity in US Military Veterans,10.1177/0379572120963952,Women Veterans Health Utilization and Experience Survey (WV‑HUES),true,true,"A survey targeting women veterans to assess health‑care use, experiences, and related social determinants.",VA,Veteran health services research
pub.1134039215,Food Insecurity in US Military Veterans,10.1177/0379572120963952,California Health Interview Survey (CHIS),true,true,"A statewide health interview survey that collects data on health status, health behaviors, and access to care.",UCLA Center for Health Policy Research,"Public health, state health surveillance"
pub.1134039215,Food Insecurity in US Military Veterans,10.1177/0379572120963952,Northstar Survey,true,true,A VA‑administered survey of Operation Enduring Freedom/Operation Iraqi Freedom/Operation New Dawn veterans.,VA,"Veteran health, post‑deployment outcomes"
pub.1134039215,Food Insecurity in US Military Veterans,10.1177/0379572120963952,Weight and Veterans' Environments Study (WAVES),true,true,A retrospective longitudinal study linking veteran health records with environmental food‑outlet data.,VA,"Obesity, environmental health"
pub.1134039215,Food Insecurity in US Military Veterans,10.1177/0379572120963952,Health Care and Nutrition Survey (HCNS),true,true,A supplemental module to the HRS that collects detailed nutrition and health‑care utilization information.,University of Michigan (HRS) and RAND,"Nutrition, health services"
pub.1134039215,Food Insecurity in US Military Veterans,10.1177/0379572120963952,InfoUSA commercial business database,true,true,Commercial database of business listings used to identify locations of food retailers.,InfoUSA (now Data Axle) and Dun & Bradstreet,"Geospatial, food environment research"
pub.1134187588,Food insecurity in baccalaureate nursing students: A cross-sectional survey,10.1016/j.profnurs.2020.12.015,Multidimensional Scale of Perceived Social Support (MSPSS),true,true,"A 12-item Likert-scale questionnaire measuring perceived social support from family, friends, and significant others.","Original scale developers (Zimet et al., 1990)",Psychology/Social Support
pub.1134215603,Food Insecurity Is Associated with Depression among a Vulnerable Workforce: Early Care and Education Workers,10.3390/ijerph18010170,Early Childhood Longitudinal Study – Birth Cohort (ECLS‑B),true,false,"A nationally representative longitudinal study of children born in the United States in 2001, tracking health and development outcomes.","U.S. Department of Education, National Center for Education Statistics",Education / Child development
pub.1134389846,Association between Food Insecurity and Health-Related Quality of Life: a Nationally Representative Survey,10.1007/s11606-020-06492-9,NORC AmeriSpeak Panel,true,true,"AmeriSpeak is a probability‑based panel of U.S. households managed by NORC, providing a nationally representative sample for survey research.",NORC at the University of Chicago,Social / Health Survey
pub.1134467836,Food insecurity among immigrants and refugees of diverse origins living in metropolitan Atlanta: the roles of acculturation and social connectedness,10.1093/tbm/ibaa035,General Social Survey,true,false,A long‑running sociological survey that collects data on demographic characteristics and attitudes of U.S. adults.,National Opinion Research Center (NORC) at the University of Chicago,Sociology / Social Science
pub.1134467837,The Four Domain Food Insecurity Scale (4D-FIS): development and evaluation of a complementary food insecurity measure,10.1093/tbm/ibaa125,discovered_datasets,false,false,,,
pub.1134467837,The Four Domain Food Insecurity Scale (4D-FIS): development and evaluation of a complementary food insecurity measure,10.1093/tbm/ibaa125,name,false,false,,,
pub.1134467837,The Four Domain Food Insecurity Scale (4D-FIS): development and evaluation of a complementary food insecurity measure,10.1093/tbm/ibaa125,": 9.2,",false,false,,,
pub.1134467837,The Four Domain Food Insecurity Scale (4D-FIS): development and evaluation of a complementary food insecurity measure,10.1093/tbm/ibaa125,": 9,",false,false,,,
pub.1134467837,The Four Domain Food Insecurity Scale (4D-FIS): development and evaluation of a complementary food insecurity measure,10.1093/tbm/ibaa125,U.S. Department of Agriculture,false,false,,,
pub.1134467837,The Four Domain Food Insecurity Scale (4D-FIS): development and evaluation of a complementary food insecurity measure,10.1093/tbm/ibaa125,domain,false,false,,,
pub.1134467837,The Four Domain Food Insecurity Scale (4D-FIS): development and evaluation of a complementary food insecurity measure,10.1093/tbm/ibaa125,Food security / Nutrition,false,false,,,
pub.1134467837,The Four Domain Food Insecurity Scale (4D-FIS): development and evaluation of a complementary food insecurity measure,10.1093/tbm/ibaa125,size,false,false,,,
pub.1134467837,The Four Domain Food Insecurity Scale (4D-FIS): development and evaluation of a complementary food insecurity measure,10.1093/tbm/ibaa125,": true,",false,false,,,
pub.1134467837,The Four Domain Food Insecurity Scale (4D-FIS): development and evaluation of a complementary food insecurity measure,10.1093/tbm/ibaa125,discovery_reasoning,false,false,,,
pub.1134467837,The Four Domain Food Insecurity Scale (4D-FIS): development and evaluation of a complementary food insecurity measure,10.1093/tbm/ibaa125,"},
    {",false,false,,,
pub.1134467837,The Four Domain Food Insecurity Scale (4D-FIS): development and evaluation of a complementary food insecurity measure,10.1093/tbm/ibaa125,confidence_score,false,false,,,
pub.1134467837,The Four Domain Food Insecurity Scale (4D-FIS): development and evaluation of a complementary food insecurity measure,10.1093/tbm/ibaa125,text_quote,false,false,,,
pub.1134467837,The Four Domain Food Insecurity Scale (4D-FIS): development and evaluation of a complementary food insecurity measure,10.1093/tbm/ibaa125,Developed by the authors for this study.,false,false,,,
pub.1134467837,The Four Domain Food Insecurity Scale (4D-FIS): development and evaluation of a complementary food insecurity measure,10.1093/tbm/ibaa125,": false,",false,false,,,
pub.1134467837,The Four Domain Food Insecurity Scale (4D-FIS): development and evaluation of a complementary food insecurity measure,10.1093/tbm/ibaa125,": null,",false,false,,,
pub.1134467837,The Four Domain Food Insecurity Scale (4D-FIS): development and evaluation of a complementary food insecurity measure,10.1093/tbm/ibaa125,COVID impact survey,false,false,,,
pub.1134467837,The Four Domain Food Insecurity Scale (4D-FIS): development and evaluation of a complementary food insecurity measure,10.1093/tbm/ibaa125,External study (citation not detailed in excerpt).,false,false,,,
pub.1134467837,The Four Domain Food Insecurity Scale (4D-FIS): development and evaluation of a complementary food insecurity measure,10.1093/tbm/ibaa125,Food security / Public health,false,false,,,
pub.1134467837,The Four Domain Food Insecurity Scale (4D-FIS): development and evaluation of a complementary food insecurity measure,10.1093/tbm/ibaa125,Not specified in this paper.,false,false,,,
pub.1134467837,The Four Domain Food Insecurity Scale (4D-FIS): development and evaluation of a complementary food insecurity measure,10.1093/tbm/ibaa125,format,false,false,,,
pub.1134467837,The Four Domain Food Insecurity Scale (4D-FIS): development and evaluation of a complementary food insecurity measure,10.1093/tbm/ibaa125,Survey data.,false,false,,,
pub.1134467837,The Four Domain Food Insecurity Scale (4D-FIS): development and evaluation of a complementary food insecurity measure,10.1093/tbm/ibaa125,access_info,false,false,,,
pub.1134467837,The Four Domain Food Insecurity Scale (4D-FIS): development and evaluation of a complementary food insecurity measure,10.1093/tbm/ibaa125,Not provided; only cited.,false,false,,,
pub.1134467837,The Four Domain Food Insecurity Scale (4D-FIS): development and evaluation of a complementary food insecurity measure,10.1093/tbm/ibaa125,is_known_dataset,false,false,,,
pub.1134467837,The Four Domain Food Insecurity Scale (4D-FIS): development and evaluation of a complementary food insecurity measure,10.1093/tbm/ibaa125,matched_known_dataset,false,false,,,
pub.1134467837,The Four Domain Food Insecurity Scale (4D-FIS): development and evaluation of a complementary food insecurity measure,10.1093/tbm/ibaa125,Feeding America data,false,false,,,
pub.1134467837,The Four Domain Food Insecurity Scale (4D-FIS): development and evaluation of a complementary food insecurity measure,10.1093/tbm/ibaa125,Feeding America reports.,false,false,,,
pub.1134467837,The Four Domain Food Insecurity Scale (4D-FIS): development and evaluation of a complementary food insecurity measure,10.1093/tbm/ibaa125,Food insecurity / Social services,false,false,,,
pub.1134467837,The Four Domain Food Insecurity Scale (4D-FIS): development and evaluation of a complementary food insecurity measure,10.1093/tbm/ibaa125,Reported summary statistics.,false,false,,,
pub.1134467837,The Four Domain Food Insecurity Scale (4D-FIS): development and evaluation of a complementary food insecurity measure,10.1093/tbm/ibaa125,"}
  ],",false,false,,,
pub.1134467837,The Four Domain Food Insecurity Scale (4D-FIS): development and evaluation of a complementary food insecurity measure,10.1093/tbm/ibaa125,: {,false,false,,,
pub.1134467837,The Four Domain Food Insecurity Scale (4D-FIS): development and evaluation of a complementary food insecurity measure,10.1093/tbm/ibaa125,": 4,",false,false,,,
pub.1134467837,The Four Domain Food Insecurity Scale (4D-FIS): development and evaluation of a complementary food insecurity measure,10.1093/tbm/ibaa125,": 1,",false,false,,,
pub.1134467837,The Four Domain Food Insecurity Scale (4D-FIS): development and evaluation of a complementary food insecurity measure,10.1093/tbm/ibaa125,": 3,",false,false,,,
pub.1134467837,The Four Domain Food Insecurity Scale (4D-FIS): development and evaluation of a complementary food insecurity measure,10.1093/tbm/ibaa125,FIS,false,false,,,
pub.1134467837,The Four Domain Food Insecurity Scale (4D-FIS): development and evaluation of a complementary food insecurity measure,10.1093/tbm/ibaa125,A 10,false,false,,,
pub.1134467837,The Four Domain Food Insecurity Scale (4D-FIS): development and evaluation of a complementary food insecurity measure,10.1093/tbm/ibaa125,A 16,false,false,,,
pub.1134467837,The Four Domain Food Insecurity Scale (4D-FIS): development and evaluation of a complementary food insecurity measure,10.1093/tbm/ibaa125,CFA,false,false,,,
pub.1134467843,Factors related to poor diet quality in food insecure populations,10.1093/tbm/ibaa028,Food and Physical Activity Questionnaire,true,true,A questionnaire developed for EFNEP that captures dietary intake and physical activity behaviors.,Expanded Food and Nutrition Education Program (EFNEP),Nutrition and physical activity assessment
pub.1134597010,"Perspective: The Importance of Water Security for Ensuring Food Security, Good Nutrition, and Well-being",10.1093/advances/nmab003,Household Water Insecurity Experiences (HWISE) Scale,true,false,A cross‑culturally validated questionnaire measuring household water insecurity experiences.,Published scale (Wutich et al.),Water security / Public health
pub.1134597010,"Perspective: The Importance of Water Security for Ensuring Food Security, Good Nutrition, and Well-being",10.1093/advances/nmab003,Household Food Insecurity Access Scale (HFIAS),true,false,A 9‑item questionnaire measuring household food insecurity experiences.,Developed by USAID/FANTA,Food security
pub.1134597010,"Perspective: The Importance of Water Security for Ensuring Food Security, Good Nutrition, and Well-being",10.1093/advances/nmab003,Food Insecurity Experience Scale (FIES),true,false,A globally comparable 8‑item scale for measuring individual food insecurity.,Food and Agriculture Organization (FAO),Food security
pub.1134597010,"Perspective: The Importance of Water Security for Ensuring Food Security, Good Nutrition, and Well-being",10.1093/advances/nmab003,HWISE‑4 Short Form,true,false,A 4‑item abbreviated version of the HWISE scale for rapid assessment of water insecurity.,Derived from the HWISE Scale,Water security
pub.1134597010,"Perspective: The Importance of Water Security for Ensuring Food Security, Good Nutrition, and Well-being",10.1093/advances/nmab003,Latin American and Caribbean Household Food Security Measurement Scale (ELCSA),true,false,A household food‑security scale used across Latin America and the Caribbean.,FAO/Latin American regional agencies,Food security
pub.1134597010,"Perspective: The Importance of Water Security for Ensuring Food Security, Good Nutrition, and Well-being",10.1093/advances/nmab003,Demographic and Health Surveys (DHS),true,false,"Large, nationally representative household surveys collecting health and demographic data.",USAID-funded DHS Program,"Public health, Demography"
pub.1134597010,"Perspective: The Importance of Water Security for Ensuring Food Security, Good Nutrition, and Well-being",10.1093/advances/nmab003,Gallup World Poll,true,false,"A worldwide survey collecting data on a broad range of social, economic, and environmental topics.",Gallup Organization,"Social science, Global monitoring"
pub.1134597010,"Perspective: The Importance of Water Security for Ensuring Food Security, Good Nutrition, and Well-being",10.1093/advances/nmab003,Brazilian Food Security Scale (EBIA),true,false,Brazil’s adaptation of the USDA Household Food Security Survey Module for national surveys.,Brazilian Institute of Geography and Statistics (IBGE),Food security
pub.1134597010,"Perspective: The Importance of Water Security for Ensuring Food Security, Good Nutrition, and Well-being",10.1093/advances/nmab003,Household Hunger Scale,true,false,A 3‑item scale measuring severe household hunger.,Derived from HFIAS,Food security
pub.1134707575,Viewpoint: Food insecurity among college students: A case for consistent and comparable measurement,10.1016/j.foodpol.2021.102031,National Postsecondary Student Aid Study (NPSAS),true,false,"A large-scale survey administered by the U.S. Department of Education that collects data on postsecondary students' financial aid and related topics, including food insecurity in upcoming waves.",Mentioned in the commentary as a future data source.,Higher education / Food security
pub.1134856982,Persistence and transience of food insecurity and predictors among residents of two disadvantaged communities in South Carolina,10.1016/j.appet.2021.105128,Survey of Program Dynamics (SPD),true,false,A longitudinal panel survey tracking U.S. households over multiple years to study program participation and outcomes.,U.S. Department of Agriculture Economic Research Service,Economic / Program Evaluation
pub.1134856982,Persistence and transience of food insecurity and predictors among residents of two disadvantaged communities in South Carolina,10.1016/j.appet.2021.105128,Early Childhood Longitudinal Study (ECLS) Birth Cohort,true,false,"A nationally representative longitudinal study following children from birth onward, collecting data on health, development, and family characteristics.","U.S. Department of Education, National Center for Education Statistics",Education / Child Development
pub.1134856982,Persistence and transience of food insecurity and predictors among residents of two disadvantaged communities in South Carolina,10.1016/j.appet.2021.105128,Fragile Families and Wellbeing Study,true,false,"A longitudinal study of families with children born in large U.S. cities, focusing on health, economic, and social outcomes.",University of Michigan Institute for Social Research,Sociology / Public Health
pub.1135065661,Perceived Neighborhood-Level Drivers of Food Insecurity Among Aging Women in the United States: A Qualitative Study,10.1016/j.jand.2020.12.019,Women's Interagency HIV Study (WIHS),true,true,A long‑term prospective cohort study of women with or at risk for HIV in the United States.,National Institutes of Health (NIH) funded consortium,Epidemiology / HIV Research
pub.1135308270,"A Subsidized Healthy Food Prescription Program for Adults with type 2 Diabetes who are Experiencing Food Insecurity: Protocol for a Randomized Controlled Trial, Modelling and Implementation Studies",10.21203/rs.3.rs-180761/v1,"Alberta Health Services Analytics, Data Integration, Measurement and Reporting Database",true,true,Provincial administrative health database containing clinical and utilization records.,Alberta Health Services,Health services research
pub.1135308270,"A Subsidized Healthy Food Prescription Program for Adults with type 2 Diabetes who are Experiencing Food Insecurity: Protocol for a Randomized Controlled Trial, Modelling and Implementation Studies",10.21203/rs.3.rs-180761/v1,Pharmaceutical Information Network Database,true,true,Database containing prescription and dispensing records for Alberta residents.,Alberta Health Services,Pharmacy / health services
pub.1135450870,Food security status and breast cancer screening among women in the United States: Evidence from Health and Retirement Study and Health Care and Nutrition Study,10.21203/rs.3.rs-176608/v1,Health Care and Nutrition Study (HCNS),true,true,A supplemental survey administered to a random subsample of HRS respondents focusing on health care access and nutrition.,Conducted by the National Institute on Aging and Social Security Administration as part of HRS.,Health/Nutrition Survey
pub.1135666392,Household Spending Patterns and Hardships during COVID-19: A Comparative Study of the U.S. and Israel,10.2139/ssrn.3789304,Socio-Economic Impacts of COVID-19 Survey (U.S. and Israel),false,false,"A nationally‑representative online survey fielded in April–May 2020 (U.S.) and June–July 2020 (Israel) that collected information on spending, food insecurity, housing payments, employment, and demographics.",Social Policy Institute at Washington University in St. Louis; administered via a Qualtrics online panel.,Social science / Household economics
pub.1135666392,Household Spending Patterns and Hardships during COVID-19: A Comparative Study of the U.S. and Israel,10.2139/ssrn.3789304,USDA Food Insecurity Scale (food‑security related questions),false,false,A set of standardized questionnaire items developed by the USDA to assess household food security status.,"USDA Economic Research Service, 2012.",Nutrition / Food security
pub.1135666392,Household Spending Patterns and Hardships during COVID-19: A Comparative Study of the U.S. and Israel,10.2139/ssrn.3789304,Central Bureau of Statistics (Israel) – Labor Force Data,false,false,Official Israeli labor‑force statistics reporting employment and unemployment rates.,"Central Bureau of Statistics, Israel.",Labor economics / Demographics
pub.1135666392,Household Spending Patterns and Hardships during COVID-19: A Comparative Study of the U.S. and Israel,10.2139/ssrn.3789304,OECD Country‑Level Economic Data,false,false,"Macro‑economic indicators (e.g., GDP, inequality) compiled by the Organisation for Economic Co‑operation and Development.","OECD publications, 2020‑2021.",Macroeconomics / International comparisons
pub.1135666392,Household Spending Patterns and Hardships during COVID-19: A Comparative Study of the U.S. and Israel,10.2139/ssrn.3789304,American Association for Public Opinion Research (AAPOR) RR2 Response‑Rate Measure,false,false,Standardized formula for calculating survey response rates.,"AAPOR, 2016.",Survey methodology
pub.1135883863,Validity of the Food Insecurity Experience Scale (FIES) for Use in League of Arab States (LAS) and Characteristics of Food Insecure Individuals by the Human Development Index (HDI),10.1093/cdn/nzab017,Gallup World Poll (GWP),true,true,"A series of complex cross‑sectional surveys conducted annually in >150 countries; nationally representative civilian, non‑institutionalized adults aged 15 +.",Gallup,Food security / Public health survey data
pub.1135883863,Validity of the Food Insecurity Experience Scale (FIES) for Use in League of Arab States (LAS) and Characteristics of Food Insecure Individuals by the Human Development Index (HDI),10.1093/cdn/nzab017,FAO Voices of the Hungry (FAO‑VoH) dataset,true,true,FAO’s Voices of the Hungry project provides the Food Insecurity Experience Scale (FIES) data collected globally.,Food and Agriculture Organization of the United Nations (FAO),Food insecurity measurement
pub.1135883863,Validity of the Food Insecurity Experience Scale (FIES) for Use in League of Arab States (LAS) and Characteristics of Food Insecure Individuals by the Human Development Index (HDI),10.1093/cdn/nzab017,Arab Family Food Security Scale (AFFSS),true,false,A food‑security measurement instrument specifically developed for Arab families.,Regional research consortium (reference 13),Food security measurement
pub.1135883863,Validity of the Food Insecurity Experience Scale (FIES) for Use in League of Arab States (LAS) and Characteristics of Food Insecure Individuals by the Human Development Index (HDI),10.1093/cdn/nzab017,Gallup Worldwide Research Methodology and Codebook,true,false,Documentation describing the design and methodology of the Gallup World Poll.,Gallup,Survey methodology
pub.1136273490,"Association between Food Insecurity, Mental Health, and Intentions to Leave the US Army in a Cross-Sectional Sample of US Soldiers",10.1093/jn/nxab089,US Army Public Health Center 2019 Cross‑sectional Online Survey,true,true,"A self‑administered questionnaire collected from active‑duty soldiers covering demographics, food insecurity (Hunger Vital Sign), mental health, and intentions to leave the Army.",US Army Public Health Center,Military health / Public health
pub.1136420598,Food hubs play an essential role in the COVID-19 response in Hawai‘i,10.5304/jafscd.2021.102.036,Food Hub Survey 2019,false,false,"Quantitative survey of 11 Hawaiian food hubs collecting revenue, employment, supplier, and farmer‑served metrics.",Primary data collected by the authors from food‑hub leaders.,Agricultural economics / Local food systems
pub.1136420598,Food hubs play an essential role in the COVID-19 response in Hawai‘i,10.5304/jafscd.2021.102.036,2017 National Food Hub Survey,false,false,A nationwide survey of food‑hub operations conducted in 2017.,"Published research (Barham et al., 2017).",Food‑hub research
pub.1136549657,Does Supplemental Nutrition Assistance Program Reduce Food Insecurity among Households with Children? Evidence from the Current Population Survey,10.3390/ijerph18063178,National Level Annual Summary SNAP Data Tables,true,false,Aggregated annual tables summarizing SNAP participation and benefit levels at the national level.,"U.S. Department of Agriculture, Food and Nutrition Service.",Administrative data on SNAP program participation.
pub.1136558764,"Association of food insecurity with dietary intakes and nutritional biomarkers among US children, National Health and Nutrition Examination Survey (NHANES) 2011–2016",10.1093/ajcn/nqab113,NHANES Dietary Supplement Database,true,true,A database containing information on dietary supplement usage collected in NHANES.,NHANES (CDC/NCHS) supplemental questionnaire data,Nutrition / Supplement use
pub.1137256185,The role of provincial social policies and economic environments in shaping food insecurity among Canadian families with children,10.1016/j.ypmed.2021.106558,"Canadian Community Health Survey, Cycle 2.2, Nutrition",true,false,A specific cycle of the CCHS focusing on nutrition.,Statistics Canada,Nutrition research
pub.1137256185,The role of provincial social policies and economic environments in shaping food insecurity among Canadian families with children,10.1016/j.ypmed.2021.106558,Statistics Canada unemployment rate data,true,false,Annual unemployment rates by province from Statistics Canada.,Statistics Canada,Labor economics
pub.1137532650,Pregnant and hungry: addressing food insecurity in pregnant women during the COVID-19 pandemic in the United States,10.1016/j.ajogmf.2021.100378,Census Household Pulse Survey,true,false,"A rapid‑response survey conducted by the U.S. Census Bureau to collect data on the social and economic impacts of the COVID‑19 pandemic, including food‑security questions.",U.S. Census Bureau,Social and economic research
pub.1137532650,Pregnant and hungry: addressing food insecurity in pregnant women during the COVID-19 pandemic in the United States,10.1016/j.ajogmf.2021.100378,National Children’s Study,true,false,A longitudinal cohort study that followed children from before birth through adolescence to investigate environmental influences on health and development.,U.S. National Institutes of Health (NIH),Child health and development
pub.1137532650,Pregnant and hungry: addressing food insecurity in pregnant women during the COVID-19 pandemic in the United States,10.1016/j.ajogmf.2021.100378,Australian Longitudinal Study on Women’s Health,true,false,A large prospective cohort study that follows Australian women to investigate health outcomes across the lifespan.,Australian Government Department of Health,Women’s health and epidemiology
pub.1137800820,Resilience-promoting policies and contexts for children of color in the United States: Existing research and future priorities,10.1017/s095457942000173x,Panel Study of Income Dynamics (PSID),false,false,"A longitudinal household panel survey tracking economic, health, and demographic information in the United States.","Citation within the manuscript (Hoynes, Schanzenbach, & Almond 2016).",Economics / Public health
pub.1137800820,Resilience-promoting policies and contexts for children of color in the United States: Existing research and future priorities,10.1017/s095457942000173x,Child Opportunity Index,false,false,An index that aggregates multiple neighborhood-level indicators to assess child-friendly environments.,"Citation within the manuscript (Acevedo-Garcia et al., 2020).",Urban planning / Public health
pub.1137800820,Resilience-promoting policies and contexts for children of color in the United States: Existing research and future priorities,10.1017/s095457942000173x,Moving to Opportunity (MTO) Study,false,false,A randomized housing mobility experiment that offered vouchers to families to move to lower‑poverty neighborhoods.,"Citation within the manuscript (Kessler et al., 2014).",Housing policy / Public health
pub.1137800820,Resilience-promoting policies and contexts for children of color in the United States: Existing research and future priorities,10.1017/s095457942000173x,Great Smoky Mountains Study,false,false,"A longitudinal cohort study of children in the Great Smoky Mountains region, used to evaluate the effects of a casino‑related income boost.","Citation within the manuscript (Costello, Compton, Keeler, & Angold, 2003).",Economics / Public health
pub.1137858175,Proximity to SNAP-authorized retailers and child maltreatment reports,10.1016/j.ehb.2021.101015,Connecticut Department of Children and Families (DCF) child maltreatment report data,false,false,"Administrative records of all child maltreatment reports (screened‑in calls) filed with the Connecticut DCF, geocoded to the child's Census block group.",Connecticut Department of Children and Families Office for Research and Evaluation,Child welfare / social services
pub.1137858175,Proximity to SNAP-authorized retailers and child maltreatment reports,10.1016/j.ehb.2021.101015,USDA SNAP‑Authorized Retailer data (2011‑2015),false,false,"Geocoded list of every retailer in Connecticut that was authorized to accept SNAP benefits, with start/end dates of authorization.",United States Department of Agriculture (USDA) SNAP‑Authorized Retailer database,Nutrition assistance / retail geography
pub.1137858175,Proximity to SNAP-authorized retailers and child maltreatment reports,10.1016/j.ehb.2021.101015,American Community Survey (ACS) 5‑year estimates (2011‑2015),false,false,"Annual estimates of demographic and socioeconomic characteristics for Census block groups, aggregated over five years.",U.S. Census Bureau,Demography / socioeconomic statistics
pub.1137858175,Proximity to SNAP-authorized retailers and child maltreatment reports,10.1016/j.ehb.2021.101015,National Child Abuse and Neglect Data System (NCANDS),false,false,Federal database aggregating state child protective services reports of abuse and neglect.,U.S. Department of Health & Human Services,Child welfare
pub.1138028591,Differences in reporting food insecurity and factors associated with differences among Latino fathers and mothers,10.1186/s12889-021-10971-x,Project EAT (Eating Among Teens),true,false,"A longitudinal study that examines dietary intake, physical activity, and weight-related outcomes among adolescents.",University of Minnesota,Nutrition/Epidemiology
pub.1138028591,Differences in reporting food insecurity and factors associated with differences among Latino fathers and mothers,10.1186/s12889-021-10971-x,Multiethnic Study of Atherosclerosis (MESA),true,false,A medical research study investigating subclinical cardiovascular disease and its risk factors in a multi‑ethnic cohort.,"National Heart, Lung, and Blood Institute",Cardiovascular Epidemiology
pub.1138086506,"Integrating transit data and travel time into food security analysis: A case study of San Diego, California",10.1016/j.apgeog.2021.102461,American Community Survey,true,true,"Annual survey by the U.S. Census Bureau providing detailed demographic, economic, and housing characteristics at the census‑block‑group level.",U.S. Census Bureau,Demographics / Socio‑economic
pub.1138086506,"Integrating transit data and travel time into food security analysis: A case study of San Diego, California",10.1016/j.apgeog.2021.102461,General Transit Feed Specification (GTFS) database,true,true,"Standardized public‑transport schedule and stop data (routes, trips, stop times) provided by the San Diego Metropolitan Transit System.",San Diego Metropolitan Transit System (MTS),Transportation / Transit planning
pub.1138086506,"Integrating transit data and travel time into food security analysis: A case study of San Diego, California",10.1016/j.apgeog.2021.102461,U.S. Department of Housing and Urban Development Section 8 Income Limits,true,false,Official income‑limit tables used to determine eligibility for HUD’s Section 8 housing assistance programs.,U.S. Department of Housing and Urban Development (HUD),Housing / Socio‑economic
pub.1138365281,More Than Hunger: Nutrition and Food Issues,10.1007/978-3-030-70135-2_17,Current Population Survey,true,false,A monthly survey of U.S. households that collects data on labor force characteristics and other demographic information.,U.S. Census Bureau and Bureau of Labor Statistics,Economics / Demography
pub.1138365281,More Than Hunger: Nutrition and Food Issues,10.1007/978-3-030-70135-2_17,Veterans Aging Cohort Study,true,false,A longitudinal cohort study of U.S. veterans examining health outcomes over time.,Veterans Health Administration,Veterans health / Epidemiology
pub.1138365281,More Than Hunger: Nutrition and Food Issues,10.1007/978-3-030-70135-2_17,California Health Interview Survey,true,false,"A state‑level health survey that collects information on health status, behaviors, and access to care among California residents.",California Department of Public Health,Public health / State health surveillance
pub.1138768779,Household food insecurity and children’s physical activity and sedentary behaviour in the United States: the Healthy Communities Study,10.1017/s1368980021002536,Healthy Communities Study,true,true,"A large, cross‑sectional observational study that collected data on child diet, physical activity, and community‑level obesity prevention programs across 130 U.S. communities.",,Public Health / Obesity Prevention
pub.1138771024,Public Benefit Use and Social Needs in Hospitalized Children With Undocumented Parents,10.1542/peds.2020-021113,89-item anonymous cross‑sectional caregiver survey,true,true,"A study‑specific questionnaire developed by the authors to capture demographics, health, resource use, barriers, and immigration‑related fear.",Created by the study authors for this research,Public health / Health services research
pub.1138776046,"High food insecurity in Latinx families and associated COVID-19 infection in the Greater Bay Area, California",10.1186/s40795-021-00419-1,Census Pulse Household Survey,true,false,"A rapid, nationally representative survey conducted by the U.S. Census Bureau to track the social and economic impacts of the COVID‑19 pandemic.",U.S. Census Bureau,Socio‑economic / Public Health
pub.1138918723,Toward a deeper understanding of food insecurity among college students: examining associations with emotional eating and biological sex,10.1080/07448481.2021.1936536,USDA 2018 National Food Insecurity Data,true,false,Aggregated national estimates of food‑insecurity prevalence for U.S. adults collected by USDA in 2018.,"U.S. Department of Agriculture, Economic Research Service",Nutrition / Food Security
pub.1139029133,"Household Food Insecurity, Lung Function, and COPD in US Adults",10.3390/nu13062098,European Community Respiratory Health Survey (ECRHS),true,false,"A large, multi‑center cohort study that collected respiratory health data across European countries.",Not provided in the paper,Respiratory epidemiology
pub.1139029133,"Household Food Insecurity, Lung Function, and COPD in US Adults",10.3390/nu13062098,GA2LEN Survey,true,false,The Global Allergy and Asthma European Network (GA2LEN) population survey on respiratory and allergic diseases.,Not provided in the paper,"Allergy, asthma, respiratory health"
pub.1139029133,"Household Food Insecurity, Lung Function, and COPD in US Adults",10.3390/nu13062098,Hertfordshire Cohort Study,true,false,A UK longitudinal cohort investigating determinants of health in older adults.,Not provided in the paper,"Epidemiology, gerontology"
pub.1139058149,Adolescent-Reported Food Insecurity: Correlates of Dietary Intake and School Lunch Behavior,10.3390/ijerph18126647,Minnesota Student Survey (MSS),false,false,"A statewide, triennial school‑based survey administered to students in Minnesota covering health, behavior, and demographic variables.","Minnesota Department of Health, Center for Health Statistics",Education / Public health / Youth behavioral data
pub.1139121826,The association between housing and food insecurity among medically underserved cancer patients,10.1007/s00520-021-06254-1,Integrated Cancer Care Access Network (ICCAN) cohort,true,true,A longitudinal cohort of medically underserved cancer patients participating in a patient‑navigation program across NYC hospitals.,Memorial Sloan Kettering Cancer Center and partner NYC hospitals,Oncology / Social determinants of health
pub.1139209831,Soil health considerations for global food security,10.1002/agj2.20783,FAO Food Price Index,true,false,An index compiled by the FAO that tracks international food price movements across major commodity groups.,Food and Agriculture Organization of the United Nations,Economics/International Trade
pub.1139209831,Soil health considerations for global food security,10.1002/agj2.20783,USDA Foreign Agricultural Service data,true,false,Data on U.S. agricultural trade and market trends provided by the USDA Foreign Agricultural Service.,USDA Foreign Agricultural Service,Trade/Agriculture
pub.1139209831,Soil health considerations for global food security,10.1002/agj2.20783,North American Project to Evaluate Soil Health Measurement,true,false,A collaborative effort to develop standardized measurements for soil health across North America.,"Norris et al., 2020",Soil Science
pub.1139414250,"Food Insecurity and its Impact on Body Weight, Type 2 Diabetes, Cardiovascular Disease, and Mental Health",10.1007/s12170-021-00679-3,Behavioral Risk Factor Surveillance System (BRFSS),true,false,"An annual telephone survey of U.S. adults that collects data on health-related risk behaviors, chronic health conditions, and use of preventive services.",Centers for Disease Control and Prevention (CDC),Public health / Epidemiology
pub.1139414250,"Food Insecurity and its Impact on Body Weight, Type 2 Diabetes, Cardiovascular Disease, and Mental Health",10.1007/s12170-021-00679-3,Gallup World Poll,true,false,"A global survey conducted by Gallup that measures attitudes, behaviors, and experiences in more than 150 countries.","Gallup, Inc.",Sociology / Public health
pub.1139414250,"Food Insecurity and its Impact on Body Weight, Type 2 Diabetes, Cardiovascular Disease, and Mental Health",10.1007/s12170-021-00679-3,Study on Global AGEing and Adult Health (SAGE) Study,true,false,"A longitudinal, multi‑country study by WHO focusing on health and well‑being of adults aged 50+ in low‑ and middle‑income countries.",World Health Organization,Aging / Public health
pub.1139414250,"Food Insecurity and its Impact on Body Weight, Type 2 Diabetes, Cardiovascular Disease, and Mental Health",10.1007/s12170-021-00679-3,California Health Interview Survey (CHIS),true,false,"A state‑level health survey that collects data on health conditions, health behaviors, and access to care among California residents.","University of California, Los Angeles (UCLA) Center for Health Policy Research",Public health / Epidemiology
pub.1139414250,"Food Insecurity and its Impact on Body Weight, Type 2 Diabetes, Cardiovascular Disease, and Mental Health",10.1007/s12170-021-00679-3,Radimer/Cornell Scale,true,false,A scale developed to assess household hunger and food insecurity.,Radimer and Cornell researchers,Nutrition / Food security
pub.1139557653,"Food Insecurity, Dietary Quality, and Health Care Utilization in Lower-Income Adults: A Cross-Sectional Study",10.1016/j.jand.2021.06.001,Medical Expenditures Panel Survey (MEPS),true,false,"A set of large-scale surveys of families and individuals, medical providers, and employers across the United States that collects detailed information on health care use and expenditures.",Agency for Healthcare Research and Quality (AHRQ),Health economics / Health services research
pub.1139786655,Barriers to Accessing Healthy Food and Food Assistance During the COVID-19 Pandemic and Racial Justice Uprisings: A Mixed-Methods Investigation of Emerging Adults’ Experiences,10.1016/j.jand.2021.05.018,COVID‑19 Eating and Activity over Time (C‑EAT) study dataset,true,true,"Original survey and interview data gathered specifically for this research project, comprising 720 respondents and 33 in‑depth interviews.",Authors’ data collection effort,Public health / Nutrition
pub.1139786655,Barriers to Accessing Healthy Food and Food Assistance During the COVID-19 Pandemic and Racial Justice Uprisings: A Mixed-Methods Investigation of Emerging Adults’ Experiences,10.1016/j.jand.2021.05.018,EAT 2010‑2018 longitudinal cohort dataset,true,true,"A longitudinal cohort that began in 2010 and followed participants through 2018, used here to identify and invite eligible emerging adults for the COVID‑19 focused follow‑up.",EAT (Eating and Activity over Time) study investigators,Public health / Nutrition
pub.1140005384,Experiences and Situations of Shame among Food-insecure Adolescents in South Carolina and Oregon,10.1080/03670244.2021.1956484,Child Food Security Assessment,true,true,A brief five‑item questionnaire designed to capture child‑reported experiences of food insecurity.,Bernal et al. 2012; Fram et al. 2013,Nutrition / Child Development
pub.1140096436,Current and Future Food Insufficiency During Covid-19: Examining Disparities by Race/Ethnicity and Recent Work Loss,10.1007/s40615-021-01116-2,US Census Bureau Household Pulse Survey,false,false,"A web‑based, nationally representative survey of adults measuring social and economic well‑being during the COVID‑19 pandemic; provides weekly public use files with weights.",US Census Bureau,Public health / socioeconomic research
pub.1140096436,Current and Future Food Insufficiency During Covid-19: Examining Disparities by Race/Ethnicity and Recent Work Loss,10.1007/s40615-021-01116-2,State Unemployment Rate Data from St. Louis Federal Reserve Bank,false,false,"Monthly, seasonally adjusted unemployment rates for each US state.",St. Louis Federal Reserve Bank (FRED database),Labor economics / macroeconomic data
pub.1140096436,Current and Future Food Insufficiency During Covid-19: Examining Disparities by Race/Ethnicity and Recent Work Loss,10.1007/s40615-021-01116-2,US Census Bureau Public Use Files of the Household Pulse Survey,false,false,"Publicly released data files containing respondent answers, weights, and demographic variables from the Household Pulse Survey.",US Census Bureau,Socio‑economic research
pub.1140096436,Current and Future Food Insufficiency During Covid-19: Examining Disparities by Race/Ethnicity and Recent Work Loss,10.1007/s40615-021-01116-2,Stata Software,false,false,Statistical software package used to conduct analyses.,StataCorp,Statistical computing
pub.1140450276,Food insecurity is associated with higher food responsiveness in low‐income children: The moderating role of parent stress and family functioning,10.1111/ijpo.12837,Children's Eating Behavior Questionnaire (CEBQ),true,true,"A parent‑report questionnaire measuring various dimensions of children's eating behavior (e.g., food responsiveness, emotional overeating).",Developed by Wardle et al.,Child Psychology / Nutrition
pub.1140450276,Food insecurity is associated with higher food responsiveness in low‐income children: The moderating role of parent stress and family functioning,10.1111/ijpo.12837,Perceived Stress Scale (PSS-10),true,true,"A 10‑item self‑report scale measuring the degree to which individuals perceive their lives as unpredictable, uncontrollable, and overwhelming.","Cohen, Kamarck & Mermelstein, 1983",Psychology / Stress Assessment
pub.1140450276,Food insecurity is associated with higher food responsiveness in low‐income children: The moderating role of parent stress and family functioning,10.1111/ijpo.12837,Center for Epidemiological Studies Depression Scale‑10 (CESD‑10),true,true,A 10‑item self‑report scale measuring depressive symptomatology in the past week.,"Radloff, 1977 (short form)",Mental Health
pub.1140450276,Food insecurity is associated with higher food responsiveness in low‐income children: The moderating role of parent stress and family functioning,10.1111/ijpo.12837,Family Assessment Device (FAD) – General Functioning Scale,true,true,A 12‑item subscale assessing overall family health and functioning.,"Epstein, Baldwin & Bishop, 1983",Family Psychology
pub.1140450276,Food insecurity is associated with higher food responsiveness in low‐income children: The moderating role of parent stress and family functioning,10.1111/ijpo.12837,"Confusion, Hubbub, and Order Scale (CHAOS)",true,true,"A 15‑item (modified) scale measuring noise, crowding, and routine predictability in the household.","Matheny et al., 1995",Environmental Psychology
pub.1140811818,Beyond Groceries: An Analysis of Referral Needs to Address Underlying Causes of Child Hunger among Households Accessing Food Pantries,10.1080/19371918.2021.1943099,"Food Independence, Security, and Health (FISH) study",true,true,Primary data collection effort involving surveys of food pantry clients in Oklahoma.,University of Oklahoma Health Sciences Center and Oklahoma food banks,Public Health / Food Assistance
pub.1140811818,Beyond Groceries: An Analysis of Referral Needs to Address Underlying Causes of Child Hunger among Households Accessing Food Pantries,10.1080/19371918.2021.1943099,Behavioral Risk Factor Surveillance Survey (BRFSS) 2014,true,true,"A national telephone survey that collects data on health‑related risk behaviors, chronic health conditions, and use of preventive services.",Centers for Disease Control and Prevention (CDC),Epidemiology / Public Health
pub.1140811818,Beyond Groceries: An Analysis of Referral Needs to Address Underlying Causes of Child Hunger among Households Accessing Food Pantries,10.1080/19371918.2021.1943099,Hunger in America 2014 survey,true,true,A survey that documents food insecurity and related basic‑needs indicators across the United States.,Feeding America / USDA Economic Research Service,Food Security / Social Services
pub.1140811818,Beyond Groceries: An Analysis of Referral Needs to Address Underlying Causes of Child Hunger among Households Accessing Food Pantries,10.1080/19371918.2021.1943099,"Financial Stress Index (Siahpush & Carlin, 2006)",true,true,A set of items measuring financial strain such as inability to pay utility bills or rent.,Siahpush & Carlin (2006) study,Socio‑economic health determinants
pub.1140965906,Food Security and Clinical Outcomes of the 2017 Georgia Fruit and Vegetable Prescription Program,10.1016/j.jneb.2021.06.010,USDA 6-item Food Security Screener,true,true,A six‑item questionnaire derived from the USDA Household Food Security Survey Module used to classify households as food secure or insecure.,USDA,Nutrition / Food Security
pub.1140965906,Food Security and Clinical Outcomes of the 2017 Georgia Fruit and Vegetable Prescription Program,10.1016/j.jneb.2021.06.010,Cooking Matters Healthy Eating Behaviors Survey,true,true,"A validated survey instrument developed by the Cooking Matters program to assess nutrition knowledge, attitudes, and behaviors.",Cooking Matters / SNAP‑Ed,Nutrition Education
pub.1140965906,Food Security and Clinical Outcomes of the 2017 Georgia Fruit and Vegetable Prescription Program,10.1016/j.jneb.2021.06.010,SNAP‑Ed Indicator Tool,true,true,A set of indicators used by SNAP‑Ed programs to evaluate nutrition education outcomes.,USDA SNAP‑Ed,Nutrition Education / Public Health
pub.1140965906,Food Security and Clinical Outcomes of the 2017 Georgia Fruit and Vegetable Prescription Program,10.1016/j.jneb.2021.06.010,Share Our Strength Cooking Matters for Adults Survey,true,true,A validated adult survey developed by Share Our Strength and Cooking Matters to assess nutrition knowledge and behaviors.,Share Our Strength / Cooking Matters,Nutrition Education
pub.1140966378,"Food insecurity is adversely associated with psychological distress, anxiety and depression during the COVID-19 pandemic",10.1016/j.pmedr.2021.101547,Dynata database,true,true,A commercial online panel database used to recruit participants for the national survey.,"Dynata, Inc.",Survey sampling / Market research
pub.1140966378,"Food insecurity is adversely associated with psychological distress, anxiety and depression during the COVID-19 pandemic",10.1016/j.pmedr.2021.101547,KFF Health Tracking Poll (Early 2020),true,false,A public opinion poll conducted by the Kaiser Family Foundation tracking health and wellbeing indicators.,Kaiser Family Foundation,Public health / Health surveillance
pub.1140966378,"Food insecurity is adversely associated with psychological distress, anxiety and depression during the COVID-19 pandemic",10.1016/j.pmedr.2021.101547,Supplementary data (doi:10.1016/j.pmedr.2021.101547),true,false,"Additional tables, figures, and possibly raw data files that accompany the article.",Journal of Preventive Medicine Reports,Not specified
pub.1141364919,Niveles de micronutrientes en niños escolares colombianos e inseguridad alimentaria,10.7705/biomedica.5866,Cohorte de escolares de Bogotá,true,true,"A longitudinal cohort of public‑school children in Bogotá, Colombia, recruited in 2006.",Universidad Nacional de Colombia / Instituto Nacional de Salud,Public Health / Child Nutrition
pub.1141364919,Niveles de micronutrientes en niños escolares colombianos e inseguridad alimentaria,10.7705/biomedica.5866,Escala Latinoamericana y Caribeña de Seguridad Alimentaria (ELCSA),true,false,A regional adaptation of the USDA food‑security module for Latin America and the Caribbean.,FAO/UNFAO,Nutrition / Food Security
pub.1141364919,Niveles de micronutrientes en niños escolares colombianos e inseguridad alimentaria,10.7705/biomedica.5866,Encuesta Nacional de la Situación Nutricional (ENSIN) 2015,true,false,Colombian national nutrition survey conducted in 2015.,"Ministerio de Salud y Protección Social, Colombia",Nutrition / Public Health
pub.1141364919,Niveles de micronutrientes en niños escolares colombianos e inseguridad alimentaria,10.7705/biomedica.5866,Escala Brasileña de Inseguridad Alimentaria (EBIA),true,false,Brazilian version of a household food‑security questionnaire.,Brazilian Ministry of Health,Nutrition / Food Security
pub.1141366719,Chapter 8 Indicators and causal factors of nutrition—application of correlation analysis,10.1016/b978-0-12-820477-1.00023-1,ERS Food‑Security Dataset (unnamed),false,false,"A dataset compiled by the USDA ERS that contains variables on food‑security indicators for multiple countries/economic groups (e.g., x3‑x6 variables).",U.S. Department of Agriculture Economic Research Service,Food security / international development
pub.1141366719,Chapter 8 Indicators and causal factors of nutrition—application of correlation analysis,10.1016/b978-0-12-820477-1.00023-1,"Exercise Example Dataset (30 observations, 7 variables)",false,false,"A small, fabricated data set created for instructional purposes; contains variables X3‑X6 among others.",Created by the authors for the textbook/exercise,Statistical methods illustration
pub.1141366719,Chapter 8 Indicators and causal factors of nutrition—application of correlation analysis,10.1016/b978-0-12-820477-1.00023-1,2006 Brazilian Demographic and Health Survey (DHS),false,false,"A nationally representative household survey that collects health, nutrition, and demographic information in Brazil.",Instituto Brasileiro de Geografia e Estatística (IBGE) and ICF International,"Health, nutrition, demographics"
pub.1141366719,Chapter 8 Indicators and causal factors of nutrition—application of correlation analysis,10.1016/b978-0-12-820477-1.00023-1,Vietnam Living Standards Survey (VLSS) 1992‑93 & 1997‑98,false,false,"A nationally representative household survey conducted by the World Bank and Vietnam’s General Statistics Office, covering income, education, health, and nutrition variables.","World Bank, Vietnam General Statistics Office","Economic development, nutrition"
pub.1141366719,Chapter 8 Indicators and causal factors of nutrition—application of correlation analysis,10.1016/b978-0-12-820477-1.00023-1,"Global Urban Indicators (city‑level data, 1993)",false,false,"A cross‑national urban‑level dataset containing indicators on water access, sanitation, income, and health for cities worldwide.",World Bank/International Institute for Applied Systems Analysis (IIASA),"Urban studies, public health"
pub.1141692404,Do social isolation and neighborhood walkability influence relationships between COVID-19 experiences and wellbeing in predominantly Black urban areas?,10.1016/j.landurbplan.2021.104264,Pittsburgh Hill/Homewood Research on Neighborhood Changes and Health (PHRESH) cohort,true,true,"A longitudinal cohort of approximately 1,000 households in two low‑income, predominantly Black neighborhoods in Pittsburgh, with repeated surveys since 2011 covering health, food security, housing conditions, and social environment.",RAND Corporation / PHRESH investigators,"Public health, social epidemiology"
pub.1141692404,Do social isolation and neighborhood walkability influence relationships between COVID-19 experiences and wellbeing in predominantly Black urban areas?,10.1016/j.landurbplan.2021.104264,Street Segment Audit (SSA) dataset,true,true,"Direct observational data collected on street‑level built‑environment characteristics (land use, sidewalks, lighting, traffic signs, etc.) for 586 street segments in the study neighborhoods.","Research team (Ghosh‑Dastidar et al., 2020)","Urban planning, built environment"
pub.1141733356,Integrating geo-linked electronic health records with neighborhood data to identify place-based barriers for diabetes management in a public healthcare system,10.21203/rs.3.rs-913499/v1,San Francisco Health Network (SFHN) Electronic Health Records (EHR) data,true,true,Electronic health record data from the San Francisco Health Network safety‑net healthcare system.,San Francisco Health Network,Clinical / Diabetes outcomes
pub.1141733356,Integrating geo-linked electronic health records with neighborhood data to identify place-based barriers for diabetes management in a public healthcare system,10.21203/rs.3.rs-913499/v1,UCSF Health Atlas,true,true,Interactive map/database maintained by UCSF containing a wide range of health‑related neighborhood indicators for California.,"University of California, San Francisco",Public health / Environmental health
pub.1141733356,Integrating geo-linked electronic health records with neighborhood data to identify place-based barriers for diabetes management in a public healthcare system,10.21203/rs.3.rs-913499/v1,Feeding America food insecurity estimates,true,true,Modeled estimates of food insecurity prevalence at the census‑tract level produced by Feeding America.,Feeding America,Food insecurity / Public health
pub.1141733356,Integrating geo-linked electronic health records with neighborhood data to identify place-based barriers for diabetes management in a public healthcare system,10.21203/rs.3.rs-913499/v1,Healthy Places Index (HPI),true,true,A statewide index that ranks neighborhoods in California on multiple health‑related domains.,California Healthy Places Index project,Public health / Environmental health
pub.1141733356,Integrating geo-linked electronic health records with neighborhood data to identify place-based barriers for diabetes management in a public healthcare system,10.21203/rs.3.rs-913499/v1,HUD Comprehensive Housing Affordability Strategy Data,true,true,Housing affordability data compiled by the U.S. Department of Housing and Urban Development.,U.S. Department of Housing and Urban Development,Housing / Urban planning
pub.1141816937,Food Insecurity and Vision Impairment Among Adults Age 50 and Older in the United States,10.1016/j.ajo.2021.10.002,Salisbury Eye Evaluation Study,true,false,A longitudinal cohort study that collected detailed vision and cognitive data on older adults.,University of Salisbury (UK) research group,Ophthalmology / Vision research
pub.1141816937,Food Insecurity and Vision Impairment Among Adults Age 50 and Older in the United States,10.1016/j.ajo.2021.10.002,SEE Project,true,false,A research project that examined visual impairments and self‑reported disability outcomes.,,Vision impairment research
pub.1142150186,The Consequences of Food Insecurity for Children with Disabilities in the Early Elementary School Years,10.1007/978-3-030-74342-0_3,"Early Childhood Longitudinal Study, Kindergarten Class of 2010‑11 (ECLS‑K: 2011)",true,true,"A nationally representative longitudinal dataset that follows a cohort of children who entered kindergarten in 2010, containing detailed information on child development, health, and household characteristics.","U.S. Department of Education, National Center for Education Statistics",Education / Child Development
pub.1142150186,The Consequences of Food Insecurity for Children with Disabilities in the Early Elementary School Years,10.1007/978-3-030-74342-0_3,National Survey of Children's Health,true,false,A cross‑sectional survey that provides health information on children in the United States.,National Center for Health Statistics,Public Health
pub.1142150186,The Consequences of Food Insecurity for Children with Disabilities in the Early Elementary School Years,10.1007/978-3-030-74342-0_3,National Survey of America's Families,true,false,A survey that collected information on family characteristics and child well‑being.,U.S. Census Bureau,Sociology / Family Studies
pub.1142150186,The Consequences of Food Insecurity for Children with Disabilities in the Early Elementary School Years,10.1007/978-3-030-74342-0_3,Survey of Income and Program Participation (SIPP),true,false,"A longitudinal survey that collects data on income, program participation, and demographic characteristics of U.S. households.",U.S. Census Bureau,Economics / Social Policy
pub.1142150186,The Consequences of Food Insecurity for Children with Disabilities in the Early Elementary School Years,10.1007/978-3-030-74342-0_3,Census Household Pulse Survey,true,false,"A rapid, high‑frequency survey launched by the U.S. Census Bureau to measure the social and economic impacts of the pandemic.",U.S. Census Bureau,Public Health / Economics
pub.1142164663,Food Security Impacts of the COVID-19 Pandemic: Following a Cohort of Vermonters During the First Year,10.1101/2021.10.20.21265283,Rural-Urban Commuting Area (RUCA) codes,true,true,Geographic classification scheme that categorizes U.S. census tracts based on commuting patterns and population density.,U.S. Department of Agriculture Economic Research Service,Geography / Public Health
pub.1142164663,Food Security Impacts of the COVID-19 Pandemic: Following a Cohort of Vermonters During the First Year,10.1101/2021.10.20.21265283,U.S. Census Bureau Household Pulse Survey Data Tables,true,false,Rapidly collected survey data on the social and economic impacts of COVID‑19 on U.S. households.,U.S. Census Bureau,Public Policy / Economics
pub.1142332479,Mental Health Mediates the Association Between Gender-Based Violence and HIV Treatment Engagement in US Women,10.1097/qai.0000000000002848,Women's Interagency HIV Study (WIHS),true,true,"A multisite, prospective cohort of US women at risk of or living with HIV.",NIH-funded cohort,Epidemiology / HIV research
pub.1142332479,Mental Health Mediates the Association Between Gender-Based Violence and HIV Treatment Engagement in US Women,10.1097/qai.0000000000002848,MACS/WIHS Combined Cohort Study (MWCCS),true,true,A combined cohort that merges data from the Multicenter AIDS Cohort Study (MACS) and WIHS.,NIH-funded combined cohort,HIV/AIDS epidemiology
pub.1142332479,Mental Health Mediates the Association Between Gender-Based Violence and HIV Treatment Engagement in US Women,10.1097/qai.0000000000002848,Food Insecurity Substudy (WIHS Food Insecurity Substudy),true,true,A sub‑study within WIHS that gathered detailed food‑insecurity information using the HFSSM.,WIHS cohort,Nutrition / HIV care
pub.1142332479,Mental Health Mediates the Association Between Gender-Based Violence and HIV Treatment Engagement in US Women,10.1097/qai.0000000000002848,National Intimate Partner and Sexual Violence Survey (NISVS),true,false,A national survey that collects data on intimate partner and sexual violence experiences in the United States.,CDC,Public health / Violence research
pub.1142347961,The Relationship Between Disability Insurance Receipt and Food Insecurity,10.2139/ssrn.3954513,Feeding America – Map the Meal Gap,false,false,"County‑level estimates of food insecurity rates, food budget shortfalls and a relative food price index derived from CPS data.",Feeding America (Map the Meal Gap project),Food security / public health
pub.1142347961,The Relationship Between Disability Insurance Receipt and Food Insecurity,10.2139/ssrn.3954513,American Community Survey (ACS),false,false,"Annual survey providing detailed demographic, economic, and housing characteristics at the county level.",U.S. Census Bureau,Demographics / economics
pub.1142347961,The Relationship Between Disability Insurance Receipt and Food Insecurity,10.2139/ssrn.3954513,Social Security Administration (SSA) – DI award rates,false,false,"Annual administrative counts of Social Security Disability Insurance (DI) award recipients, aggregated to counties.",Social Security Administration,Social security / disability economics
pub.1142347961,The Relationship Between Disability Insurance Receipt and Food Insecurity,10.2139/ssrn.3954513,InfoGroup Business Data (IBD),false,false,"Comprehensive business register containing location, industry codes, employee counts for U.S. establishments (1998‑2019).",InfoGroup (commercial data provider),Business / retail geography
pub.1142347961,The Relationship Between Disability Insurance Receipt and Food Insecurity,10.2139/ssrn.3954513,Local Area Unemployment Statistics (LAUS),false,false,Annual county‑level unemployment rates produced by the Bureau of Labor Statistics.,U.S. Bureau of Labor Statistics,Labor economics
pub.1142347961,The Relationship Between Disability Insurance Receipt and Food Insecurity,10.2139/ssrn.3954513,National Center for Health Statistics (NCHS) 2013 Urban‑Rural Classification Scheme,false,false,"Classification of U.S. counties into metropolitan, micropolitan, and non‑core based on population density and commuting patterns.",National Center for Health Statistics (CDC),Geography / health statistics
pub.1142418957,"Food Insecurity, Associated Health Behaviors, and Academic Performance Among Urban University Undergraduate Students",10.1016/j.jneb.2021.08.008,National Health Survey,true,false,A national health monitoring survey that includes a single-item food‑insecurity question.,,Public Health
pub.1142419155,Implementing food bank and healthcare partnerships: a pilot study of perspectives from charitable food systems in Texas,10.1186/s12889-021-12031-w,United States Department of Agriculture Household Food Security Dataset,true,false,"Dataset reporting household food security status in the United States, produced by USDA.",U.S. Department of Agriculture,Public Health / Nutrition
pub.1142419155,Implementing food bank and healthcare partnerships: a pilot study of perspectives from charitable food systems in Texas,10.1186/s12889-021-12031-w,Census Household Pulse Survey,true,false,A rapid response survey by the U.S. Census Bureau measuring the social and economic impacts of the COVID-19 pandemic on households.,U.S. Census Bureau,Public Health / Social Sciences
pub.1142500742,The HOME Study: Understanding How College Students at a Hispanic Serving Institution Coped with Food Insecurity in a Pandemic,10.3390/ijerph182111087,Four Domain Food Insecurity Scale (4D‑FIS),true,false,A multidimensional instrument designed to assess food insecurity across four domains.,Cited in the bibliography and discussed in the discussion section as a potential tool.,Nutrition / Food Security
pub.1142551109,Sensitivity and Specificity of Real-World Social Factor Screening Approaches,10.1007/s10916-021-01788-7,Comprehensive Score for Financial Toxicity (COST) instrument,true,true,Patient‑reported outcome measure quantifying financial toxicity/strain.,Self‑administered questionnaire collected via REDCap.,Health economics / patient‑reported outcomes
pub.1142551109,Sensitivity and Specificity of Real-World Social Factor Screening Approaches,10.1007/s10916-021-01788-7,Transportation Barriers Measure,true,true,Survey tool measuring patients' difficulties accessing transportation.,Self‑administered questionnaire via REDCap.,Social determinants of health / transportation access
pub.1142551109,Sensitivity and Specificity of Real-World Social Factor Screening Approaches,10.1007/s10916-021-01788-7,Housing Instability Index,true,true,Index derived from survey items to assess housing instability.,Self‑administered questionnaire via REDCap.,Social determinants of health / housing
pub.1142551109,Sensitivity and Specificity of Real-World Social Factor Screening Approaches,10.1007/s10916-021-01788-7,Epic EHR system screening questions,true,true,Standardized social‑risk screening items embedded in the Epic electronic health record.,Extracted from the health system’s EHR for 36% of patients.,Clinical informatics / social determinants of health
pub.1142551109,Sensitivity and Specificity of Real-World Social Factor Screening Approaches,10.1007/s10916-021-01788-7,ICD-10 Z codes,true,true,Diagnostic coding system (Z‑codes) used to capture social determinants of health in the EHR.,Extracted from the health system’s EHR for the study cohort.,Clinical coding / health informatics
pub.1142551109,Sensitivity and Specificity of Real-World Social Factor Screening Approaches,10.1007/s10916-021-01788-7,Regenstrief Data Core,true,false,Research data support core at Indiana University providing assistance (likely data management or infrastructure).,,Research infrastructure
pub.1142551109,Sensitivity and Specificity of Real-World Social Factor Screening Approaches,10.1007/s10916-021-01788-7,Indiana University RESNET,true,false,Research network/support entity at Indiana University.,,Research infrastructure
pub.1142568566,Food Insecurity in a Pediatric Emergency Department and the Feasibility of Universal Screening,10.5811/westjem.2021.7.52519,Patient Medical Complexity Algorithm (PMCA),false,false,"An algorithm that categorizes pediatric patients into non‑chronic, non‑complex chronic, and complex chronic groups using billing and diagnosis information.",The algorithm is cited as a published method (reference 18 in the paper).,Healthcare / clinical informatics
pub.1142568566,Food Insecurity in a Pediatric Emergency Department and the Feasibility of Universal Screening,10.5811/westjem.2021.7.52519,U.S. Census Bureau Household Pulse Survey,false,false,"A rapid, online survey conducted by the U.S. Census Bureau to assess household experiences during the COVID‑19 pandemic, including food insecurity measures.",U.S. Census Bureau (citation not provided).,Public health / social science
pub.1142634649,Do Walmart Supercenters Improve Food Security?,10.2139/ssrn.3205856,U.S. Census Bureau Tiger/Line Shapefiles 2000,true,true,Geospatial files containing boundaries and centroids for U.S. census tracts.,U.S. Census Bureau,"Geography, spatial economics"
pub.1142634649,Do Walmart Supercenters Improve Food Security?,10.2139/ssrn.3205856,Brigades Open Data Network Walmart Supercenter Addresses,true,true,"Compiled list of Walmart Supercenter locations (addresses, coordinates, and identifiers).",Brigades Open Data Network,Retail geography
pub.1142634649,Do Walmart Supercenters Improve Food Security?,10.2139/ssrn.3205856,U.S. Census Bureau County Business Patterns,true,true,Annual data on the number of establishments by industry at the county and zip‑code level.,U.S. Census Bureau,"Business economics, retail analysis"
pub.1142705606,Implementing Food Bank and Health Care Partnerships: A Pilot Study of Perspectives From Charitable Food Systems in Texas,10.21203/rs.3.rs-984059/v1,U.S. Census Household Pulse Survey,true,false,"A rapid data collection effort by the U.S. Census Bureau that tracks household experiences during the pandemic, including food security.",U.S. Census Bureau,Social / Economic
pub.1142705606,Implementing Food Bank and Health Care Partnerships: A Pilot Study of Perspectives From Charitable Food Systems in Texas,10.21203/rs.3.rs-984059/v1,USDA Household Food Security Dataset,true,false,Dataset produced by the USDA that provides estimates of household food security status in the United States.,U.S. Department of Agriculture,Nutrition / Food Security
pub.1143150507,Food Insecurity Is Associated with Cognitive Function: A Systematic Review of Findings across the Life Course,10.3390/ijtm1030015,BSF‑R,true,false,Presumably a survey or assessment tool (likely the Birth to Five Survey) used to evaluate mental development in early childhood.,,Child Development / Cognitive Assessment
pub.1143151520,Geospatial Analysis of Food Deserts and Their Impact on Health Outcomes in Children with Cystic Fibrosis,10.3390/nu13113996,Cystic Fibrosis Foundation Patient Registry,true,true,"A national registry that captures clinical, demographic, and treatment data for individuals with cystic fibrosis in the United States.",Cystic Fibrosis Foundation,Clinical / Health outcomes
pub.1143151520,Geospatial Analysis of Food Deserts and Their Impact on Health Outcomes in Children with Cystic Fibrosis,10.3390/nu13113996,Child Opportunity Index 2.0,true,true,"An index that quantifies neighborhood resources and conditions affecting child development across education, health & environment, and social & economic domains.",Child Opportunity Project (University of Wisconsin‑Madison),Social determinants of health / Child development
pub.1143151520,Geospatial Analysis of Food Deserts and Their Impact on Health Outcomes in Children with Cystic Fibrosis,10.3390/nu13113996,2010 Decennial Census,true,false,"The United States Census conducted every ten years, providing comprehensive demographic and housing data at multiple geographic levels.",U.S. Census Bureau,Demography
pub.1143431510,Understanding Food Security as a Social Determinant of Diabetes-Related Health during Pregnancy,10.1055/s-0041-1740194,Survey of Income and Program Participation,true,false,"A longitudinal survey that collects information on the income, labor force participation, and program participation of U.S. households.",U.S. Census Bureau,Economic / Social Survey
pub.1143615191,Determinants of Food Insecurity Among Congregate Meal Participants: A Cross-Sectional Study Using Participant Information Matched to Geographic and Service Provider Data,10.14283/jarlife.2020.7,Administration on Aging Nutrition Services Program Outcomes Survey (NSP Outcomes Survey),true,true,"National survey of participants in the Administration on Aging's Nutrition Services Program, collecting demographic, health, and food‑security information.","Administration on Aging, U.S. Department of Health and Human Services",Aging/Nutrition Services
pub.1143615191,Determinants of Food Insecurity Among Congregate Meal Participants: A Cross-Sectional Study Using Participant Information Matched to Geographic and Service Provider Data,10.14283/jarlife.2020.7,American Community Survey (ACS),true,true,"Annual survey providing detailed demographic, housing, and economic data for US census tracts.",U.S. Census Bureau,Demographic/Economic
pub.1143615191,Determinants of Food Insecurity Among Congregate Meal Participants: A Cross-Sectional Study Using Participant Information Matched to Geographic and Service Provider Data,10.14283/jarlife.2020.7,USDA Food Retailer Address Database,true,true,"Geocoded list of food retailers (supermarkets, grocery stores, etc.) maintained by USDA.",U.S. Department of Agriculture,Food Access
pub.1143615191,Determinants of Food Insecurity Among Congregate Meal Participants: A Cross-Sectional Study Using Participant Information Matched to Geographic and Service Provider Data,10.14283/jarlife.2020.7,Local Service Provider Survey (LSP Survey),true,true,"Survey of local service providers delivering congregate meals, capturing organizational characteristics.","Administration on Aging, Area Agencies on Aging",Service Provider Characteristics
pub.1143615191,Determinants of Food Insecurity Among Congregate Meal Participants: A Cross-Sectional Study Using Participant Information Matched to Geographic and Service Provider Data,10.14283/jarlife.2020.7,Bureau of Labor Statistics County Unemployment Rate Data,true,true,Annual unemployment rates at the county level published by BLS.,U.S. Bureau of Labor Statistics,Labor Economics
pub.1143751751,"Oncology Registered Dietitian Nutritionists’ Knowledge, Attitudes, and Practices Related to Food Insecurity among Cancer Survivors: A Qualitative Study",10.1016/j.jand.2021.12.004,National Health Interview Survey (NHIS),true,false,An annual cross‑sectional household interview survey that collects information on a broad range of health topics in the U.S. civilian non‑institutionalized population.,U.S. Census Bureau / National Center for Health Statistics,Public Health / Epidemiology
pub.1143783875,Pre-pandemic to early-pandemic changes in risk of household food insecurity among Maryland families with children,10.1017/s136898002100481x,CHAMP (Creating Healthy Habits Among Maryland Preschoolers),true,true,A statewide cluster‑randomized controlled trial focused on obesity prevention in preschool‑age children.,"University of Maryland, Maryland Department of Health",Public health / childhood obesity
pub.1143783875,Pre-pandemic to early-pandemic changes in risk of household food insecurity among Maryland families with children,10.1017/s136898002100481x,WCC (Wellness Champions for Change),true,true,A statewide cluster‑randomized controlled trial aimed at improving school‑level implementation of wellness policies.,"University of Maryland, Maryland Department of Health",Public health / school wellness
pub.1143825085,Food insecurity among older adults in the U.S.: The role of mortgage borrowing,10.1002/aepp.13219,RAND mortgage debt data (non-imputed),true,true,"Dataset containing detailed mortgage debt information for HRS respondents, processed by RAND.",RAND Corporation,"Finance, housing economics"
pub.1143825085,Food insecurity among older adults in the U.S.: The role of mortgage borrowing,10.1002/aepp.13219,Federal Housing Finance Agency House Price Index (FHFA HPI),true,true,ZIP‑code level house price index measuring changes in single‑family home values.,Federal Housing Finance Agency (FHFA),"Housing economics, macroeconomics"
pub.1143825085,Food insecurity among older adults in the U.S.: The role of mortgage borrowing,10.1002/aepp.13219,Survey of Consumer Finances (SCF),true,false,"Triennial survey of U.S. households’ balance sheets, pensions, and debt.",Federal Reserve Board,"Finance, economics"
pub.1143999736,How Food Insecurity and Financial Difficulty Relate to Emotional Well-Being and Social Functioning,10.14423/smj.0000000000001342,Free clinic patient self‑administered survey,false,false,"A custom questionnaire administered to uninsured adults attending a free clinic, capturing sociodemographic variables, food insecurity items, financial barrier questions, and health‑related quality of life measures (SF‑36 subscales).",Free clinic in a metropolitan area (specific institution not named),Public health / Health services research
pub.1144171482,Classification Differences in Food Insecurity Measures between the United States and Canada: Practical Implications for Trend Monitoring and Health Research,10.1093/jn/nxab447,Discharge Abstract Database (DAD),true,true,"A national Canadian database that captures details of all hospital discharges, including dates, diagnoses, and procedures.",Canadian Institute for Health Information (CIHI),Health services / clinical outcomes
pub.1144171482,Classification Differences in Food Insecurity Measures between the United States and Canada: Practical Implications for Trend Monitoring and Health Research,10.1093/jn/nxab447,Canadian Vital Statistics Death Database (CVSD),true,true,"A national database containing all recorded deaths in Canada, with cause‑of‑death and demographic information.",Statistics Canada,Mortality / epidemiology
pub.1144331033,"Food Security, Financial Resources, and Mental Health: Evidence during the COVID-19 Pandemic",10.3390/nu14010161,American Community Survey (ACS),true,true,"An ongoing survey that provides detailed demographic, social, economic, and housing data for the U.S. population.",U.S. Census Bureau,"Demography, economics"
pub.1144331033,"Food Security, Financial Resources, and Mental Health: Evidence during the COVID-19 Pandemic",10.3390/nu14010161,U.S. Census data,true,true,"Aggregate population counts and estimates released by the U.S. Census Bureau, often used for national statistics.",U.S. Census Bureau,Population statistics
pub.1144464200,Food Security and Climate Change: Differences in Impacts and Adaptation Strategies for Rural Communities in the Global South and North,10.3389/fsufs.2021.691191,U.S. Census Bureau QuickFacts,true,true,"Online summary statistics for U.S. states, counties, and cities.",U.S. Census Bureau,Demographic Statistics
pub.1144464200,Food Security and Climate Change: Differences in Impacts and Adaptation Strategies for Rural Communities in the Global South and North,10.3389/fsufs.2021.691191,NASS Quick Stats,true,false,Online tool providing quick access to USDA NASS agricultural data.,USDA National Agricultural Statistics Service,Agricultural Data
pub.1144940543,Food insecurity among active duty soldiers and their families during the coronavirus disease 2019 pandemic,10.1017/s1368980022000192,Behavioral Health Epidemiological Consultation Survey,true,true,"A purpose‑built survey of active‑duty U.S. Army soldiers and their households, covering demographics, military variables, mental health, and food‑security status.",U.S. Army installation (large division),Military health / Public health
pub.1144940543,Food insecurity among active duty soldiers and their families during the coronavirus disease 2019 pandemic,10.1017/s1368980022000192,COVID Impact Survey,true,false,A survey collecting data on the social and economic impacts of COVID‑19 on U.S. households.,National Opinion Research Center (NORC),Public health / Social science
pub.1145011422,Household Spending Patterns and Hardships during COVID-19: A Comparative Study of the U.S. and Israel,10.1007/s10834-021-09814-z,"Socio‑Economic Impacts of COVID‑19 Survey (Roll et al., 2021)",false,false,"A nationally‑administered online survey collecting demographic, employment, financial, hardship, and COVID‑19‑related information from households in the United States and Israel during early 2020.","Roll et al., 2021 (authors of the current paper)",Social policy / household economics
pub.1145011422,Household Spending Patterns and Hardships during COVID-19: A Comparative Study of the U.S. and Israel,10.1007/s10834-021-09814-z,American Community Survey (ACS),false,false,"Annual nationwide survey conducted by the U.S. Census Bureau providing detailed demographic, social, economic, and housing data.",U.S. Census Bureau (2019),Demographics / population statistics
pub.1145011422,Household Spending Patterns and Hardships during COVID-19: A Comparative Study of the U.S. and Israel,10.1007/s10834-021-09814-z,Central Bureau of Statistics (CBS) – Israeli Labour Force Survey / Statistical Abstract,false,false,"Official statistical agency of Israel providing labour force, population, and economic data.",Central Bureau of Statistics (Israel),Demographics / labor economics
pub.1145041994,Food Insecurity among American Indian and Alaska Native People: A Scoping Review to Inform Future Research and Policy Needs,10.1093/advances/nmac008,Current Population Survey (CPS) – general survey,false,false,"A monthly survey conducted by the U.S. Census Bureau that collects demographic, economic, and housing information from a representative sample of US households.",U.S. Census Bureau,Demography / Public health
pub.1145693854,Older adults and the food security infrastructure,10.1002/aepp.13238,American Community Survey (1% Public Use Microdata Sample),true,true,"Annual survey providing detailed demographic, social, economic, and housing characteristics for the U.S. population.",U.S. Census Bureau,"Demography, economics, public policy"
pub.1145693854,Older adults and the food security infrastructure,10.1002/aepp.13238,Administration for Community Living Aging Integrated Database (AGID),true,true,Administrative database containing state‑level data on Older Americans Act (OAA) nutrition program delivery.,U.S. Administration for Community Living (ACL),"Social services, aging, public health"
pub.1145693854,Older adults and the food security infrastructure,10.1002/aepp.13238,Senior Farmers Market Nutrition Program (SFMNP) yearly profiles,true,true,Annual USDA reports providing state‑level counts of seniors receiving coupons for farmer‑market purchases.,"U.S. Department of Agriculture, Food and Nutrition Service","Nutrition assistance, aging, public health"
pub.1145693854,Older adults and the food security infrastructure,10.1002/aepp.13238,Commodity Supplemental Food Program (CSFP) yearly profiles,true,true,Annual USDA reports giving state‑level counts of seniors receiving commodity food packages.,"U.S. Department of Agriculture, Food and Nutrition Service","Nutrition assistance, aging, public health"
pub.1145717977,Acute and Enduring Effects of Mindful Eating on Delay and Probability Discounting for Food and Money in Food-Insecure Women,10.1007/s12671-022-01828-4,Monetary Choice Questionnaire (MCQ),true,true,"A 27‑item questionnaire measuring delay discounting for monetary rewards across small, medium, and large magnitudes.","Kirby & Marakovic, 1996; Kirby et al., 1999",Behavioral economics / psychology
pub.1145717977,Acute and Enduring Effects of Mindful Eating on Delay and Probability Discounting for Food and Money in Food-Insecure Women,10.1007/s12671-022-01828-4,Probabilistic Money Choice Questionnaire (PMCQ),true,true,A 30‑item questionnaire assessing probability discounting for monetary rewards across different magnitudes.,"Madden et al., 2009",Behavioral economics / psychology
pub.1145717977,Acute and Enduring Effects of Mindful Eating on Delay and Probability Discounting for Food and Money in Food-Insecure Women,10.1007/s12671-022-01828-4,Open Science Framework (OSF) dataset,true,false,Repository where the authors have shared the raw and processed data from the study.,Authors' OSF project,Research data repository
pub.1145837617,Farms and gardens everywhere but not a bite to eat? A critical geographic approach to food apartheid in Salt Lake City,10.5304/jafscd.2022.112.013,Home Owners' Loan Corporation (HOLC) Redlining Maps,true,true,Historical maps from the 1930s showing mortgage lending risk grades (A‑D) for U.S. neighborhoods.,Home Owners' Loan Corporation archives (often digitized by academic projects),Historical Geography / Urban Studies
pub.1145837617,Farms and gardens everywhere but not a bite to eat? A critical geographic approach to food apartheid in Salt Lake City,10.5304/jafscd.2022.112.013,Utah Transit Authority (UTA) Public Transit Data,true,true,"Geospatial data of light rail, commuter rail, and bus routes operated by UTA.",Utah Transit Authority,Transportation / Urban Planning
pub.1145837617,Farms and gardens everywhere but not a bite to eat? A critical geographic approach to food apartheid in Salt Lake City,10.5304/jafscd.2022.112.013,CSA Member Survey Data,true,true,Self‑reported demographic and satisfaction responses from members of a community‑supported agriculture (CSA) program.,Collected by the research team in collaboration with B.U.G. Farms,Community Nutrition / Food Justice
pub.1145837617,Farms and gardens everywhere but not a bite to eat? A critical geographic approach to food apartheid in Salt Lake City,10.5304/jafscd.2022.112.013,U.S. Census Data (generic),true,true,Aggregate demographic statistics from the U.S. Census (likely derived from ACS or Decennial Census).,U.S. Census Bureau,Demography / Social Sciences
pub.1145869693,Prevalence of Food Insecurity in the General College Population and Student-Athletes: a Review of the Literature,10.1007/s13668-022-00394-4,Adult Food Security Survey Module (AFSSM) – 10‑item version,true,false,A 10‑item USDA questionnaire for assessing adult food security.,USDA Economic Research Service,Nutrition / Food Security
pub.1145869693,Prevalence of Food Insecurity in the General College Population and Student-Athletes: a Review of the Literature,10.1007/s13668-022-00394-4,RealCollege survey,true,false,A survey of college students (including athletes) administered by the Hope Center; not peer‑reviewed.,"Hope Center for College, Community, and Justice",Higher Education / Food Security
pub.1145869693,Prevalence of Food Insecurity in the General College Population and Student-Athletes: a Review of the Literature,10.1007/s13668-022-00394-4,Hope Center survey,true,false,"Survey conducted by the Hope Center that aggregates food‑insecurity data from college students, including a specific module for student‑athletes.","Hope Center for College, Community, and Justice",Higher Education / Food Security
pub.1145949038,National Trends and Disparities in Severe Food Insecurity in Brazil between 2004 and 2018,10.1093/cdn/nzac034,Brazilian National Household Sample Survey (PNAD),true,true,"A series of nationally representative household surveys conducted by IBGE in 2004, 2009 and 2013 that include the EBIA food‑insecurity questionnaire.",Instituto Brasileiro de Geografia e Estatística (IBGE) – PNAD public micro‑data files.,Public health / Nutrition / Household surveys
pub.1145949038,National Trends and Disparities in Severe Food Insecurity in Brazil between 2004 and 2018,10.1093/cdn/nzac034,Family Budget Survey (POF),true,true,"A nationally representative household expenditure survey conducted by IBGE in 2017‑2018, which also incorporated the EBIA food‑insecurity module.",Instituto Brasileiro de Geografia e Estatística (IBGE) – POF public micro‑data files.,Public health / Nutrition / Household expenditure and food security
pub.1145980582,The association between food insecurity and gun violence in a major metropolitan city,10.1097/ta.0000000000003578,Map the Meal Gap (MMG) data set,false,false,A publicly available dataset that provides estimated county‑level food insecurity percentages derived from USDA data and socioeconomic variables.,Publicly available; likely derived from USDA’s Food Access Research Atlas.,Public health / nutrition / socio‑economic indicators
pub.1146036306,"The citizenship shield: Mediated and moderated links between immigration status, discrimination, food insecurity, and negative health outcomes for latinx immigrants during the COVID‐19 pandemic",10.1002/jcop.22831,Epidemic-Pandemic Impacts Inventory (EPII),true,true,"A questionnaire that inventories the breadth of personal, economic, and social impacts of the COVID‑19 pandemic.","Grasso et al., 2020",Psychology / Public health
pub.1146036306,"The citizenship shield: Mediated and moderated links between immigration status, discrimination, food insecurity, and negative health outcomes for latinx immigrants during the COVID‐19 pandemic",10.1002/jcop.22831,Everyday Discrimination Scale Revised (Revised‑EDS),true,true,A 5‑item self‑report scale assessing frequency of everyday discriminatory experiences.,"Stucky et al., 2011",Psychology / Social determinants of health
pub.1146159364,Risk of Food Insecurity in Young Adulthood and Longitudinal Changes in Cardiometabolic Health: Evidence from the National Longitudinal Study of Adolescent to Adult Health,10.1093/jn/nxac055,National Longitudinal Study of Adolescent to Adult Health (Add Health),true,true,A nationally representative cohort that began in 1994‑1995 with adolescents (grades 7‑12) and has followed participants into adulthood across multiple waves.,"University of North Carolina at Chapel Hill, Carolina Population Center (addhealth_contracts@unc.edu)",Public health / epidemiology
pub.1146219134,"Measuring Food Insecurity in Older Adults Using Both Physical and Economic Food Access, NHANES 2013–18",10.1093/jn/nxac058,What We Eat in America (WWEIA),true,true,The dietary recall component of NHANES that collects 24‑hour food intake information via the USDA Automated Multiple‑Pass Method.,NHANES (U.S. National Center for Health Statistics),Nutrition/Dietary Intake
pub.1146483303,Social-ecological interactions in a disaster context: Puerto Rican farmer households’ food security after Hurricane Maria,10.1088/1748-9326/ac6004,Puerto Rican farmer household survey (405 respondents),true,true,"Primary questionnaire administered to 405 Puerto Rican farmer households covering food‑security, demographics, farm characteristics, and adaptation variables.",Collected by the authors in collaboration with the University of Puerto Rico‑Mayagüez Extension Service.,Social‑ecological research / Food security
pub.1146483303,Social-ecological interactions in a disaster context: Puerto Rican farmer households’ food security after Hurricane Maria,10.1088/1748-9326/ac6004,USGS Hurricane‑Maria landslide inventory (Science Base Catalog),true,true,Geospatial point dataset of landslides triggered by Hurricane Maria across Puerto Rico.,U.S. Geological Survey (USGS) ScienceBase catalog.,Geoscience / Hazard mapping
pub.1146483303,Social-ecological interactions in a disaster context: Puerto Rican farmer households’ food security after Hurricane Maria,10.1088/1748-9326/ac6004,NOAA National Hurricane Center hurricane‑track data,true,true,Track line of Hurricane Maria including latitude‑longitude positions over time.,National Oceanic and Atmospheric Administration (NOAA) – National Hurricane Center.,Meteorology / Disaster science
pub.1146483303,Social-ecological interactions in a disaster context: Puerto Rican farmer households’ food security after Hurricane Maria,10.1088/1748-9326/ac6004,Harvard Dataverse CCAFS Household Baseline Survey (CCAFS 2015),true,false,Baseline household survey instrument used by the CGIAR CCAFS program for climate‑change related research.,"Harvard Dataverse repository; CGIAR Research Program on Climate Change, Agriculture and Food Security.",Agricultural economics / Climate change
pub.1146568849,Community Food Insecurity and Child Maltreatment Reports: County-Level Analysis of U.S. National Data From 2009 to 2018,10.1177/08862605221080148,National Child Abuse and Neglect Data System (NCANDS) Child Files,true,true,Administrative dataset containing reports of child maltreatment to state child protective services.,"U.S. Department of Health and Human Services, administered by Cornell University",Child welfare / Social services
pub.1146580763,Food Security Impacts of the COVID-19 Pandemic: Longitudinal Evidence from a Cohort of Adults in Vermont during the First Year,10.3390/nu14071358,USDA Household Food Security Survey Module: Six-Item Short Form,true,true,A validated six‑question questionnaire used to assess household food security status.,U.S. Department of Agriculture (USDA),Food security / Public health
pub.1146589346,Food insecurity in households of children with ASD in COVID-19 pandemic: A comparative analysis with the Household Pulse Survey data using stabilized inverse probability treatment weights,10.1016/j.dhjo.2022.101323,Autism Speaks' Food Insecurity Survey (ASFIS),true,true,"A convenience sample survey targeting households of children on the autism spectrum, collecting food insecurity information.",Autism Speaks organization; administered via SurveyMonkey.,Public health / Food security
pub.1146914492,Relationship between social determinants of health and clinical outcomes in adults with type 2 diabetes in Lebanon,10.1016/j.jnma.2022.03.002,Patient Health Questionnaire‑9 (PHQ‑9),true,true,A 9‑item self‑report instrument measuring severity of depressive symptoms.,"Kroenke, Spitzer, Williams (2001) – cited in the manuscript",Mental health / Clinical assessment
pub.1146914492,Relationship between social determinants of health and clinical outcomes in adults with type 2 diabetes in Lebanon,10.1016/j.jnma.2022.03.002,Adverse Childhood Experiences (ACE) questionnaire,true,true,A 10‑item survey measuring exposure to adverse experiences in childhood.,Felitti et al. (1998) – cited in the manuscript,Public health / Psychosocial risk factors
pub.1146914492,Relationship between social determinants of health and clinical outcomes in adults with type 2 diabetes in Lebanon,10.1016/j.jnma.2022.03.002,Diabetes Fatalism Scale (Arabic version),true,true,"A 12‑item instrument measuring emotional distress, perceived self‑efficacy, and spiritual coping related to diabetes.",Adapted and validated by the research team (cited as reference 25),Behavioral health / Diabetes management
pub.1146914492,Relationship between social determinants of health and clinical outcomes in adults with type 2 diabetes in Lebanon,10.1016/j.jnma.2022.03.002,Arab Family Food Security Scale,true,false,"A locally adapted food‑security questionnaire for Arab families, derived from the US HFSSM.",Sahyoun et al. (citation 27),Nutrition security / Public health
pub.1147033339,Food Insecurity and Mental Well-Being Among Low-Income Families During COVID-19 Pandemic,10.1177/08901171221089627,Perceived Stress Scale (PSS),true,true,A 10‑item self‑report scale measuring perceived stress over the past month.,"Cohen, Kamarck & Mermelstein (1983)",Psychology / mental health
pub.1147033339,Food Insecurity and Mental Well-Being Among Low-Income Families During COVID-19 Pandemic,10.1177/08901171221089627,Neuro‑QoL Anxiety Short Form,true,true,An 8‑item short form from the Neuro‑QoL measurement system assessing anxiety levels.,Neuro‑QoL project (NIH),Mental health / neurology
pub.1147033339,Food Insecurity and Mental Well-Being Among Low-Income Families During COVID-19 Pandemic,10.1177/08901171221089627,Neuro‑QoL Depression Short Form,true,true,An 8‑item short form from the Neuro‑QoL system measuring depressive symptoms.,Neuro‑QoL project (NIH),Mental health / neurology
pub.1147033339,Food Insecurity and Mental Well-Being Among Low-Income Families During COVID-19 Pandemic,10.1177/08901171221089627,NIH Toolbox Sadness Parent Report Fixed Form,true,true,"A 7‑item parent‑report measure of child sadness, part of the NIH Toolbox suite.",NIH Toolbox,Child psychology / mental health
pub.1147033339,Food Insecurity and Mental Well-Being Among Low-Income Families During COVID-19 Pandemic,10.1177/08901171221089627,NIH Toolbox Fear‑Over Anxious Parent Report Fixed Form,true,true,"A 6‑item parent‑report scale measuring child fear, worry, and hyperarousal.",NIH Toolbox,Child psychology / mental health
pub.1147119725,Food insecurity and adverse childhood experiences: a systematic review,10.1093/nutrit/nuac029,Behavioral Risk Factor Surveillance System (BRFSS),true,false,"A telephone survey system collecting data on health‑related risk behaviors, chronic health conditions, and use of preventive services.",Mentioned as an alternative food insecurity measure in primary studies.,Public health / Epidemiology
pub.1147119725,Food insecurity and adverse childhood experiences: a systematic review,10.1093/nutrit/nuac029,National Youth in Transition Database (NYTD),true,false,A database tracking outcomes for youth transitioning out of foster care and related services.,Mentioned as a reference source for ACEs information.,Social services / Child welfare
pub.1147119725,Food insecurity and adverse childhood experiences: a systematic review,10.1093/nutrit/nuac029,National Longitudinal Study of Adolescent to Adult Health (Add Health),true,false,"A longitudinal cohort study following adolescents into adulthood, collecting health, social, and economic data.",Referenced as evidence linking ACEs and food insecurity.,Public health / Sociology
pub.1147386484,Food insecurity and time use in elderly vs. non‐elderly: An exploratory analysis,10.1002/aepp.13275,Integrated Public Use Microdata Series (IPUMS),true,true,"A data dissemination system that provides harmonized extracts of U.S. census and survey microdata, including ATUS and CPS‑FSS.",University of Minnesota,Social‑science microdata repository
pub.1147386484,Food insecurity and time use in elderly vs. non‐elderly: An exploratory analysis,10.1002/aepp.13275,Survey of Program Dynamics,true,false,A survey dataset that tracks participation in various government assistance programs and associated household outcomes.,Not explicitly stated; likely a government program‑tracking survey,Program evaluation / social policy
pub.1147510986,The Potential Impact of Food Insecurity in an Urban Trauma Population,10.1177/00031348221094217,Distressed Communities Index (DCI),true,true,A composite index that ranks U.S. communities on socioeconomic distress using seven census‑derived indicators.,Economic Innovation Group,Socioeconomic / Public health
pub.1147851888,Association of Food Insecurity with Mental Health Outcomes in Parents and Children,10.1016/j.acap.2022.04.010,National longitudinal study of adolescent to adult health,true,false,A longitudinal cohort study (Add Health) tracking health outcomes from adolescence into adulthood in the United States.,University of North Carolina / Carolina Population Center,Epidemiology / Social science
pub.1147851888,Association of Food Insecurity with Mental Health Outcomes in Parents and Children,10.1016/j.acap.2022.04.010,National Children’s Study,true,false,"A large, long‑term U.S. cohort study designed to assess environmental influences on child health and development.",U.S. National Institute of Child Health and Human Development,Child health and development
pub.1147861576,Food Insecurity and Less Frequent Cooking Dinner at Home Are Associated with Lower Diet Quality in a National Sample of Low-Income Adults in the United States during the Initial Months of the Coronavirus Disease 2019 Pandemic,10.1016/j.jand.2022.05.009,American Community Survey,true,false,"An ongoing survey by the US Census Bureau that provides detailed demographic, social, economic, and housing data.",US Census Bureau,Demography / Survey research
pub.1147861577,The Psychological Distress of Food Insecurity: A Qualitative Study of the Emotional Experiences of Parents and Their Coping Strategies,10.1016/j.jand.2022.05.010,California Health Interview Survey (CHIS),true,false,"A state‑level health survey that collects data on health status, behaviors, and access to care among California residents.","University of California, Los Angeles Center for Health Policy Research",Public Health
pub.1148122090,Food Insecurity and Suicidal Behaviors Among US High School Students*,10.1111/josh.13199,Youth Risk Behavior Survey (YRBS),true,true,"A biennial, school‑based, cross‑sectional survey that monitors health‑related behaviors among U.S. high school students.",CDC Youth Risk Behavior Survey website (https://www.cdc.gov/healthyyouth/data/yrbs/data.htm),Public health / Adolescent health
pub.1148122090,Food Insecurity and Suicidal Behaviors Among US High School Students*,10.1111/josh.13199,Web‑Based Injury Statistics Query and Reporting System (WISQARS),true,false,"CDC’s interactive database providing injury, violent death, and mortality data.",Centers for Disease Control and Prevention (CDC),Injury epidemiology / Public health
pub.1148367263,Additional Fruit and Vegetable Vouchers for Pregnant WIC Clients: An Equity-Focused Strategy to Improve Food Security and Diet Quality,10.3390/nu14112328,10‑item Dietary Screener Questionnaire (DSQ),false,false,A brief dietary assessment tool developed by the NIH to estimate usual intake of fruits and vegetables; responses are transformed into cup‑equivalent estimates.,National Institutes of Health (NIH),Nutrition / Dietary Assessment
pub.1148557439,Association of food security with cardiometabolic health during young adulthood: cross-sectional comparison of American Indian adults with other racial/ethnic groups,10.1136/bmjopen-2021-054162,Add Health (National Longitudinal Study of Adolescent to Adult Health),false,false,"A nationally representative longitudinal cohort study that follows participants from adolescence into adulthood, collecting biometric, survey, and health outcome data across multiple waves.",Carolina Population Center at the University of North Carolina‑Chapel Hill; funded by grant P01‑HD31921.,Public health / epidemiology
pub.1148623508,Improving and Promoting Social Determinants of Health at a System Level,10.1016/j.jcjq.2022.06.004,CMS claims data,false,false,"Administrative claims records from the Centers for Medicare & Medicaid Services containing diagnosis, procedure, utilization, and outcome information for patients.",CMS internal claims database accessed by Prime Healthcare Services,Health Services Research / Clinical Informatics
pub.1148623508,Improving and Promoting Social Determinants of Health at a System Level,10.1016/j.jcjq.2022.06.004,CMS Hospital Compare database,false,false,"Publicly available dataset containing quality, safety, and performance metrics for U.S. hospitals compiled by CMS.",Centers for Medicare & Medicaid Services (Hospital Compare),Hospital Quality / Health Policy
pub.1148623508,Improving and Promoting Social Determinants of Health at a System Level,10.1016/j.jcjq.2022.06.004,American Hospital Association (AHA) database,false,false,"Comprehensive database of U.S. hospitals covering structural, financial, and service‑line information.",American Hospital Association,Hospital Administration / Health Services Research
pub.1148623508,Improving and Promoting Social Determinants of Health at a System Level,10.1016/j.jcjq.2022.06.004,Lown Hospital Index,false,false,"A ranking system that scores U.S. hospitals on social responsibility, equity, value, and outcomes based on 54 metrics.",Lown Institute,Hospital Performance / Health Equity
pub.1148623508,Improving and Promoting Social Determinants of Health at a System Level,10.1016/j.jcjq.2022.06.004,Bundled Payments for Care Improvement (BPCI) Advanced program data,false,false,Claims‑based program data tracking bundled payment episodes and associated patient outcomes.,Centers for Medicare & Medicaid Services – BPCI Advanced,Payment Reform / Outcomes Research
pub.1148645942,The association between food insecurity and gestational weight gain: A systematic review and meta-analysis,10.1016/j.appet.2022.106124,Core Food Security Module (CFSM),true,false,A food‑security assessment tool derived from the USDA module.,Primary studies cited in the systematic review.,Public health / nutrition
pub.1148645942,The association between food insecurity and gestational weight gain: A systematic review and meta-analysis,10.1016/j.appet.2022.106124,Brazilian Household Food Insecurity Measurement Scale (EBIA),true,false,A validated scale for measuring household food insecurity in Brazil.,Primary studies cited in the systematic review.,Public health / nutrition
pub.1148645942,The association between food insecurity and gestational weight gain: A systematic review and meta-analysis,10.1016/j.appet.2022.106124,Radimer/Cornell items,true,false,A set of items originally developed by Radimer and Cornell to assess food insecurity.,Primary studies cited in the systematic review.,Public health / nutrition
pub.1148645942,The association between food insecurity and gestational weight gain: A systematic review and meta-analysis,10.1016/j.appet.2022.106124,United Financial Settlement Services (UFSS),true,false,A questionnaire referenced in a primary study for assessing food insecurity.,Primary study cited in the systematic review.,Public health / nutrition
pub.1148645942,The association between food insecurity and gestational weight gain: A systematic review and meta-analysis,10.1016/j.appet.2022.106124,National Children’s Study,true,false,A large longitudinal cohort study in the United States that collected health and environmental data on children and their families.,Referenced study in the introduction/background.,Epidemiology / public health
pub.1148658585,"Grit Was Associated With Food Insecurity Among Low Income, At-Risk Rural Veterans",10.1093/cdn/nzac065.042,USDA rurality scores,true,true,"Pre‑existing USDA dataset assigning rurality scores to geographic areas, used to define the study sample.",U.S. Department of Agriculture,Geography / Rural Health
pub.1148739692,Food to Overcome Outcomes Disparities: A Randomized Controlled Trial of Food Insecurity Interventions to Improve Cancer Outcomes,10.1200/jco.21.02400,"US Department of Agriculture Household Food Security Survey Module: Three‑Stage Design, With Screeners",true,false,Technical documentation describing the design of the USDA Household Food Security Survey Module.,USDA,Survey methodology
pub.1148739692,Food to Overcome Outcomes Disparities: A Randomized Controlled Trial of Food Insecurity Interventions to Improve Cancer Outcomes,10.1200/jco.21.02400,USDA Food and Nutrition Service FY 2012 Allotments and Deduction Information,true,false,Government report detailing FY 2012 food assistance program allotments.,USDA Food and Nutrition Service,Policy / Nutrition assistance
pub.1148739692,Food to Overcome Outcomes Disparities: A Randomized Controlled Trial of Food Insecurity Interventions to Improve Cancer Outcomes,10.1200/jco.21.02400,Patient Health Questionnaire‑9 (PHQ‑9),true,true,A validated 9‑item self‑report instrument for assessing depressive symptoms.,Kroenke et al.,Mental health / Clinical assessment
pub.1148739692,Food to Overcome Outcomes Disparities: A Randomized Controlled Trial of Food Insecurity Interventions to Improve Cancer Outcomes,10.1200/jco.21.02400,Integrated Cancer Care Access Network,true,false,A network used to identify and enroll eligible cancer patients for the trial.,,Oncology / Clinical research
pub.1148761956,"Community food insecurity predicts child maltreatment report rates across Illinois zip codes, 2011–2018",10.1016/j.annepidem.2022.06.002,Illinois Department of Children and Family Services (DCFS) records,true,true,Administrative records of child protective services investigations and reports in Illinois.,Illinois Department of Children and Family Services,Child welfare / Public health
pub.1148761956,"Community food insecurity predicts child maltreatment report rates across Illinois zip codes, 2011–2018",10.1016/j.annepidem.2022.06.002,Census Gazetteer Files,true,true,Geographic reference files providing latitude‑longitude centroids for U.S. zip codes.,U.S. Census Bureau,Geography / Spatial analysis
pub.1148799508,Racial/Ethnic Disparities in Food Pantry Use and Barriers in Massachusetts during the First Year of the COVID-19 Pandemic,10.3390/nu14122531,MA Statewide Food Access Survey,true,true,"Cross‑sectional online survey of 2,928 Massachusetts adults conducted in 2020‑2021 to assess food access, food insecurity, and pantry use.",Authors’ own data collection via Qualtrics Panels,Public health / Food security
pub.1149003514,Adult Food Security and the Relationship with Adverse Childhood Experiences Among Residents of Appalachian North Carolina,10.13023/jah.0103.03,Behavioral Risk Factor Surveillance System (BRFSS),true,true,"A state‑based telephone survey (landline and cell) conducted by the CDC that collects data on health‑related risk behaviors, chronic health conditions, and use of preventive services among U.S. adults.",Centers for Disease Control and Prevention (CDC) BRFSS website,Public health / Epidemiology
pub.1149003514,Adult Food Security and the Relationship with Adverse Childhood Experiences Among Residents of Appalachian North Carolina,10.13023/jah.0103.03,U.S. Census Bureau Population Estimates Program,true,false,"Program that produces annual estimates of the resident population for the United States, states, counties, and metropolitan areas.",U.S. Census Bureau,Demography / Population statistics
pub.1149003588,Geospatial Analysis of Rurality and Food Banks in Appalachian Ohio,10.13023/jah.0303.09,County Health Rankings,true,true,"A publicly available dataset that aggregates health‑related measures, including socioeconomic indicators, for U.S. counties.",County Health Rankings & Roadmaps program,Public health / Socio‑economic
pub.1149003588,Geospatial Analysis of Rurality and Food Banks in Appalachian Ohio,10.13023/jah.0303.09,U.S. Census Bureau county shapefiles,true,true,Geographic boundary files (shapefiles) for U.S. counties provided by the Census Bureau's TIGER/Line program.,U.S. Census Bureau (TIGER/Line),Geography / GIS
pub.1149003588,Geospatial Analysis of Rurality and Food Banks in Appalachian Ohio,10.13023/jah.0303.09,Ohio Association of Foodbanks partner websites,true,true,Web‑based listings of food‑pantry and soup‑kitchen locations provided by the Ohio Association of Foodbanks and its partner agencies.,Ohio Association of Foodbanks,Emergency food services
pub.1149112602,Household food insecurity and obesity risk in preschool-aged children: A three-year prospective study,10.1016/j.socscimed.2022.115176,US Department of Agriculture Healthy Eating Index (HEI),true,true,A scoring system (0‑100) that evaluates how well a diet aligns with the Dietary Guidelines for Americans.,U.S. Department of Agriculture,Nutrition / Diet quality assessment
pub.1149112602,Household food insecurity and obesity risk in preschool-aged children: A three-year prospective study,10.1016/j.socscimed.2022.115176,CDC Growth Charts for the United States,true,true,Reference growth standards used to calculate age‑ and sex‑adjusted BMI percentiles and z‑scores for children in the U.S.,Centers for Disease Control and Prevention,Pediatrics / Growth assessment
pub.1149112602,Household food insecurity and obesity risk in preschool-aged children: A three-year prospective study,10.1016/j.socscimed.2022.115176,NET‑Works Randomized Clinical Trial dataset,true,true,"Longitudinal data collected from 534 low‑income families over three years, including measures of FI, BMI, dietary intake, and covariates.",NET‑Works trial investigators (University of Minnesota and partners),Child health / Obesity prevention
pub.1149183763,Food insecurity among parents of young children in the United States and Australia: focusing on etiology and outcomes,10.1007/s12571-022-01303-x,Current Population Survey (CPS),true,false,"A monthly survey of U.S. households that collects labor market and demographic data, sometimes including the HFSSM module.",U.S. Census Bureau and Bureau of Labor Statistics,Labor/Economic Statistics
pub.1149183763,Food insecurity among parents of young children in the United States and Australia: focusing on etiology and outcomes,10.1007/s12571-022-01303-x,Australian Bureau of Statistics Food Security Single‑Item Survey,true,false,A single‑item food‑security question used in various Australian surveys conducted by the ABS.,Australian Bureau of Statistics,Nutrition / Food Security
pub.1149183763,Food insecurity among parents of young children in the United States and Australia: focusing on etiology and outcomes,10.1007/s12571-022-01303-x,Australian Health Survey (2011‑13),true,false,A national health survey conducted by the ABS covering health and nutrition indicators for Australian residents.,Australian Bureau of Statistics,Health / Nutrition
pub.1149183763,Food insecurity among parents of young children in the United States and Australia: focusing on etiology and outcomes,10.1007/s12571-022-01303-x,Household Food and Nutrition Survey,true,false,An Australian survey instrument that collects data on household food consumption and nutrition security.,Australian research community (specific agency not specified),Nutrition / Food Security
pub.1149193210,Food insecurity as a social determinant of sexual health and substance use independent of poverty status among men who have sex with men in the United States,10.1016/j.annepidem.2022.06.037,American Men's Internet Survey (AMIS),true,true,"A nationwide online survey of men who have sex with men (MSM) in the United States, collecting behavioral and demographic information.",American Men's Internet Survey (AMIS),Public health / Sexual health
pub.1149193210,Food insecurity as a social determinant of sexual health and substance use independent of poverty status among men who have sex with men in the United States,10.1016/j.annepidem.2022.06.037,National Survey of Family Growth (NSFG),true,false,"A nationally representative survey of U.S. men and women that collects information on family life, marriage and divorce, pregnancy, infertility, use of contraception, and men's and women's health.",,Public health / Demography
pub.1149193210,Food insecurity as a social determinant of sexual health and substance use independent of poverty status among men who have sex with men in the United States,10.1016/j.annepidem.2022.06.037,NCHS 2013 Rural-Urban Classification Scheme,true,true,"A classification system that categorizes U.S. counties into urban, suburban, medium/small metropolitan, and rural based on population density.",National Center for Health Statistics (NCHS),Geography / Public health
pub.1149237728,Using Social Media to Predict Food Deserts in the United States: Infodemiology Study of Tweets,10.2196/34285,USDA FoodData Central Database,true,true,"Comprehensive USDA repository of food composition data, providing nutrient profiles for thousands of foods and branded items.",U.S. Department of Agriculture,Nutrition / Food composition
pub.1149237728,Using Social Media to Predict Food Deserts in the United States: Infodemiology Study of Tweets,10.2196/34285,Twitter Streaming API 1% Sample (Geolocated Tweets),true,true,A real‑time feed that provides a random 1 % of all public tweets; the study retained only those with precise latitude/longitude coordinates.,"Twitter, Inc.",Social media / Public health informatics
pub.1149272027,Development of Older Adult Food Insecurity Index to Assess Food Insecurity of Older Adults,10.1007/s12603-022-1816-6,National Health and Aging Trends Study,true,false,"A longitudinal study of Medicare‑eligible adults aged 65 and older in the United States, collecting health and functional data.",Johns Hopkins University Center for Aging and Health,Aging / Health
pub.1149474393,Food insecurity associated with educational disruptions during the COVID-19 pandemic for college students and the role of anxiety and depression,10.1080/07448481.2022.2093115,CUNY COVID-19 Student Survey (April 2020),true,true,"A population‑representative online survey administered to City University of New York (CUNY) students in April 2020, covering food security, mental health, and educational outcomes.",City University of New York (CUNY) Institutional Review Board approved study,Higher Education / Public Health
pub.1149474396,Food insecurity among female collegiate athletes exists despite university assistance,10.1080/07448481.2022.2098029,Consumer Price Index Data (1913‑2020),true,false,"Historical CPI data spanning over a century, typically used for economic analyses.",U.S. Bureau of Labor Statistics (implied),Economics / Finance
pub.1149708179,Caregiver‐reported household food insecurity and child‐reported food insecurity in relation to eating disorder risk factors and symptoms among preadolescent children,10.1002/eat.23784,Family Food Study (FFS),true,true,A cohort study that collected cross‑sectional data on low‑income households in southeastern Michigan.,University of Michigan,Public Health / Nutrition
pub.1149708179,Caregiver‐reported household food insecurity and child‐reported food insecurity in relation to eating disorder risk factors and symptoms among preadolescent children,10.1002/eat.23784,Child Food Security Assessment (CFSA),true,true,A five‑item questionnaire assessing children's personal experiences of food insecurity.,"Developed by Fram et al., 2013",Nutrition / Food Security
pub.1149708179,Caregiver‐reported household food insecurity and child‐reported food insecurity in relation to eating disorder risk factors and symptoms among preadolescent children,10.1002/eat.23784,Children's Eating Attitudes Test (ChEAT‑24),true,true,A 24‑item self‑report questionnaire measuring eating disorder risk factors in children aged 8‑13.,"Maloney et al., 1988",Psychology / Eating Disorders
pub.1149789918,Food and housing security at a US Hispanic-Serving Institution: An examination before and during the COVID-19 pandemic,10.3389/fpubh.2022.918955,Los Angeles Community College District Survey of Student Basic Needs,true,false,A survey instrument previously administered by the Los Angeles Community College District to assess basic needs (including housing) of its students.,Los Angeles Community College District,Higher‑education student basic‑needs assessment
pub.1149994933,Food insecurity and food consumption among children who receive federal food assistance,10.1016/j.appet.2022.106268,Los Angeles County WIC Surveys (2014 and 2017),true,true,Cross‑sectional surveys of WIC‑participating families conducted in Los Angeles County in 2014 and 2017.,Study data source,Public health / nutrition assistance
pub.1149994933,Food insecurity and food consumption among children who receive federal food assistance,10.1016/j.appet.2022.106268,WIC Administrative Data (for SNAP participation),true,true,Administrative records from the WIC program containing information on household SNAP enrollment.,Study methodology,Public health / nutrition assistance
pub.1150121365,"Housing Instability, Food Insecurity, and Barriers to Healthy Eating",10.1111/fcsr.12454,National Survey of American Families (NSAF),true,false,"A survey that collected information on family structure, economic conditions, and related topics.",Not specified in the text.,"Family studies, sociology"
pub.1150121365,"Housing Instability, Food Insecurity, and Barriers to Healthy Eating",10.1111/fcsr.12454,National Survey of Homeless Assistance Providers and Clients,true,false,A national survey of agencies that provide services to homeless individuals and of the clients they serve.,Not specified in the text.,"Homelessness, public health"
pub.1150121365,"Housing Instability, Food Insecurity, and Barriers to Healthy Eating",10.1111/fcsr.12454,Fragile Families and Child Wellbeing Study,true,false,"A longitudinal cohort study that follows families with children born in large U.S. cities, collecting data on health, economic, and family outcomes.",Not specified in the text.,"Sociology, child development, public health"
pub.1150265156,Unpacking determinants and consequences of food insecurity for insulin resistance among people living with HIV: Conceptual framework and protocol for the NOURISH-OK study,10.3389/fcdhc.2022.947552,Automated Self-Administered 24-hour Dietary Assessment Tool (ASA24®),true,true,Web-based tool that generates 24‑hour dietary recall data; produces a dataset of nutrient intakes.,Citation 91 in the manuscript.,Nutrition / Dietary assessment
pub.1150360381,Prevalence of Food Insecurity in a Community College District: Relationship Between Food Security and Grade Point Average,10.1080/10668926.2022.2114035,Adult Food Security Survey Module (AFSSM),true,true,"A 10‑item survey instrument derived from the USDA Household Food Security Survey Module, used to classify respondents into food‑security categories.",,Nutrition / Food Security
pub.1150360381,Prevalence of Food Insecurity in a Community College District: Relationship Between Food Security and Grade Point Average,10.1080/10668926.2022.2114035,U.S. Census data (community poverty rates),true,true,Aggregate demographic and economic data from the U.S. Census used to describe community poverty levels surrounding the college campuses.,U.S. Census Bureau,Demography / Socio‑economic
pub.1150360381,Prevalence of Food Insecurity in a Community College District: Relationship Between Food Security and Grade Point Average,10.1080/10668926.2022.2114035,Economic Research Service (ERS) USDA food‑security classification data (2012),true,true,Official USDA ERS guidelines defining food‑security score ranges for the HFSSM/AFSSM instruments.,USDA Economic Research Service,Nutrition / Food Security
pub.1150391609,Food Insecurity among Low-Income Households with Children Participating in a School-Based Fruit and Vegetable Co-Op,10.3390/children9081250,2‑item Hunger Vital Signs,true,false,A brief screening tool consisting of two questions to identify households at risk of food insecurity.,,Nutrition / Food Security
pub.1150473760,Development of a Comprehensive Household Food Security Tool for Families with Young Children and/or Pregnant Women in High Income Countries,10.3390/ijerph191710543,Food and Agriculture Organization's Food Insecurity Experience Scale,true,false,A standardized questionnaire developed by FAO to measure food insecurity at the individual and household level.,Food and Agriculture Organization of the United Nations (FAO),Food Security
pub.1150473760,Development of a Comprehensive Household Food Security Tool for Families with Young Children and/or Pregnant Women in High Income Countries,10.3390/ijerph191710543,Cornell Child Food Security Measure,true,false,A child‑focused food security questionnaire developed at Cornell University.,Cornell University,Nutrition / Child Health
pub.1150473760,Development of a Comprehensive Household Food Security Tool for Families with Young Children and/or Pregnant Women in High Income Countries,10.3390/ijerph191710543,Hager two‑item screen,true,false,A brief two‑question screen for household food insecurity developed by Hager et al.,Hager et al.,Public Health
pub.1150473760,Development of a Comprehensive Household Food Security Tool for Families with Young Children and/or Pregnant Women in High Income Countries,10.3390/ijerph191710543,Girard four‑point tool,true,false,A four‑point questionnaire for assessing household food security.,Girard et al.,Nutrition / Public Health
pub.1150553810,Assessing the Relationship Between Emergency Food Assistance and Social Vulnerability During the COVID-19 Pandemic,10.1007/s12061-022-09478-8,American Community Survey (ACS),true,true,"Annual survey by the U.S. Census Bureau providing demographic, social, economic, and housing data at multiple geographic levels.",U.S. Census Bureau,Demographics / Socio‑economic statistics
pub.1150553810,Assessing the Relationship Between Emergency Food Assistance and Social Vulnerability During the COVID-19 Pandemic,10.1007/s12061-022-09478-8,Emergency Food Transfer (EFT) dataset,true,true,"Administrative records of individual emergency food transfers (date, address, number of transfers) collected from local food banks and pantries.","Five local emergency food providers in El Paso County (El Pasoans Fighting Hunger Food Bank, Kelly Center for Hunger Relief, etc.)",Emergency food assistance / Public health
pub.1150574439,"Development of new measures to assess household nutrition security, and choice in dietary characteristics",10.1016/j.appet.2022.106288,FRESH foods survey,true,true,"A survey instrument that captures frequency of consumption of whole fruits and vegetables, developed in prior research.","Calloway, Seligman, et al., 2019 (published study)",Nutrition / Dietary intake
pub.1150574439,"Development of new measures to assess household nutrition security, and choice in dietary characteristics",10.1016/j.appet.2022.106288,Behavioral Risk Factor Surveillance System (BRFSS),true,true,"A large, ongoing telephone/online health survey conducted by the CDC that collects data on health-related risk behaviors, chronic health conditions, and use of preventive services.",Centers for Disease Control and Prevention (CDC),Public health / Epidemiology
pub.1150574439,"Development of new measures to assess household nutrition security, and choice in dietary characteristics",10.1016/j.appet.2022.106288,"Food, Life, Activity, Sun, and Healthy Eating (FLASHE) study",true,true,"A research study and dataset collected by the National Cancer Institute that includes questionnaires on diet, physical activity, and other health behaviors among adolescents and parents.",National Cancer Institute (NCI),Nutrition / Health behavior
pub.1150579970,The Risk for Food Insecurity and Suicide Ideation among Young Adults in the United States: The Mediating Roles of Perceived Stress and Social Isolation,10.1177/21568693221120066,National Longitudinal Study of Adolescent to Adult Health (Add Health),true,true,"A longitudinal cohort study that follows a nationally representative sample of U.S. adolescents into adulthood, providing rich health, social, and economic variables.","Add Health Program, funded by NICHD and other federal agencies.","Public health, sociology, epidemiology"
pub.1150579970,The Risk for Food Insecurity and Suicide Ideation among Young Adults in the United States: The Mediating Roles of Perceived Stress and Social Isolation,10.1177/21568693221120066,CDC WONDER Online Database,true,false,"An online public health information system that provides access to a wide variety of public health data sets, including mortality and population data.",Centers for Disease Control and Prevention (CDC).,"Epidemiology, vital statistics"
pub.1150752374,Food Insecurity and Health Behaviors Among a Sample of Undergraduate Students at an Urban University,10.1080/19320248.2022.2119119,Pittsburgh Sleep Quality Index (PSQI),true,true,A validated 19‑item questionnaire that yields a global sleep quality score.,Standardized sleep assessment tool employed in the survey.,Sleep research / Public health
pub.1150752374,Food Insecurity and Health Behaviors Among a Sample of Undergraduate Students at an Urban University,10.1080/19320248.2022.2119119,Beverage Questionnaire-15 (BEVQ-15),true,true,"A 15‑item questionnaire that quantifies habitual beverage intake, including sugar‑sweetened beverages.",Validated beverage intake instrument incorporated into the survey.,Nutrition / Dietary assessment
pub.1150752374,Food Insecurity and Health Behaviors Among a Sample of Undergraduate Students at an Urban University,10.1080/19320248.2022.2119119,Eating At America’s Table Study (EATS),true,true,A dietary assessment tool that records frequency and portion size of fruit and vegetable intake.,NIH‑developed questionnaire integrated into the study survey.,Nutrition / Dietary assessment
pub.1150797390,Contributing Factors to Dietary Quality and Food Security in Low-Income Households with Children in the United States: A Scoping Review,10.1101/2022.09.06.22279548,Healthy Communities Study,true,false,"A large, multi‑site study examining environmental, community, and individual factors influencing child health outcomes.",National Institutes of Health (NIH) funded project,Public Health/Child Nutrition
pub.1150797390,Contributing Factors to Dietary Quality and Food Security in Low-Income Households with Children in the United States: A Scoping Review,10.1101/2022.09.06.22279548,Study of Latino Youth (SOL Youth),true,false,A cohort study focusing on health and nutrition of Latino children and adolescents in the United States.,"National Heart, Lung, and Blood Institute (NHLBI) funded cohort",Epidemiology/Child Health
pub.1150922870,Food insecurity among African Americans in the United States: A scoping review,10.1371/journal.pone.0274434,Six-Item Short Form of the Food Security Survey Module,true,false,A shortened version of the USDA Household Food Security Survey Module consisting of six items.,Primary studies included in the scoping review,Public health / Nutrition
pub.1150922870,Food insecurity among African Americans in the United States: A scoping review,10.1371/journal.pone.0274434,Survey of Income and Program Participation (SIPP),true,false,"A longitudinal survey conducted by the U.S. Census Bureau that collects data on income, program participation, and other demographic variables.",Primary studies included in the scoping review,Economics / Social science
pub.1150922870,Food insecurity among African Americans in the United States: A scoping review,10.1371/journal.pone.0274434,US Adult Food Security Survey Module,true,false,An adult‑specific adaptation of the USDA Household Food Security Survey Module.,Primary studies cited in the review,Public health / Nutrition
pub.1150922870,Food insecurity among African Americans in the United States: A scoping review,10.1371/journal.pone.0274434,Health and Retirement Study (HRS) Food Insecurity Questionnaire,true,false,A questionnaire embedded within the HRS that captures household food‑security status among older adults.,Primary studies cited in the review,Aging / Public health
pub.1150922870,Food insecurity among African Americans in the United States: A scoping review,10.1371/journal.pone.0274434,2-item screener derived from the 18-Item US Household Food Security Screen,true,false,A brief two‑question version of the USDA 18‑item food security instrument.,Primary studies cited in the review,Public health / Nutrition
pub.1150922870,Food insecurity among African Americans in the United States: A scoping review,10.1371/journal.pone.0274434,3-item adaptation from the USDA Food Insecurity Scale,true,false,A three‑question version derived from the USDA food insecurity instrument.,Primary studies cited in the review,Public health / Nutrition
pub.1150922870,Food insecurity among African Americans in the United States: A scoping review,10.1371/journal.pone.0274434,2007 AIDS Alabama Needs Assessment Survey,true,false,A state‑level survey assessing AIDS‑related needs in Alabama conducted in 2007.,Primary studies cited in the review,Public health / HIV research
pub.1150922870,Food insecurity among African Americans in the United States: A scoping review,10.1371/journal.pone.0274434,Radimer-Cornell Hunger and Food Insecurity Instrument,true,false,A validated survey instrument measuring hunger and food insecurity at the household level.,Primary studies cited in the review,Public health / Nutrition
pub.1150922870,Food insecurity among African Americans in the United States: A scoping review,10.1371/journal.pone.0274434,Food Insufficiency Indicator (from SEED OK Survey),true,false,An indicator derived from the SEED OK Survey measuring food insufficiency.,Primary studies cited in the review,Public health / Survey research
pub.1150922870,Food insecurity among African Americans in the United States: A scoping review,10.1371/journal.pone.0274434,Access to Healthy Foods Scale,true,false,A scale assessing individuals' perceived access to healthy food options.,Primary studies cited in the review,Public health / Nutrition
pub.1150922870,Food insecurity among African Americans in the United States: A scoping review,10.1371/journal.pone.0274434,Food Sufficiency Status,true,false,A composite measure derived from self‑reported questions about food scarcity and coping strategies.,Primary studies cited in the review,Public health / Nutrition
pub.1151003902,Captive Market Pricing and Lack of Transportation: A Survey of Undergraduate Food Insecurity at a Public University in New England,10.1177/08901171221127006,Nutrition Environment Measures Survey in Stores (NEMS‑S),true,true,"A standardized instrument for assessing the nutrition environment of retail food stores, including availability, price, and quality of foods.",Developed by Glanz et al.,Nutrition environment / Food retail assessment
pub.1151003902,Captive Market Pricing and Lack of Transportation: A Survey of Undergraduate Food Insecurity at a Public University in New England,10.1177/08901171221127006,2018 College Health Survey,true,true,A cross‑sectional survey of college students covering health behaviors and outcomes; likely the ACHA‑NCHA III but not explicitly named.,,Higher education health assessment
pub.1151003902,Captive Market Pricing and Lack of Transportation: A Survey of Undergraduate Food Insecurity at a Public University in New England,10.1177/08901171221127006,Behavioral Risk Factor Surveillance System (BRFSS) Questionnaire,true,false,A national telephone survey instrument used to monitor health‑related risk behaviors.,Centers for Disease Control and Prevention (CDC),Public health surveillance
pub.1151152379,Food insecurity and loneliness amongst older urban subsidised housing residents: The importance of social connectedness,10.1111/hsc.14027,Health and Retirement Study (HRS),true,false,"A longitudinal panel study of older Americans that surveys health, retirement, and socioeconomic status.",Reference citation in the bibliography,Aging / Public Health
pub.1151152379,Food insecurity and loneliness amongst older urban subsidised housing residents: The importance of social connectedness,10.1111/hsc.14027,"National Social Life, Health, and Aging Project (NSHAP)",true,false,A nationally representative longitudinal study of health and social factors among older adults in the United States.,Reference citation in the bibliography,Gerontology / Social Epidemiology
pub.1151183035,Food insecurity and physical multimorbidity among adults aged ≥ 50 years from six low- and middle-income countries,10.1007/s00394-022-02999-5,World Health Organization Study on Global Ageing and Adult Health (SAGE),true,true,"A multi‑country longitudinal survey collecting health, socioeconomic, and demographic data from adults in low‑ and middle‑income countries.",World Health Organization,Public health / Epidemiology
pub.1151271369,Disparities in food insecurity during the COVID-19 pandemic: A two-year analysis,10.1016/j.cities.2022.104003,Small Business Pulse Survey (SBPS),true,true,A rapid‑response survey of U.S. small businesses (1‑499 employees) tracking operational impacts of COVID‑19.,U.S. Census Bureau,Business/Economic Survey
pub.1151271369,Disparities in food insecurity during the COVID-19 pandemic: A two-year analysis,10.1016/j.cities.2022.104003,Monthly State Retail Sales (MSRS),true,true,"Monthly estimates of retail sales by state, covering food and beverage categories among others.",U.S. Census Bureau,Economic/Commerce Data
pub.1151706316,Food insecurity among immigrant populations in the United States,10.1007/s12571-022-01322-8,Integrated Public Use Microdata Series (IPUMS) CPS Version 7.0 Food Security Supplement,true,true,"A harmonized, publicly available version of the CPS and its Food Security Supplement provided by the IPUMS project.",IPUMS (University of Minnesota),Social science survey data
pub.1151765405,Pandemic-related socioeconomic disruptions and adverse health outcomes: a cross-sectional study of female caregivers,10.1186/s12889-022-14287-2,Assessing California Communities' Experiences with Safety Net Supports (ACCESS) study,true,true,A primary data collection effort that surveyed low‑income female caregivers of young children in California about socioeconomic disruptions and health outcomes.,Original data collection by the study authors; not publicly available.,"Public health, social epidemiology"
pub.1151765405,Pandemic-related socioeconomic disruptions and adverse health outcomes: a cross-sectional study of female caregivers,10.1186/s12889-022-14287-2,USDA 6‑item Household Food Security Survey Module (HFSSM),true,true,A standardized questionnaire module used to assess household food‑security status; six‑item short form of the USDA HFSSM.,U.S. Department of Agriculture.,"Nutrition, food security research"
pub.1151888645,The dynamic nature of poverty and food insecurity among older adults: Evidence from the Health and Retirement Study,10.1002/aepp.13329,Health and Retirement Study,true,true,"A nationally representative biennial longitudinal survey of Americans age 50+ that includes detailed information on income, assets, poverty, and food security.",Health and Retirement Study (2002‑2018 waves),Social science / Aging and health economics
pub.1151888645,The dynamic nature of poverty and food insecurity among older adults: Evidence from the Health and Retirement Study,10.1002/aepp.13329,Consumer Expenditure Survey,true,false,"A survey that collects information on the buying habits, income, and demographic characteristics of U.S. consumers.",U.S. Census Bureau,Consumer economics / Household finance
pub.1151984821,Measuring food insecurity: An introduction to tools for human biologists and ecologists,10.1002/ajhb.23821,Household Food Insecurity Access Scale (HFIAS),true,false,A 9‑item questionnaire assessing food insecurity over the past 30 days.,FANTA/USAID,Nutrition / Food Security
pub.1151984821,Measuring food insecurity: An introduction to tools for human biologists and ecologists,10.1002/ajhb.23821,Food Insecurity Experience Scale (FIES),true,false,An 8‑item questionnaire measuring individual food insecurity over the past 12 months.,Food and Agriculture Organization (FAO),Nutrition / Food Security
pub.1151984821,Measuring food insecurity: An introduction to tools for human biologists and ecologists,10.1002/ajhb.23821,Escala Latinoamericana y Caribeña de Seguridad Alimentaria (ELCSA),true,false,A 15‑item household food security questionnaire used in Latin America.,,Nutrition / Food Security
pub.1151984821,Measuring food insecurity: An introduction to tools for human biologists and ecologists,10.1002/ajhb.23821,Escala Brasileira de Insegurança Alimentar (EBIA),true,false,A 14‑item food security questionnaire used in Brazil.,,Nutrition / Food Security
pub.1151984821,Measuring food insecurity: An introduction to tools for human biologists and ecologists,10.1002/ajhb.23821,FAO INFOODS Food Composition Tables,true,false,International food composition database providing nutrient values for foods worldwide.,Food and Agriculture Organization (FAO),Nutrition / Dietary Assessment
pub.1151984821,Measuring food insecurity: An introduction to tools for human biologists and ecologists,10.1002/ajhb.23821,CINE Table for Inuit Peoples,true,false,A food composition table specific to Inuit populations.,Centre for Indigenous Peoples' Nutrition and Environment (CINE),Nutrition / Dietary Assessment
pub.1151984821,Measuring food insecurity: An introduction to tools for human biologists and ecologists,10.1002/ajhb.23821,USDA Food Desert Locator,true,false,A GIS‑based dataset identifying low‑access areas to supermarkets and other food retailers in the United States.,United States Department of Agriculture (USDA),Geography / Food Access
pub.1152216067,Living with children and food insecurity in seniors,10.1002/aepp.13333,American Community Survey (ACS),true,false,"An ongoing survey by the U.S. Census Bureau that provides detailed demographic, social, economic, and housing data on the U.S. population.",U.S. Census Bureau,Demography/Social Science
pub.1152228125,"Disparities in food insecurity among Black and White households: An analysis by age cohort, poverty, education, and home ownership",10.1002/aepp.13332,Survey of Income and Program Participation (SIPP),true,false,"A longitudinal survey of U.S. households that collects data on income, program participation, and demographics.",U.S. Census Bureau,Economics / Public policy
pub.1152228125,"Disparities in food insecurity among Black and White households: An analysis by age cohort, poverty, education, and home ownership",10.1002/aepp.13332,CSFII,true,false,The Continuing Survey of Food Intake (CSFII) provides detailed dietary intake information for U.S. households.,U.S. Department of Agriculture,Nutrition / Public health
pub.1152303372,Assessing changes in food pantry access after extreme events,10.1007/s10460-022-10373-8,FEMA Flood Hazard Zones,true,true,Federal Emergency Management Agency flood maps indicating special flood hazard areas.,FEMA,Hydrology / Disaster risk
pub.1152303372,Assessing changes in food pantry access after extreme events,10.1007/s10460-022-10373-8,OpenStreetMap Road Network,true,true,Crowdsourced global road‑network dataset.,OpenStreetMap contributors,Transportation / GIS
pub.1152303372,Assessing changes in food pantry access after extreme events,10.1007/s10460-022-10373-8,Houston Food Bank Pantry Locations,true,true,"List of 162 food‑distribution sites (brick‑and‑mortar, mobile, and super sites) operated by the Houston Food Bank.",Feeding America – Houston Food Bank website,Food assistance / GIS
pub.1152303372,Assessing changes in food pantry access after extreme events,10.1007/s10460-022-10373-8,U.S. Census Block Group Boundaries and Population‑Weighted Centroids,true,true,"Geographic polygon layer for 2,144 block groups in Harris County plus centroid points weighted by population.",U.S. Census Bureau,Geography / Demography
pub.1152303372,Assessing changes in food pantry access after extreme events,10.1007/s10460-022-10373-8,USDA Core Food Security Module (CFSM),true,false,Survey module that adds food‑security questions to the Census Household Survey.,U.S. Department of Agriculture,Food security measurement
pub.1152312344,Food Insecurity Among Older Adults Living in Low- and Middle-Income Countries: A Scoping Review,10.1093/geront/gnac161,World Health Organization Study on Global Ageing (SAGE),true,false,"A longitudinal, multi‑country study on health and ageing sponsored by WHO.",World Health Organization,Aging / Public Health
pub.1152312344,Food Insecurity Among Older Adults Living in Low- and Middle-Income Countries: A Scoping Review,10.1093/geront/gnac161,Food Security Index for the Chinese Elderly (FSICE),true,false,An index developed to assess food security status among older adults in China.,,Food Security
pub.1152412062,"Food Insecurity and COVID-19 Food-Related Perceptions, Practices, and Problems: A 3-State Descriptive Study",10.1017/dmp.2022.250,RAPID Multi-Wave Risk Perception Study,true,true,"An online survey dataset collected between May 19 and July 14, 2020 from 1,260 US adults across Washington, New York, and Louisiana, covering risk perception, information seeking, and protective actions related to COVID‑19.","RAPID project, funded by NSF Grant No. 2028412",Public health / COVID‑19 risk perception
pub.1152412062,"Food Insecurity and COVID-19 Food-Related Perceptions, Practices, and Problems: A 3-State Descriptive Study",10.1017/dmp.2022.250,Household Food Insecurity Access Scale (HFIAS),true,false,A scale developed by USAID to assess the access component of food insecurity at the household level.,USAID/FAO,Food security measurement
pub.1152412062,"Food Insecurity and COVID-19 Food-Related Perceptions, Practices, and Problems: A 3-State Descriptive Study",10.1017/dmp.2022.250,Census Household Pulse Survey (CHPS),true,false,"A rapid, nationally representative survey administered by the U.S. Census Bureau to track household experiences during the pandemic.",U.S. Census Bureau,Public health / Socio‑economic monitoring
pub.1152412062,"Food Insecurity and COVID-19 Food-Related Perceptions, Practices, and Problems: A 3-State Descriptive Study",10.1017/dmp.2022.250,Food and Health Survey,true,false,A survey study (presumably published elsewhere) examining consumer food‑related behaviors during COVID‑19.,Not specified in the excerpt; appears only in citation list.,Consumer behavior / Nutrition
pub.1152442697,Diet Quality and Contextual Factors Influencing Food Choice among Adolescents with Food Security and Food Insecurity in Baltimore City,10.3390/nu14214573,YouthWorks applicant survey data,true,true,"A locally collected survey of adolescents who applied to the YouthWorks employment program in Baltimore City, used as the primary sampling frame for the study.",YouthWorks program (Baltimore City government),Youth employment / Public health
pub.1152543822,Food security status in seniors over their life course,10.1002/aepp.13334,Survey of Income and Program Participation – Adult Well‑being Module (SIPP),true,true,A module of the SIPP survey that asks about ability to pay bills and other economic hardship indicators.,U.S. Census Bureau,Economic insecurity / Social policy
pub.1152543822,Food security status in seniors over their life course,10.1002/aepp.13334,2016 National Survey of Children’s Health,true,false,A nationally representative survey of child health and well‑being conducted in 2016.,U.S. Department of Health and Human Services,Public health / Child health
pub.1152543822,Food security status in seniors over their life course,10.1002/aepp.13334,Early Childhood Longitudinal Study – Kindergarten Cohort (ECLS‑K),true,false,A longitudinal study tracking a cohort of children from kindergarten onward.,National Center for Education Statistics,Education / Child development
pub.1152543822,Food security status in seniors over their life course,10.1002/aepp.13334,Survey of Program Dynamics,true,false,A longitudinal survey that tracks participation in various social programs over time.,,Social program evaluation
pub.1152553896,"Participatory mapping to address neighborhood level data deficiencies for food security assessment in Southeastern Virginia, USA",10.1186/s12942-022-00314-3,2020 US Census (block level),true,true,Decennial census providing demographic counts at block level for the United States.,United States Census Bureau,Demography / Public health
pub.1152553896,"Participatory mapping to address neighborhood level data deficiencies for food security assessment in Southeastern Virginia, USA",10.1186/s12942-022-00314-3,ArcGIS Business Analyst (SafeGraph data),true,true,"Commercial dataset of points of interest (POI) derived from SafeGraph, accessed via Esri’s Business Analyst platform.",SafeGraph (via Esri ArcGIS Business Analyst),Retail / Food environment
pub.1152553896,"Participatory mapping to address neighborhood level data deficiencies for food security assessment in Southeastern Virginia, USA",10.1186/s12942-022-00314-3,Foodbank of Southeastern Virginia and the Eastern Shore directory,true,true,Directory of food pantry and food‑bank locations maintained by the regional Foodbank organization.,Foodbank of Southeastern Virginia and the Eastern Shore,Food assistance / Community services
pub.1152755048,"Sick, Hungry, and Vulnerable: Federal Stimulus and Food Security on Marginalized Populations During the COVID-19 Pandemic",10.1007/s40615-022-01447-8,Census Bureau Master Address File (MAF),true,true,A comprehensive database of residential addresses used by the Census Bureau for survey sampling.,U.S. Census Bureau,Geographic/Address Data
pub.1153265363,"The Interactions of Food Security, Health, and Loneliness among Rural Older Adults before and after the Onset of COVID-19",10.3390/nu14235076,Rural Indiana Older Adults Household Survey 2020,true,true,"A primary data collection effort targeting older adults (60+) in four rural Indiana counties, comprising 1,482 completed surveys.",Authors; data deposited at Indiana University’s IUScholarWorks (http://hdl.handle.net/2022/26864),"Public health, food security, gerontology"
pub.1153365239,Food insecurity among those with disability: Cross‐survey comparison of estimates and implications for future research,10.1002/aepp.13336,Integrated Public Use Microdata Series (IPUMS),true,true,"A project that harmonizes and distributes U.S. Census and survey microdata, including CPS‑FSS.",University of Minnesota.,Social science data infrastructure
pub.1153365239,Food insecurity among those with disability: Cross‐survey comparison of estimates and implications for future research,10.1002/aepp.13336,Survey of Program Dynamics,true,false,A large‑scale survey that includes a food‑security module (specifics not detailed).,,
pub.1153365239,Food insecurity among those with disability: Cross‐survey comparison of estimates and implications for future research,10.1002/aepp.13336,Survey of Income and Program,true,false,Another large‑scale survey with a food‑security component.,,
pub.1153368497,Medically tailored meals for food insecurity and type 2 diabetes: Protocol for the food as medicine for diabetes (FAME-D) trial,10.1016/j.cct.2022.107039,"PRAPARE (Protocol for Responding to and Assessing Patients’ Assets, Risks, and Experiences)",true,false,A standardized set of social determinants of health screening questions used in clinical settings.,National Association of Community Health Centers,Social Determinants of Health
pub.1153401961,Relationship between food insecurity and housing instability on quality of care and quality of life in adults with diabetes,10.1371/journal.pone.0278650,Behavioral Risk Factor Surveillance System (BRFSS),true,true,A state‑based telephone survey that collects health‑related data from U.S. adults.,https://www.cdc.gov/brfss/annual_data/annual_2014.html and https://www.cdc.gov/brfss/annual_data/annual_2017.html,Public health / epidemiology
pub.1153526815,The relationship between fecal incontinence and food insecurity in United States women: an analysis of 2005–2010 National Health and Nutrition Examination Survey,10.1016/j.ajog.2022.12.007,Bowel Health Questionnaire,true,true,"A questionnaire module within NHANES that assesses bowel health, including fecal incontinence.",NHANES questionnaire suite,Gastroenterology / epidemiology
pub.1153526815,The relationship between fecal incontinence and food insecurity in United States women: an analysis of 2005–2010 National Health and Nutrition Examination Survey,10.1016/j.ajog.2022.12.007,NHANES Individual Foods (First Day and Second Day) dietary interview,true,true,"Two 24‑hour dietary recall datasets collected in NHANES, providing detailed food and nutrient intake information.",NHANES dietary interview component,Nutrition / dietetics
pub.1153547876,What Is Associated with Changes in Food Security among Low-Income Residents of a Former Food Desert?,10.3390/nu14245242,"Pittsburgh Hill/Homewood Research on Eating, Shopping, and Health (PHRESH)",true,true,"A longitudinal cohort study of randomly selected households in low‑income, predominantly Black neighborhoods in Pittsburgh, collecting data on food shopping behavior, food security, and related health outcomes.",PHRESH study investigators (RAND Corporation),Public health / Nutrition epidemiology
pub.1153547876,What Is Associated with Changes in Food Security among Low-Income Residents of a Former Food Desert?,10.3390/nu14245242,USDA Adult Food Security Survey Module,true,true,A validated questionnaire instrument consisting of 10 items that assesses adult food security status over the prior 12 months.,U.S. Department of Agriculture,Nutrition / Food security assessment
pub.1153613181,Development of three new multidimensional measures to assess household food insecurity resilience in the United States,10.3389/fpubh.2022.1048501,Behavioral Risk Factor Surveillance System (BRFSS),true,true,"An ongoing telephone survey that collects state‑level data about health‑related risk behaviors, chronic health conditions, and use of preventive services.",Centers for Disease Control and Prevention (CDC),Public Health / Epidemiology
pub.1153660572,Quantifying “local food” online and social media in the United States for 2018–2021,10.1186/s40066-022-00397-y,NetBase Social Media Dataset,true,true,"A proprietary collection of online and social media mentions (tweets, posts, news articles, forums, etc.) related to local food in the United States from 2018‑2021, obtained via the NetBase listening platform.","NetBase Solutions, Inc.",Social media analytics / Food systems research
pub.1153729299,Combating food insecurity and creating sustenance: addressing the root causes of hunger in the US through political empowerment and public policy engagement,10.1080/13549839.2022.2155943,Journeys Home Survey,true,false,"A survey dataset focusing on the experiences of individuals facing homelessness and food insecurity, used in prior research to analyze intersecting vulnerabilities.",Authors of the cited study (not specified in the excerpt),Social Science / Public Health
pub.1153761407,Food insecurity among New York City taxi and for-hire vehicle drivers,10.3233/wor-211471,Medical Expenditure Panel Survey (MEPS),true,false,A set of large-scale surveys of health care use and expenditures in the United States.,Agency for Healthcare Research and Quality,Health services research
pub.1153761407,Food insecurity among New York City taxi and for-hire vehicle drivers,10.3233/wor-211471,Behavioral Risk Factor Surveillance System (BRFSS),true,false,"A state‑based telephone survey that collects data on health‑related risk behaviors, chronic health conditions, and use of preventive services.",CDC,Public health surveillance
pub.1153874715,Are Remitters at Risk for Lower Food Security and Dietary Quality? An Exploratory Study of Mexican Immigrants in NYC,10.1101/2022.12.20.22283288,Automated Self‑Administered 24‑hour Dietary Assessment Tool (ASA24),true,true,An online tool that collects 24‑hour dietary recall data and outputs nutrient and food group information for diet quality scoring.,US Department of Agriculture (USDA) National Cancer Institute,Nutrition / Dietary Assessment
pub.1153874715,Are Remitters at Risk for Lower Food Security and Dietary Quality? An Exploratory Study of Mexican Immigrants in NYC,10.1101/2022.12.20.22283288,National Latino Asian American Survey (NLAAS),true,true,"A nationally representative survey of Latino and Asian American adults in the United States that includes modules on immigration, economics, and health.",University of Michigan Institute for Social Research,Sociology / Immigration
pub.1153934065,Unraveling the Channels of Food Security of the Households in Northern Kenya: Evidence from an Exclusive Dataset,10.1016/j.cdnut.2022.100005,"Feed the Future Northern Kenya Interim Survey 2015 (Feed the Future household survey, FEEDBACK ZOI Interim Survey)",true,true,"A household‑level survey collected under the USAID Feed the Future program covering socioeconomic, demographic, and food‑security variables for households in northern Kenya.","USAID Feed the Future program, publicly released on Data.gov",Development Economics / Food Security
pub.1154085276,"Childhood food insecurity, mental distress in young adulthood and the supplemental nutrition assistance program",10.1016/j.ypmed.2022.107409,Child Development Supplement (CDS) to PSID,true,true,"A supplement to the PSID that collects detailed information on child development, health, and home environment.",PSID Child Development Supplement.,Child development / Public health
pub.1154085276,"Childhood food insecurity, mental distress in young adulthood and the supplemental nutrition assistance program",10.1016/j.ypmed.2022.107409,Transition to Adulthood Supplement (TAS) to PSID,true,true,"A PSID supplement that follows original child respondents into young adulthood, collecting health, education, and employment data.",PSID Transition to Adulthood Supplement.,Adult health / Longitudinal studies
pub.1154120139,How are Income and Assets Associated with Food Insecurity? An Application of the Growth Mixture Modeling,10.1007/s11205-022-03053-x,Survey of Program Dynamics,true,false,A longitudinal survey that tracks program participation and outcomes for U.S. households.,Not explicitly stated; likely a research survey referenced in the literature.,Program Evaluation / Social Policy
pub.1154444358,"Food insecurity, diet and mental distress among resource insecure students during COVID-19",10.1093/emph/eoad001,National Health Interview Survey (NHIS),true,false,"A large‑scale, cross‑sectional household interview survey that collects information on a broad range of health topics from the U.S. civilian non‑institutionalized population.",U.S. Centers for Disease Control and Prevention (CDC),Health
pub.1154505518,Food Security is Associated with Higher Diet Quality Among Children of the US–Affiliated Pacific Region,10.1016/j.tjnut.2023.01.015,Children's Healthy Living Program (CHL) baseline data,true,true,Primary data collected from children and caregivers across US‑affiliated Pacific jurisdictions for the CHL study.,Children's Healthy Living Program,Nutrition / Public Health
pub.1154505518,Food Security is Associated with Higher Diet Quality Among Children of the US–Affiliated Pacific Region,10.1016/j.tjnut.2023.01.015,Pacific Tracker3 (PacTrac3) food composition database,true,true,"A food composition database tailored to Pacific region foods, used for nutrient analysis of dietary records.",University of Hawaii Cancer Center,Nutrition / Dietary Assessment
pub.1154505518,Food Security is Associated with Higher Diet Quality Among Children of the US–Affiliated Pacific Region,10.1016/j.tjnut.2023.01.015,USDA Economic Research Service Food Security Status of US Households in 2020,true,false,Published USDA report on food security status of US households for the year 2020.,USDA Economic Research Service,Food Security
pub.1155015535,"Grit but Not Help-Seeking Was Associated with Food Insecurity among Low Income, At-Risk Rural Veterans",10.3390/ijerph20032500,Reaching Rural Veterans (RRV) pilot dataset,true,true,"Longitudinal pilot data collected from food‑pantry outreach events targeting rural veterans, including questionnaire responses on demographics, food security, grit, and help‑seeking.",Authors' own field data collection (RRV project),Public Health / Veteran Studies
pub.1155015535,"Grit but Not Help-Seeking Was Associated with Food Insecurity among Low Income, At-Risk Rural Veterans",10.3390/ijerph20032500,U.S. Census Bureau Population and Housing Unit Estimates,true,false,Annual estimates of the U.S. population and housing units produced by the Census Bureau.,U.S. Census Bureau,Demography
pub.1155015535,"Grit but Not Help-Seeking Was Associated with Food Insecurity among Low Income, At-Risk Rural Veterans",10.3390/ijerph20032500,USDA Rural Classifications (Economic Research Service),true,false,Classification scheme defining rural vs. urban counties based on population density and commuting patterns.,USDA Economic Research Service,Agriculture / Rural Studies
pub.1155223421,Impact of Food Insecurity and Undernutrition on Frailty and Physical Functioning in Aging People With HIV in the United States,10.1097/jnc.0000000000000395,Rapid Eating Assessment for Participants (REAP),false,false,A dietary screening questionnaire evaluating frequency of consumption of various food groups; modified for this study.,"Gans et al., 2006 (original REAP development)",Nutrition assessment
pub.1155381401,"Food Insecurity, the Food Environment, and COVID-19 in Rural South Carolina",10.1097/fch.0000000000000355,Rural South Carolina COVID-19 Food Environment Survey,true,true,"A purpose‑built, cross‑sectional survey of 587 low‑income rural adults assessing food access, food security, physical activity, and demographic characteristics during the COVID‑19 pandemic.",Authors (Clemson University research team),Public Health / Food Environment
pub.1155521462,Effect of Canada Child Benefit on Food Insecurity: A Propensity Score−Matched Analysis,10.1016/j.amepre.2023.01.027,Canadian Income Survey (CIS),true,true,"A nationally representative, annual cross‑sectional survey collecting data on individuals' income, income sources, and sociodemographic characteristics in Canada.",Statistics Canada,Social/Economic Survey
pub.1155710178,Household food insecurity and childhood obesity/overweight among children with special healthcare needs: Results from a nationally representative sample of 10–17 years old U.S. children,10.1111/ijpo.13015,Medical Expenditure Panel Survey (MEPS),true,false,"Longitudinal survey of health care use, expenditures, and insurance coverage of the U.S. civilian non‑institutionalized population.",Agency for Healthcare Research and Quality (AHRQ),Health economics / Health services research
pub.1155892271,"Hospital-Based, Community Teaching Kitchen Integrates Diabetes Education, Culinary Medicine, and Food Assistance: Case Study During the COVID-19 Pandemic",10.1007/s11606-022-07931-5,Behavioral Risk Factor Surveillance System,true,false,"A telephone survey system collecting data on health-related risk behaviors, chronic health conditions, and use of preventive services in the U.S.",CDC,"Public health, epidemiology"
pub.1155949241,Disparities and Determinants of Food Insecurity for New Mexico’s Unique Populations,10.1007/s41996-023-00113-3,Small Area Income and Poverty Estimates,true,false,Annual estimates of income and poverty for U.S. counties and school districts.,U.S. Census Bureau,Economic statistics
pub.1155949241,Disparities and Determinants of Food Insecurity for New Mexico’s Unique Populations,10.1007/s41996-023-00113-3,U.S. Census Bureau QuickFacts,true,false,"Online tool that provides summary statistics for U.S. states, counties, and cities.",U.S. Census Bureau,Demography
pub.1156304476,From Syringes to Dishes: Improving Food Security Through Vaccination,10.2139/ssrn.4390226,Household Pulse Survey (HPS),true,true,A rapid‑turnaround survey conducted by the U.S. Census Bureau to capture household experiences during the COVID‑19 pandemic.,U.S. Census Bureau (https://www.census.gov/programs-surveys/household-pulse-survey.html),Public health / Labor economics
pub.1156304476,From Syringes to Dishes: Improving Food Security Through Vaccination,10.2139/ssrn.4390226,COVID-19 U.S. State Policy (CUSP) database,true,true,"A compiled dataset of state‑level COVID‑19 policies, including vaccine eligibility dates and criteria.",Oxford COVID‑19 Government Response Tracker / CUSP project (https://www.covidpolicytracker.org),Public policy / Epidemiology
pub.1156309782,Delivering Food Resources and Kitchen Skills (FoRKS) to Adults with Food Insecurity and Hypertension: A Pilot Study,10.3390/nu15061452,Four‑Domain Food Insecurity Scale (4D‑FIS),true,true,"A 16‑item instrument that expands USDA HFSSM by assessing quantitative, qualitative, psychological, and social dimensions of food insecurity.",Developed by researchers; referenced in the paper's citations.,Food security / Public health
pub.1156309782,Delivering Food Resources and Kitchen Skills (FoRKS) to Adults with Food Insecurity and Hypertension: A Pilot Study,10.3390/nu15061452,Automated Self‑Assisted 24‑h Dietary Recall Tool (ASA‑24),true,true,Web‑based 24‑hour dietary recall system that records detailed food and nutrient intake.,National Cancer Institute (NCI),Nutrition / Dietary assessment
pub.1156533500,Food Insecurity and Adequacy of Dietary Intake in Youth and Young Adults With Youth-Onset Type 1 and Type 2 Diabetes,10.1016/j.jand.2023.03.013,SEARCH for Diabetes in Youth Study,true,true,"A multicenter observational cohort of youth‑onset diabetes in the United States, collecting clinical, survey, and dietary information.",National Institutes of Health (NIH) funded cohort; coordinated by CDC and academic centers,Diabetes / Clinical epidemiology
pub.1156670981,Achieving a healthy home food environment: perspectives on parents’ nutrition education needs when living with food insecurity,10.1186/s41110-023-00203-0,USDA Economic Research Service Household Food Security in the United States 2020 (Coleman‑Jensen et al.),true,false,Annual USDA ERS report providing national estimates of household food security for 2020.,"U.S. Department of Agriculture, Economic Research Service",Food security / Agricultural economics
pub.1156905867,Association of Food Insecurity With Multiple Forms of Interpersonal and Self-Directed Violence: A Systematic Review,10.1177/15248380231165689,U.S. Women's Interagency HIV Study (WIHS),true,false,A longitudinal cohort study of women living with or at risk for HIV in the United States.,U.S. Women's Interagency HIV Study,Epidemiology / HIV research
pub.1156905867,Association of Food Insecurity With Multiple Forms of Interpersonal and Self-Directed Violence: A Systematic Review,10.1177/15248380231165689,California Women's Health Survey (CWHS),true,false,A state‑level health survey of women in California.,California Women's Health Survey,Public health / women's health
pub.1156905867,Association of Food Insecurity With Multiple Forms of Interpersonal and Self-Directed Violence: A Systematic Review,10.1177/15248380231165689,National Longitudinal Study of Adolescent to Adult Health (Add Health),true,false,A longitudinal cohort study following adolescents into adulthood in the United States.,Add Health,Sociology / health
pub.1156905867,Association of Food Insecurity With Multiple Forms of Interpersonal and Self-Directed Violence: A Systematic Review,10.1177/15248380231165689,Vermont Youth Risk Behavior Surveillance Survey (YRBS),true,false,State‑level surveillance survey monitoring health‑risk behaviors among youth.,Vermont YRBS,Public health / adolescent health
pub.1156905867,Association of Food Insecurity With Multiple Forms of Interpersonal and Self-Directed Violence: A Systematic Review,10.1177/15248380231165689,Canadian Community Health Survey (CCHS),true,false,"A national cross‑sectional survey collecting information on health status, health care utilization, and health determinants in Canada.",Canadian Community Health Survey,Public health / Canada
pub.1156905867,Association of Food Insecurity With Multiple Forms of Interpersonal and Self-Directed Violence: A Systematic Review,10.1177/15248380231165689,U.S. Fragile Families and Child Wellbeing Study,true,false,"A longitudinal study of families with children born in large U.S. cities, focusing on family structure and child outcomes.",Fragile Families and Child Wellbeing Study,Sociology / child development
pub.1156905867,Association of Food Insecurity With Multiple Forms of Interpersonal and Self-Directed Violence: A Systematic Review,10.1177/15248380231165689,Early Childhood Longitudinal Study – Birth Cohort (ECLS‑B),true,false,A nationally representative longitudinal study following children from birth through early elementary school.,Early Childhood Longitudinal Study – Birth Cohort,Education / child development
pub.1156905867,Association of Food Insecurity With Multiple Forms of Interpersonal and Self-Directed Violence: A Systematic Review,10.1177/15248380231165689,U.S. LIFE Experiences Study,true,false,"A survey study examining life experiences, likely related to health and social factors.",U.S. LIFE Experiences Study,Public health / social science
pub.1156905867,Association of Food Insecurity With Multiple Forms of Interpersonal and Self-Directed Violence: A Systematic Review,10.1177/15248380231165689,U.S. National Survey of Children’s Health (NSCH),true,false,A cross‑sectional survey collecting information on the physical and emotional health of children in the United States.,National Survey of Children’s Health,Public health / child health
pub.1156905867,Association of Food Insecurity With Multiple Forms of Interpersonal and Self-Directed Violence: A Systematic Review,10.1177/15248380231165689,Quebec Longitudinal Study of Child Development (QLSCD),true,false,"A longitudinal cohort study tracking child development in Quebec, Canada.",Quebec Longitudinal Study of Child Development,Child development / Canada
pub.1156905867,Association of Food Insecurity With Multiple Forms of Interpersonal and Self-Directed Violence: A Systematic Review,10.1177/15248380231165689,U.S. Online Advocate Survey,true,false,An online survey platform used to collect data on advocacy-related topics.,U.S. Online Advocate,Social research
pub.1156905867,Association of Food Insecurity With Multiple Forms of Interpersonal and Self-Directed Violence: A Systematic Review,10.1177/15248380231165689,Maryland Youth Risk Behavior Survey (YRBS),true,false,State‑level surveillance survey of health‑risk behaviors among high school students in Maryland.,Maryland YRBS,Public health / adolescent health
pub.1157148955,Food insecurity and binge eating: A systematic review and meta‐analysis,10.1002/eat.23956,Radimer/Cornell Food Insecurity Measure,true,false,A questionnaire developed by Radimer and Cornell University to assess individual and household food insecurity.,Radimer & Cornell University,Nutrition / Public Health
pub.1157148955,Food insecurity and binge eating: A systematic review and meta‐analysis,10.1002/eat.23956,Project EAT,true,false,"A longitudinal cohort study (Eating and Activity among Teens) that follows participants from adolescence into adulthood, collecting data on diet, weight, and related psychosocial factors.",University of Minnesota,Nutrition / Epidemiology
pub.1157148955,Food insecurity and binge eating: A systematic review and meta‐analysis,10.1002/eat.23956,Ten‑item US Food Security Survey,true,false,A shortened ten‑question version of the U.S. Household Food Security Survey used to assess food‑security status in adult respondents.,USDA Economic Research Service,Nutrition / Public Health
pub.1157394218,Association Between Material Hardship in Families With Young Children and Federal Relief Program Participation by Race and Ethnicity and Maternal Nativity,10.1001/jamahealthforum.2023.0508,Children's HealthWatch,true,true,"A multisite, prospective repeat cross‑sectional study that collects caregiver‑reported data on families with young children.",Children's HealthWatch study,Public health / child health
pub.1157511620,Food justice in Vermont’s environmentally vulnerable communities,10.1007/s10460-023-10431-9,Behavioral Risk Factor Surveillance System (BRFSS),true,false,"A state‑based telephone survey that collects data on health‑related risk behaviors, chronic health conditions, and use of preventive services.",Centers for Disease Control and Prevention (CDC),Public health / epidemiology
pub.1157511620,Food justice in Vermont’s environmentally vulnerable communities,10.1007/s10460-023-10431-9,U.S. Census,true,true,"Decennial and annual population estimates providing demographic, social, economic, and housing data for the United States.",U.S. Census Bureau,Demography / social sciences
pub.1157511620,Food justice in Vermont’s environmentally vulnerable communities,10.1007/s10460-023-10431-9,U.S. Adult Food Security Survey Module,true,false,USDA questionnaire for measuring food security at the adult level.,U.S. Department of Agriculture,Food security / nutrition
pub.1157511620,Food justice in Vermont’s environmentally vulnerable communities,10.1007/s10460-023-10431-9,National Air Toxics Assessment (NATA),true,true,EPA’s national assessment of air toxics emissions and estimated human exposure at the census‑tract level.,U.S. Environmental Protection Agency,Environmental health / air quality
pub.1157547909,"New measures to assess the “Other” three pillars of food security–availability, utilization, and stability",10.1186/s12966-023-01451-z,"Food, Life, Activity, Sun, and Healthy Eating (FLASHE) study",true,false,A survey dataset on health behaviors among adolescents and parents.,National Cancer Institute,Health behavior
pub.1157547909,"New measures to assess the “Other” three pillars of food security–availability, utilization, and stability",10.1186/s12966-023-01451-z,Behavioral Risk Factor Surveillance System (BRFSS),true,false,A telephone survey system tracking health-related risk behaviors in the U.S.,CDC,Public health
pub.1157547909,"New measures to assess the “Other” three pillars of food security–availability, utilization, and stability",10.1186/s12966-023-01451-z,FRESH foods survey,true,false,A survey instrument measuring fruit and vegetable consumption.,,Nutrition intake assessment
pub.1157547909,"New measures to assess the “Other” three pillars of food security–availability, utilization, and stability",10.1186/s12966-023-01451-z,Nutrition Environment Measures Survey in Stores (NEMS‑S),true,false,An observational tool for assessing the consumer food environment in retail stores.,,Food environment assessment
pub.1157585567,"Rationale and design of the linking education, produce provision, and community referrals to improve diabetes care (LINK) study",10.1016/j.cct.2023.107212,FreshTrak (Food Collective data system),true,true,"Operational database tracking pantry inventory, visit logs, and food distribution details.",Mid‑Ohio Food Collective,Food Assistance / Program Evaluation
pub.1157585567,"Rationale and design of the linking education, produce provision, and community referrals to improve diabetes care (LINK) study",10.1016/j.cct.2023.107212,Diet History Questionnaire III (DHQ‑III),true,true,A validated self‑administered food frequency questionnaire used to estimate nutrient intake and diet quality scores.,National Cancer Institute,Nutrition / Dietary Assessment
pub.1157585567,"Rationale and design of the linking education, produce provision, and community referrals to improve diabetes care (LINK) study",10.1016/j.cct.2023.107212,Veggie Meter dermal carotenoid measurements,true,true,Non‑invasive spectroscopic device that records skin carotenoid levels as a proxy for fruit and vegetable consumption.,Longevity Link Corp.,Nutrition / Biomarker Assessment
pub.1157634112,Measuring Food Insecurity: The Problem with Semantics,10.3390/foods12091816,Household Pulse Survey (HPS),true,false,A rapid-response survey conducted by the U.S. Census Bureau to collect data on how households are coping with the COVID‑19 pandemic.,U.S. Census Bureau,Social/Economic Survey
pub.1157984123,Predictors of food insecurity among older adults before and during COVID-19 in the United States,10.3389/fpubh.2023.1112575,American Community Survey,true,false,"Annual U.S. Census Bureau survey providing detailed demographic, social, economic, and housing data.",U.S. Census Bureau,Demography / public policy
pub.1157984123,Predictors of food insecurity among older adults before and during COVID-19 in the United States,10.3389/fpubh.2023.1112575,USDA Household Food Security Survey,true,false,Standardized questionnaire used to assess household food security status in the United States.,U.S. Department of Agriculture,Nutrition / public health
pub.1157984123,Predictors of food insecurity among older adults before and during COVID-19 in the United States,10.3389/fpubh.2023.1112575,Survey of Program Dynamics,true,false,A longitudinal survey that tracks participation in public assistance programs and related outcomes.,U.S. Department of Health and Human Services,Social policy / economics
pub.1157995952,A Scoping Review of Household Factors Contributing to Dietary Quality and Food Security in Low-Income Households with School-Age Children in the United States,10.1016/j.advnut.2023.05.006,EAT 2010-2018 study,true,false,A longitudinal cohort study tracking eating behaviors and health outcomes of adolescents and emerging adults over 2010‑2018.,,Public Health / Nutrition
pub.1157995952,A Scoping Review of Household Factors Contributing to Dietary Quality and Food Security in Low-Income Households with School-Age Children in the United States,10.1016/j.advnut.2023.05.006,SHoPPER study,true,false,A research study investigating the relationship between household income and the nutritional quality of food purchases.,,Nutrition / Food Purchasing
pub.1158051555,Predictors of Food Insecurity and Childhood Hunger in the Bronx During the COVID-19 Pandemic,10.1007/s10560-023-00927-y,Community Childhood Hunger Identification Project,true,true,An eight‑item index designed to identify hunger in families with children under 12 years old.,,Public health / Child nutrition
pub.1158131400,Food Insecurity Is Associated With Urge Urinary Incontinence: An Analysis of the 2005-2010 National Health and Nutrition Examination Survey,10.1097/ju.0000000000003545,NHANES‑linked mortality study,true,false,A research dataset that links NHANES participant data to national death records to examine mortality outcomes.,NHANES and National Death Index,Epidemiology / Mortality research
pub.1158131400,Food Insecurity Is Associated With Urge Urinary Incontinence: An Analysis of the 2005-2010 National Health and Nutrition Examination Survey,10.1097/ju.0000000000003545,"USDA Economic Research Service Household Food Security Survey Module: Three‑Stage Design, With Screeners",true,false,Technical documentation describing the design and validation of the HFSSM questionnaire.,USDA Economic Research Service,Survey methodology / Nutrition
pub.1158155267,Food insecurity and sleep health by race/ethnicity in the United States,10.1017/jns.2023.18,Behavioral Risk Factor Surveillance System (BRFSS),true,false,"A state‑based telephone survey that collects data on health‑related risk behaviors, chronic health conditions, and use of preventive services.",Centers for Disease Control and Prevention,Public health surveillance
pub.1158196198,Food insecurity among youth seeking eating disorder treatment,10.1016/j.eatbeh.2023.101738,USDA Census Tract Data,true,true,Geographic data from the United States Department of Agriculture that includes census tract level information on income and food access characteristics.,USDA,Public health / Nutrition
pub.1158340707,Household food insecurity during the COVID-19 pandemic is associated with anxiety and depression among US- and foreign-born adults: Findings from a nationwide survey,10.1016/j.jad.2023.05.081,American Community Survey,true,true,"An ongoing US Census Bureau survey that provides detailed demographic, social, economic, and housing data at the individual and household level.",U.S. Census Bureau,Demography / Socio‑economic data
pub.1158443597,Connecting the Dots between Barriers to W.I.C. Access and Adult and Child Food Insecurity: A Survey of Missouri Residents,10.3390/nu15112496,Rural‑Urban Commuting Area Codes (RUCAs),true,true,Geographic classification dataset assigning codes to census tracts based on commuting patterns.,USDA Economic Research Service,Geography / Demographics
pub.1158443597,Connecting the Dots between Barriers to W.I.C. Access and Adult and Child Food Insecurity: A Survey of Missouri Residents,10.3390/nu15112496,WIC Experience Survey (Missouri),true,true,"Original survey data collected from 2,244 Missouri residents about WIC barriers and food insecurity.",Authors' primary data collection,Public Health / Nutrition
pub.1158506482,"The role of sexual orientation in the relationships among food insecurity, food literacy, and disordered eating",10.1016/j.eatbeh.2023.101757,Short Food Literacy Questionnaire (SFLQ),true,true,A 12‑item self‑report questionnaire measuring food literacy/knowledge.,"Krause et al., 2018",Nutrition / Food Literacy
pub.1158506482,"The role of sexual orientation in the relationships among food insecurity, food literacy, and disordered eating",10.1016/j.eatbeh.2023.101757,Eating Attitudes Test (EAT‑26),true,true,A 26‑item questionnaire measuring attitudes and behaviors related to eating disorders.,"Garner et al., 1982",Psychology / Eating Disorders
pub.1158506482,"The role of sexual orientation in the relationships among food insecurity, food literacy, and disordered eating",10.1016/j.eatbeh.2023.101757,Binge Eating Scale (BES),true,true,A 16‑item self‑report scale measuring severity of binge‑eating symptoms.,"Gormally et al., 1982",Psychology / Eating Disorders
pub.1158539195,College students with disabilities report higher rates of food insecurity,10.1016/j.dhjo.2023.101485,College Health and Nutrition Assessment Survey (CHANAS),true,true,"A cross‑sectional survey administered to college students at a northeastern public university to collect demographic, health, and nutrition data.",Data collected by the authors between Fall 2018 and Spring 2020.,Higher education health and nutrition research
pub.1158539195,College students with disabilities report higher rates of food insecurity,10.1016/j.dhjo.2023.101485,Behavioral Risk Factor Surveillance System (BRFSS),true,false,"A large, ongoing telephone survey conducted by the CDC to monitor health‑related risk behaviors.",CDC,Public health surveillance
pub.1158654317,Food insecurity among households with children during the early months of the COVID-19 pandemic,10.5304/jafscd.2023.123.015,Rural‑Urban Commuting Area (RUCA) codes,true,true,A set of geographic classification codes that assign zip codes to urban or rural categories based on commuting patterns.,U.S. Department of Agriculture Economic Research Service (USDA ERS) 2010 RUCA dataset,Geography / Public Health
pub.1159412279,"Historic Residential Redlining and Present-Day Social Determinants of Health, Home Evictions, and Food Insecurity within US Neighborhoods",10.1007/s11606-023-08258-5,Princeton University Eviction Lab,true,true,Database of eviction filings and judgments at the county/census‑tract level.,Princeton University Eviction Lab (via LexisNexis Risk Solutions),Housing / eviction research
pub.1159412279,"Historic Residential Redlining and Present-Day Social Determinants of Health, Home Evictions, and Food Insecurity within US Neighborhoods",10.1007/s11606-023-08258-5,American Community Survey (ACS),true,true,"Annual survey providing detailed demographic, housing, and economic data for US populations.",U.S. Census Bureau,Socio‑economic indicators
pub.1159412279,"Historic Residential Redlining and Present-Day Social Determinants of Health, Home Evictions, and Food Insecurity within US Neighborhoods",10.1007/s11606-023-08258-5,Mapping Inequalities Project,true,true,Open‑source collection of digitized historical Home Owners' Loan Corporation redlining maps.,Mapping Inequalities project,Historical geography / structural racism
pub.1159412279,"Historic Residential Redlining and Present-Day Social Determinants of Health, Home Evictions, and Food Insecurity within US Neighborhoods",10.1007/s11606-023-08258-5,Opportunity Insights,true,true,Large‑scale socioeconomic and demographic datasets derived from US Census and other administrative sources.,Opportunity Insights,Socio‑economic / demographic data
pub.1159412279,"Historic Residential Redlining and Present-Day Social Determinants of Health, Home Evictions, and Food Insecurity within US Neighborhoods",10.1007/s11606-023-08258-5,CDC Places,true,true,CDC's repository of county‑ and tract‑level health‑related data.,Centers for Disease Control and Prevention (CDC),Public health / demographic data
pub.1159412279,"Historic Residential Redlining and Present-Day Social Determinants of Health, Home Evictions, and Food Insecurity within US Neighborhoods",10.1007/s11606-023-08258-5,2000 Decennial Census,true,true,Census conducted every ten years providing comprehensive demographic and housing data.,U.S. Census Bureau,Demographic / housing data
pub.1159467568,Child Care Feeding Programs Associated With Food Security and Health for Young Children From Families With Low Incomes,10.1016/j.jand.2023.06.003,Children's HealthWatch,true,true,"A longitudinal, multi‑city observational cohort that collects survey and clinical data on low‑income families with young children.",Children's HealthWatch research network,Public Health / Child Health
pub.1159730904,"Food Insecurity in the United States: Measurement, Economic Modeling, and Food Assistance Effectiveness",10.1146/annurev-resource-101422-090409,Survey of Income and Program Participation (SIPP),true,false,"A longitudinal panel survey that collects data on income, program participation, and demographic characteristics of U.S. households.",U.S. Census Bureau,Economic/Policy Survey
pub.1159730904,"Food Insecurity in the United States: Measurement, Economic Modeling, and Food Assistance Effectiveness",10.1146/annurev-resource-101422-090409,Early Childhood Longitudinal Study – Birth Cohort (ECLS‑B),true,false,"A nationally representative longitudinal study of children born in 2001, tracking development and outcomes.",U.S. Department of Education,Education/Child Development Survey
pub.1159730904,"Food Insecurity in the United States: Measurement, Economic Modeling, and Food Assistance Effectiveness",10.1146/annurev-resource-101422-090409,National Food Stamp Program Survey (NFSPS),true,false,A survey that collects detailed information on SNAP participation and related variables.,U.S. Department of Agriculture,Food Assistance Survey
pub.1159730904,"Food Insecurity in the United States: Measurement, Economic Modeling, and Food Assistance Effectiveness",10.1146/annurev-resource-101422-090409,Continuing Survey of Food Intake by Individuals (CSFII),true,false,A series of surveys that collected detailed 24‑hour dietary recall data from U.S. individuals.,U.S. Department of Agriculture,Nutrition/Dietary Survey
pub.1159882665,Food Insecurity and Chronic Kidney Disease: Considerations for Practitioners,10.1053/j.jrn.2023.06.001,United States Renal Data System (USRDS) Annual Data Report,true,false,Annual report summarizing US renal disease epidemiology based on USRDS data.,National Institutes of Health,Nephrology / epidemiology
pub.1159882665,Food Insecurity and Chronic Kidney Disease: Considerations for Practitioners,10.1053/j.jrn.2023.06.001,National Poll on Healthy Aging,true,false,A longitudinal survey focusing on health and aging in the US population.,National Institute on Aging,Aging / public health
pub.1159882665,Food Insecurity and Chronic Kidney Disease: Considerations for Practitioners,10.1053/j.jrn.2023.06.001,Kidney Early Evaluation Program (KEEP),true,false,A community‑based screening program for early detection of CKD.,National Kidney Foundation,Nephrology
pub.1159882665,Food Insecurity and Chronic Kidney Disease: Considerations for Practitioners,10.1053/j.jrn.2023.06.001,Atherosclerosis Risk in Communities (ARIC) Study,true,false,A prospective cohort study investigating atherosclerosis and related outcomes.,"National Heart, Lung, and Blood Institute",Cardiovascular / nephrology epidemiology
pub.1159882665,Food Insecurity and Chronic Kidney Disease: Considerations for Practitioners,10.1053/j.jrn.2023.06.001,REGARDS Study,true,false,"Reasons for Geographic and Racial Differences in Stroke study, also used for kidney disease research.",National Institute of Neurological Disorders and Stroke,Epidemiology
pub.1159882665,Food Insecurity and Chronic Kidney Disease: Considerations for Practitioners,10.1053/j.jrn.2023.06.001,Jackson Heart Study,true,false,"A large, community‑based longitudinal study of cardiovascular disease in African Americans.",Jackson State University / University of Mississippi Medical Center,Cardiovascular / nephrology
pub.1159882665,Food Insecurity and Chronic Kidney Disease: Considerations for Practitioners,10.1053/j.jrn.2023.06.001,PREVEND Study,true,false,"Prevention of Renal and Vascular End-Stage Disease study, a Dutch cohort.",University Medical Center Groningen,Nephrology / epidemiology
pub.1159882665,Food Insecurity and Chronic Kidney Disease: Considerations for Practitioners,10.1053/j.jrn.2023.06.001,Chronic Renal Insufficiency Cohort (CRIC) Study,true,false,A prospective cohort of adults with CKD in the United States.,National Institute of Diabetes and Digestive and Kidney Diseases,Nephrology
pub.1160024027,"Immigration Status, Legal Vulnerability, and Suicidal/Self-harm Ideation Disparities Among Immigrant-Origin Latinx Young Adults in the U.S.",10.1007/s40615-023-01682-7,IPUMS USA (Version 11.0),true,false,"Integrated Public Use Microdata Series (IPUMS) USA provides harmonized U.S. census and survey microdata, including the Current Population Survey and American Community Survey.",Citation in the reference list,Demography / Social Science
pub.1160039136,Relationship between food insecurity and a gestational diabetes risk reduction intervention: outcomes among American Indian and Alaska Native adolescent and young adult females,10.1093/tbm/ibad029,Youth Risk Behavior Surveillance System,true,true,"A CDC‑run national survey that monitors health‑related behaviors among youth, including diet and physical activity.",Centers for Disease Control and Prevention.,Public health / Adolescent health
pub.1160229565,The impact of the 2021 Thrifty Food Plan benefit re-evaluation on SNAP participants’ short-term food security and health outcomes,10.3389/fpubh.2023.1142577,Prime Diet Quality Score (PDQS‑30D),true,true,A validated food‑based diet quality index that scores intake of 22 food groups to produce a total score ranging from 0 to 126.,Reference 28 (original validation study),Nutrition / Diet Quality
pub.1160300597,Food Insecurity Is Associated With Dysfunctional Eating Behaviors Among Adults in Puerto Rico,10.1016/j.jneb.2023.05.255,"PROSPECT cohort (Puerto Rico Observational Study of Psychosocial, Environmental, and Chronic Disease Trends)",true,true,"A prospective cohort study of adults in Puerto Rico collecting psychosocial, environmental, dietary, and clinical data.",Authors’ research team; data available on request from the corresponding author,Epidemiology / Public Health
pub.1160300597,Food Insecurity Is Associated With Dysfunctional Eating Behaviors Among Adults in Puerto Rico,10.1016/j.jneb.2023.05.255,BRFSS prevalence & trends data,true,false,Behavioral Risk Factor Surveillance System data on health behaviors and chronic disease prevalence in the United States.,Centers for Disease Control and Prevention (CDC),Public Health Surveillance
pub.1160505811,The Impact of FNAPs on Young Children's Food Environment in ECEs: A Systematic Review Using the RE-AIM Framework,10.1016/j.jneb.2023.05.092,COVID-19 Pandemic Substudy,true,true,A sub-cohort dataset collecting information on supplement use during the COVID-19 pandemic.,Embedded within larger cohort studies,Epidemiology / Public Health
pub.1160505811,The Impact of FNAPs on Young Children's Food Environment in ECEs: A Systematic Review Using the RE-AIM Framework,10.1016/j.jneb.2023.05.092,US Nurses' Health Studies 2/3,true,true,Large prospective cohort studies of nurses in the United States.,Longitudinal cohort data,Epidemiology / Health Services Research
pub.1160505811,The Impact of FNAPs on Young Children's Food Environment in ECEs: A Systematic Review Using the RE-AIM Framework,10.1016/j.jneb.2023.05.092,Growing Up Today Study,true,true,A prospective cohort study following children into adulthood.,Longitudinal cohort data,Epidemiology / Child Development
pub.1160582350,Adverse childhood experiences and food insecurity in emerging adulthood: findings from the EAT 2010–2018 study,10.1017/s1368980023001349,EAT 2010-2018 (Eating and Activity over Time) longitudinal study,true,true,"A longitudinal cohort that follows adolescents from Minneapolis‑St. Paul schools into emerging adulthood, collecting data on diet, physical activity, and related health outcomes.",The authors' own cohort; no external repository cited.,Nutrition / Adolescent Health
pub.1160582350,Adverse childhood experiences and food insecurity in emerging adulthood: findings from the EAT 2010–2018 study,10.1017/s1368980023001349,Behavioral Risk Factor Surveillance System,true,false,"A nationwide telephone survey conducted by the CDC that monitors health‑related risk behaviors, chronic health conditions, and use of preventive services.",Citation of a prior study; not a data source for the current analysis.,Public Health Surveillance
pub.1160582350,Adverse childhood experiences and food insecurity in emerging adulthood: findings from the EAT 2010–2018 study,10.1017/s1368980023001349,National Longitudinal Study of Adolescent to Adult Health,true,false,"A nationally representative longitudinal cohort that follows adolescents into adulthood, collecting data on health, behavior, and social factors.",Cited as prior evidence; not a data source for the current work.,Epidemiology / Social Science
pub.1160582350,Adverse childhood experiences and food insecurity in emerging adulthood: findings from the EAT 2010–2018 study,10.1017/s1368980023001349,National Survey of Children's Health,true,false,A cross‑sectional survey that provides national estimates of children’s health and well‑being in the United States.,Referenced for comparative findings; not utilized in the current analysis.,Child Health / Public Health
pub.1160582350,Adverse childhood experiences and food insecurity in emerging adulthood: findings from the EAT 2010–2018 study,10.1017/s1368980023001349,Avon Longitudinal Study of Parents and Children,true,false,A long‑term UK birth cohort that follows children and their families from birth into adulthood.,Mentioned as a comparative study; no data from ALSPAC were analyzed.,Epidemiology / Developmental Psychology
pub.1162266972,Spatial characteristics of food insecurity and food access in Los Angeles County during the COVID-19 pandemic,10.1007/s12571-023-01381-5,Understanding America Study,true,true,A longitudinal internet panel survey that recruits a nationally representative sample of U.S. adults and provides them with internet access if needed.,University of Southern California (https://uasdata.usc.edu),Social science / Survey research
pub.1162266972,Spatial characteristics of food insecurity and food access in Los Angeles County during the COVID-19 pandemic,10.1007/s12571-023-01381-5,COVID‑19 Tracking Survey,true,true,A series of bi‑weekly waves of questionnaire data collected from UAS participants during the pandemic.,UAS platform (https://uasdata.usc.edu),Public health / Pandemic research
pub.1162266972,Spatial characteristics of food insecurity and food access in Los Angeles County during the COVID-19 pandemic,10.1007/s12571-023-01381-5,U.S. Census TIGER/Line Shapefiles,true,true,"Geospatial vector files that define the boundaries of U.S. census tracts, counties, etc.",U.S. Census Bureau (TIGER/Line),Geography / GIS
pub.1162266972,Spatial characteristics of food insecurity and food access in Los Angeles County during the COVID-19 pandemic,10.1007/s12571-023-01381-5,FRED Economic Data,true,false,A database of U.S. economic time‑series maintained by the Federal Reserve Bank of St. Louis.,Federal Reserve Economic Data (https://fred.stlouisfed.org),Economics / Labor statistics
pub.1162266972,Spatial characteristics of food insecurity and food access in Los Angeles County during the COVID-19 pandemic,10.1007/s12571-023-01381-5,UAS Weights,true,true,Weighting variables provided by the Understanding America Study to adjust for survey design and non‑response.,UAS (University of Southern California),Survey methodology
pub.1162679558,The Link Between Intimate Partner Violence and Food Insecurity: A Review of Quantitative and Qualitative Studies,10.1177/15248380231186152,Household Food Insecurity Access Scale (HFIA),true,false,A nine‑item scale measuring access‑related aspects of household food insecurity.,,Nutrition / Food Security
pub.1162679558,The Link Between Intimate Partner Violence and Food Insecurity: A Review of Quantitative and Qualitative Studies,10.1177/15248380231186152,Demographic and Health Survey (DHS) – 2016 Nepal Demographic and Health Survey,true,false,"A nationally representative household survey that collects data on health, nutrition, and demographics.",DHS Program,Public Health / Demography
pub.1162679558,The Link Between Intimate Partner Violence and Food Insecurity: A Review of Quantitative and Qualitative Studies,10.1177/15248380231186152,Food Insecurity Experience Scale,true,false,A validated scale for measuring the severity of food insecurity experiences.,,Nutrition / Food Security
pub.1162679558,The Link Between Intimate Partner Violence and Food Insecurity: A Review of Quantitative and Qualitative Studies,10.1177/15248380231186152,National Intimate Partner and Sexual Violence Survey (NISVS),true,false,A large‑scale U.S. survey that collects data on intimate partner and sexual violence experiences.,CDC,Public Health / Violence
pub.1162679558,The Link Between Intimate Partner Violence and Food Insecurity: A Review of Quantitative and Qualitative Studies,10.1177/15248380231186152,Household Hunger Scale,true,false,A short three‑item scale measuring household hunger experiences.,,Nutrition / Food Security
pub.1162720497,Food Insecurity and Psychological Distress Amongst Parenting Women in Treatment for Opioid Use: Identifying Barriers to Nutritional Equity and Implications for Future Intervention Research,10.1177/08901171231192840,National Survey of Family Growth (NSFG) 2011‑2017,false,false,"A large, nationally representative survey of U.S. households that collects data on fertility, family life, reproductive health, and related topics, including food‑security measures in some cycles.",National Center for Health Statistics (NCHS),Public Health / Demography
pub.1163092348,Food insecurity and subjective cognitive complaints among adults aged ≥ 65 years from low- and middle-income countries,10.1007/s00394-023-03226-5,World Health Organization Study on Global Ageing and Adult Health (SAGE),true,true,"A multi‑country longitudinal survey of health, well‑being and ageing among adults in six low‑ and middle‑income countries.",World Health Organization,Public health / ageing
pub.1163123270,"Associations between cooking self-efficacy, attitude, and behaviors among people living alone: A cross-sectional survey analysis",10.1016/j.appet.2023.106999,U.S. Census (American Community Survey / Decennial Census),true,true,"National demographic data providing counts and characteristics of households, used here to create a sample that mirrors the one‑person household population in Illinois.",U.S. Census Bureau,Demographic / Population Statistics
pub.1163193581,“Where’s the need?” Charitable food assistance resources – placement and access challenges – Lessons from the field,10.1007/s10389-023-02048-3,500 Cities,true,true,"A CDC data product providing city‑ and census‑tract‑level estimates of chronic disease prevalence, including hypertension.",Centers for Disease Control and Prevention (CDC),Chronic disease epidemiology
pub.1163285931,A Scoping Review of Nutritional Biomarkers Associated with Food Security,10.3390/nu15163576,NHANES-Linked Mortality Study,true,false,A derived dataset linking NHANES participant records to mortality outcomes from the National Death Index.,CDC/NCHS,Epidemiology / Mortality research
pub.1163285931,A Scoping Review of Nutritional Biomarkers Associated with Food Security,10.3390/nu15163576,Household Food Insecurity Access Scale (HFIAS),true,false,A survey instrument designed to assess the access component of food insecurity at the household level.,International Food Policy Research Institute (IFPRI),Food security assessment
pub.1163337847,"Food Security, Housing Instability, and Energy Security of Women Caring for Children in Maritime Canada",10.1016/j.jand.2023.06.219,Food Preparation Knowledge (FPK) assessment,true,true,A 14‑item questionnaire designed to evaluate participants' food preparation knowledge across five domains.,Authors' custom instrument (not a public repository),Nutrition education / Dietetics
pub.1163720930,Paradigm Shift in Food Security at American Universities and Colleges: Post-COVID-19,10.1007/978-3-031-16017-2_103,USDA Household Food Security (2020) Report,false,false,Annual report summarizing USDA’s estimates of household food‑security status in the United States.,U.S. Department of Agriculture,"Agriculture, public policy, nutrition"
pub.1163720930,Paradigm Shift in Food Security at American Universities and Colleges: Post-COVID-19,10.1007/978-3-031-16017-2_103,National Center for Education Statistics (College Cost Data),false,false,Statistical data on higher‑education costs and enrollment collected by NCES.,U.S. Department of Education,Education economics
pub.1163756568,Assessing Patient and Community-Level Social Factors; The Synergistic Effect of Social Needs and Social Determinants of Health on Healthcare Utilization at a Multilevel Academic Healthcare System,10.1007/s10916-023-01990-9,Johns Hopkins Health System Electronic Health Record (JHHS‑EHR),true,true,"Electronic health record system containing clinical encounters, diagnoses, and documented social‑needs ICD‑10 codes for patients treated within the Johns Hopkins Health System.",Johns Hopkins Health System,Clinical / Health services research
pub.1163756568,Assessing Patient and Community-Level Social Factors; The Synergistic Effect of Social Needs and Social Determinants of Health on Healthcare Utilization at a Multilevel Academic Healthcare System,10.1007/s10916-023-01990-9,Area Deprivation Index (ADI),true,true,"Composite index summarizing socioeconomic disadvantage at the census‑tract level, derived from ACS variables.",Derived by the authors from ACS; original methodology published elsewhere.,Social determinants of health / Neighborhood deprivation
pub.1163758944,Prenatal Risks to Healthy Food Access and High Birthweight Outcomes,10.1016/j.acap.2023.08.017,Greenlight Plus Study Dataset,true,true,"Baseline cohort data from the Greenlight Plus randomized trial, including newborn characteristics, parental surveys, and clinical measures.","Greenlight Plus trial conducted at six academic medical centers (NYU, UNC, Duke, Miami, Stanford, Vanderbilt).",Pediatrics / Obesity prevention
pub.1163758944,Prenatal Risks to Healthy Food Access and High Birthweight Outcomes,10.1016/j.acap.2023.08.017,Neighborhood Characteristics Place‑Based Survey,true,true,"A survey instrument capturing individual perceptions of the local food environment across six items (e.g., availability, quality, affordability).",Developed by the study investigators; administered to participants as part of the REDCap questionnaire.,Public health / Environmental health
pub.1164128783,Household Food Insecurity and Cognition in Youth and Young Adults with Youth‐Onset Diabetes,10.1155/2023/6382663,National Institutes of Health Toolbox – Cognitive Battery (NIHT‑CB),true,true,"A suite of validated neurocognitive tests (e.g., fluid cognition composite, Picture Vocabulary Test, Flanker Inhibitory Control and Attention Test) administered on an iPad.",National Institutes of Health (NIH),Cognitive neuroscience / Psychology
pub.1164128783,Household Food Insecurity and Cognition in Youth and Young Adults with Youth‐Onset Diabetes,10.1155/2023/6382663,SEARCH for Diabetes in Youth Cohort Study,true,true,"A multi‑center observational cohort that follows youth diagnosed with type 1 or type 2 diabetes across five U.S. states, collecting clinical, demographic, and survey data.","SEARCH Study Group, funded by NIDDK and CDC.",Epidemiology / Diabetes research
pub.1164128783,Household Food Insecurity and Cognition in Youth and Young Adults with Youth‐Onset Diabetes,10.1155/2023/6382663,SEARCH Food Security Cohort Study,true,true,A sub‑cohort of the SEARCH study focused on assessing household food security among participants with diabetes.,"SEARCH Study Group, funded by NIDDK and CDC (grant 1R01DK117461).",Nutrition / Diabetes research
pub.1164165615,Development and Validation of an Abbreviated Child and Adult Food Security Scale for Use in Clinical and Research Settings in the United States,10.1016/j.jand.2023.02.004,Children’s HealthWatch Cross‑Sectional Study (CHW‑CSS),true,true,"A large, multi‑city, repeat cross‑sectional sentinel study that collects health, well‑being, and food‑security data on children under four years and their families.",Children’s HealthWatch program (academic research consortium),Public Health / Child Health
pub.1164165615,Development and Validation of an Abbreviated Child and Adult Food Security Scale for Use in Clinical and Research Settings in the United States,10.1016/j.jand.2023.02.004,Children’s HealthWatch COVID‑19 Follow‑Up Study (CHW‑COVID),true,true,A follow‑up study of the Children’s HealthWatch cohort that collected data during the COVID‑19 pandemic to assess health and food‑security outcomes.,Children’s HealthWatch program,Public Health / Child Health
pub.1164167423,A Mixed-Methods Approach to the Development of a Disaster Food Security Framework,10.1016/j.jand.2023.05.005,National Food Access and COVID Research Team (NFACT) survey,true,true,A multi‑state survey dataset that captures food access experiences during the COVID‑19 pandemic across several U.S. states.,National Food Access and COVID Research Team (NFACT),Public health / Food access
pub.1164167570,Developing New Scales of Personal Food Security,10.1016/j.jand.2023.04.001,Food Insecurity Experience Scale (FIES),true,false,A globally validated questionnaire measuring individual experiences of food insecurity.,FAO/UNU‑WIDER,Food security
pub.1164167570,Developing New Scales of Personal Food Security,10.1016/j.jand.2023.04.001,Three‑City Study,true,false,A longitudinal study of low‑income families in three U.S. cities focusing on child development and welfare.,University‑based research consortium,Sociology / Child development
pub.1164167570,Developing New Scales of Personal Food Security,10.1016/j.jand.2023.04.001,Children's Food Security Scale,true,false,A measurement instrument designed to assess food‑security status specifically for children.,,Food security / Child health
pub.1164167570,Developing New Scales of Personal Food Security,10.1016/j.jand.2023.04.001,Self‑Administered Food Security Survey Module for Youth Ages 12 and Older,true,false,A self‑administered questionnaire measuring food‑security experiences among youth 12+ years.,,Food security / Youth health
pub.1164235716,Low-Income Asian Americans: High Levels Of Food Insecurity And Low Participation In The CalFresh Nutrition Program,10.1377/hlthaff.2023.00116,California Health Interview Survey (CHIS),true,true,"State‑level health survey of California's non‑institutionalized population, conducted biennially with ~40,000 adult respondents per wave, includes health, demographic, and food security variables.",UCLA Center for Health Policy Research; publicly available through the California Health Interview Survey website.,Public health / health services research
pub.1164514684,"Examination of an Online Cooking Education Program to Improve Shopping Skills, Attitudes toward Cooking, and Cooking Confidence among WIC Participants",10.3390/nu15194177,Los Angeles County WIC Data,true,false,A publicly released data brief reporting food‑security metrics for WIC participants in Los Angeles County.,Los Angeles County WIC program,Public health / Nutrition assistance
pub.1164601861,"Gender, skin color, and household composition explain inequities in household food insecurity in Brazil",10.1371/journal.pgph.0002324,Pesquisa Nacional por Amostra de Domicílios (PNAD),true,true,"Brazilian National Household Sample Survey (PNAD) conducted by IBGE; provides demographic, socioeconomic, and food‑security information.",Instituto Brasileiro de Geografia e Estatística (IBGE),Social/Health Survey
pub.1164601861,"Gender, skin color, and household composition explain inequities in household food insecurity in Brazil",10.1371/journal.pgph.0002324,Pesquisa de Orçamentos Familiares (POF),true,true,"Brazilian Household Budget Survey (POF) that collects detailed information on household expenditures, income, and food‑security status.",Instituto Brasileiro de Geografia e Estatística (IBGE),Economic/Health Survey
pub.1164601861,"Gender, skin color, and household composition explain inequities in household food insecurity in Brazil",10.1371/journal.pgph.0002324,Brazilian Household Food Insecurity Measurement Scale (EBIA),true,false,A 14‑item questionnaire adapted from the HFSSM to measure household food insecurity in Brazil.,Developed by Brazilian researchers; adapted from USDA HFSSM,Survey Instrument
pub.1164792311,"Food laborers as stewards of island biocultural diversity: reclaiming local knowledge, food sovereignty, and decolonization",10.3389/fsufs.2023.1093341,Qualitative interview dataset – Guam and Puerto Rico,true,true,Transcribed narrative interviews (qualitative) with food system laborers from Guam (n= ?) and Puerto Rico (n= ?).,Collected by the study authors; contact author for access.,Qualitative social science / Food systems
pub.1164911427,"Associations between food insecurity and child and parental physical, nutritional, psychosocial and economic well‐being globally during the first 1000 days: A scoping review",10.1111/mcn.13574,Household Food Insecurity Access Scale (HFIAS),true,false,A survey instrument consisting of nine items to assess the degree of food insecurity experienced by a household over the past 30 days.,International Food Policy Research Institute (IFPRI),Public health / Nutrition
pub.1164911427,"Associations between food insecurity and child and parental physical, nutritional, psychosocial and economic well‐being globally during the first 1000 days: A scoping review",10.1111/mcn.13574,Food Insecurity Experience Scale (FIES),true,false,A globally validated questionnaire developed by the FAO to measure food‑insecurity experiences at the individual level.,Food and Agriculture Organization of the United Nations (FAO),Nutrition / Global health
pub.1164911427,"Associations between food insecurity and child and parental physical, nutritional, psychosocial and economic well‐being globally during the first 1000 days: A scoping review",10.1111/mcn.13574,Individually Focused Food Insecurity Access Scale (IFIAS),true,false,An adaptation of the HFIAS designed to capture food‑insecurity experiences of individual household members.,"Natamba et al., 2015",Public health / Nutrition
pub.1164911427,"Associations between food insecurity and child and parental physical, nutritional, psychosocial and economic well‐being globally during the first 1000 days: A scoping review",10.1111/mcn.13574,Household Hunger Scale (HHS),true,false,A short three‑item scale derived from the HFIAS to assess severe food‑insecurity experiences.,,Nutrition / Public health
pub.1164911427,"Associations between food insecurity and child and parental physical, nutritional, psychosocial and economic well‐being globally during the first 1000 days: A scoping review",10.1111/mcn.13574,Latin America and Caribbean Food Security Scale (ELCSA),true,false,A region‑specific food‑security questionnaire used in Latin America and the Caribbean.,,Public health / Nutrition
pub.1164911427,"Associations between food insecurity and child and parental physical, nutritional, psychosocial and economic well‐being globally during the first 1000 days: A scoping review",10.1111/mcn.13574,Bangladesh‑specific Food Insecurity Scale,true,false,A locally developed questionnaire to assess food‑insecurity in Bangladesh.,,Nutrition / Public health
pub.1165062648,Associations Between Food Security and Social Determinants of Health with Dietary Intakes – A Pilot Study,10.1080/19320248.2023.2266687,Multi‑Ethnic Study of Atherosclerosis (MESA),true,false,A longitudinal cohort study of subclinical cardiovascular disease; the referenced scale was derived from MESA data.,MESA investigators,Cardiovascular epidemiology / Nutrition
pub.1165062648,Associations Between Food Security and Social Determinants of Health with Dietary Intakes – A Pilot Study,10.1080/19320248.2023.2266687,Jackson Heart Study Food Frequency Questionnaire (JHS‑FFQ),true,false,A food frequency questionnaire developed for the Jackson Heart Study cohort to assess diet among African‑American adults.,Jackson Heart Study investigators,Nutrition / Dietary assessment
pub.1165143455,"Parenting students and indicators of financial stability, health, and academic success: Findings from a population-based sample of public urban university students",10.21203/rs.3.rs-3437944/v1,Healthy CUNY survey,true,true,A university‑wide health and needs assessment survey administered to CUNY students.,City University of New York (CUNY) – Healthy CUNY initiative,Higher Education / Public Health
pub.1165143455,"Parenting students and indicators of financial stability, health, and academic success: Findings from a population-based sample of public urban university students",10.21203/rs.3.rs-3437944/v1,National Postsecondary Student Aid Study (NPSAS:16),true,false,A nationally representative survey of postsecondary students and their financial aid experiences.,U.S. Department of Education,Education Economics
pub.1165215177,"Food security dynamics in the United States, 2001–2017",10.1111/ajae.12433,Early Childhood Longitudinal Survey (ECLS),true,false,A series of longitudinal surveys that follow cohorts of children and their families in the United States.,"U.S. Department of Education, National Center for Education Statistics.",Education / Child Development
pub.1165215177,"Food security dynamics in the United States, 2001–2017",10.1111/ajae.12433,Consumer Expenditure Survey (CES),true,false,"A survey that collects detailed information on household expenditures, income, and consumer behavior.",U.S. Census Bureau.,Consumer Economics
pub.1165329272,Effect of a Social Care Intervention on Health Care Experiences of Caregivers of Hospitalized Children,10.1001/jamapediatrics.2023.4596,Discrimination in Medical Settings Scale (DMS),true,true,DMS is a validated scale assessing perceived discrimination in healthcare settings.,Original authors of the DMS scale,Psychology / Health Disparities
pub.1165329272,Effect of a Social Care Intervention on Health Care Experiences of Caregivers of Hospitalized Children,10.1001/jamapediatrics.2023.4596,Child Hospital Consumer Assessment of Healthcare Providers Survey (Child HCAHPS),true,true,Child HCAHPS is a validated survey instrument that assesses caregiver experiences with pediatric hospital care.,Centers for Medicare & Medicaid Services,Health Services Research
pub.1165329272,Effect of a Social Care Intervention on Health Care Experiences of Caregivers of Hospitalized Children,10.1001/jamapediatrics.2023.4596,Behavioral Risk Factor Surveillance System,true,false,"BRFSS is an annual telephone survey that collects data on health-related risk behaviors, chronic health conditions, and use of preventive services.",U.S. Centers for Disease Control and Prevention,Epidemiology / Public Health
pub.1165706556,Food insecurity among adult females with a history of breast cancer compared to adult females without cancer in the USA,10.1007/s11764-023-01481-3,Survey of Program Dynamics,true,false,A longitudinal dataset tracking participation in various federal assistance programs over time.,U.S. Department of Health and Human Services (implied),Social policy / program evaluation
pub.1165706556,Food insecurity among adult females with a history of breast cancer compared to adult females without cancer in the USA,10.1007/s11764-023-01481-3,Behavioral Risk Factor Surveillance System (BRFSS),true,false,"A state‑based telephone survey collecting data on health-related risk behaviors, chronic health conditions, and use of preventive services.",CDC,Public health surveillance
pub.1165905202,"Trends in Food Insecurity Among Households with Children Participating in WIC and SNAP in California, 2005–2017",10.1007/s10995-023-03829-8,California Health Interview Survey (CHIS),true,true,"A statewide telephone health interview survey of California households that collects health, demographic, and socioeconomic information.",California Health Interview Survey Data Access Center (CHIS DAC),Public health / health survey
pub.1165905202,"Trends in Food Insecurity Among Households with Children Participating in WIC and SNAP in California, 2005–2017",10.1007/s10995-023-03829-8,COVID Impact Survey,true,false,A survey conducted to assess the impact of COVID‑19 on food insecurity in the United States.,Not specified in the excerpt,Food security / pandemic impact research
pub.1165905202,"Trends in Food Insecurity Among Households with Children Participating in WIC and SNAP in California, 2005–2017",10.1007/s10995-023-03829-8,U.S. Department of Agriculture Economic Research Service Food Security Data (interactive charts and highlights),true,false,Interactive visualizations and summary statistics on U.S. food security produced by the USDA ERS.,U.S. Department of Agriculture Economic Research Service,Food security statistics
pub.1166094883,"Food Insecurity, Race and Ethnicity, and Cognitive Function Among United States Older Adults",10.1016/j.tjnut.2023.11.015,RAND longitudinal file (1992-2018v2) for HRS,true,true,"Processed version of the HRS data prepared by RAND, containing longitudinal variables for each wave.",RAND Corporation,Social/Health/Epidemiology
pub.1166100039,"The Role of Social Determinants of Health and Social Position in Mental Health: An Examination of the Moderating Effects of Race, Ethnicity, and Gender on Depression through the All of Us Dataset",10.1101/2023.11.16.23298593,All of Us Research Program (AoU) dataset,false,false,"A large, NIH‑funded longitudinal cohort that includes electronic health records, survey responses, genomic data, and wearable measurements from a diverse U.S. population.",National Institutes of Health (NIH) – All of Us Research Program,Health / Biomedical research
pub.1166100039,"The Role of Social Determinants of Health and Social Position in Mental Health: An Examination of the Moderating Effects of Race, Ethnicity, and Gender on Depression through the All of Us Dataset",10.1101/2023.11.16.23298593,Household Pulse Survey (HPS),false,false,"A rapid, repeated cross‑sectional online survey measuring U.S. adults’ health, economic, and social impacts of the COVID‑19 pandemic.",National Center for Health Statistics / U.S. Census Bureau,Public health / Survey research
pub.1166100039,"The Role of Social Determinants of Health and Social Position in Mental Health: An Examination of the Moderating Effects of Race, Ethnicity, and Gender on Depression through the All of Us Dataset",10.1101/2023.11.16.23298593,California Health Interview Survey (CHIS),false,false,"A state‑level health interview survey that collects data on health status, behaviors, and access to care for California residents.","University of California, Los Angeles Center for Health Policy Research",Health / Survey research
pub.1166100039,"The Role of Social Determinants of Health and Social Position in Mental Health: An Examination of the Moderating Effects of Race, Ethnicity, and Gender on Depression through the All of Us Dataset",10.1101/2023.11.16.23298593,Accountable Health Communities Health‑Related Social Needs Screening Tool (AHC),false,false,A screening tool developed by the U.S. Department of Health & Human Services to identify patients’ social needs.,U.S. Department of Health & Human Services,Social determinants of health
pub.1166100039,"The Role of Social Determinants of Health and Social Position in Mental Health: An Examination of the Moderating Effects of Race, Ethnicity, and Gender on Depression through the All of Us Dataset",10.1101/2023.11.16.23298593,Cohen's Perceived Stress Scale (PSS),false,false,A 10‑item self‑report measure of perceived stress.,"Cohen, S., Kamarck, T., & Mermelstein, R.",Psychology / Stress measurement
pub.1166100039,"The Role of Social Determinants of Health and Social Position in Mental Health: An Examination of the Moderating Effects of Race, Ethnicity, and Gender on Depression through the All of Us Dataset",10.1101/2023.11.16.23298593,Everyday Discrimination Scale (EDS),false,false,A 10‑item scale assessing frequency of routine discrimination experiences.,"Williams, D. R., et al.",Social psychology / Discrimination research
pub.1166100039,"The Role of Social Determinants of Health and Social Position in Mental Health: An Examination of the Moderating Effects of Race, Ethnicity, and Gender on Depression through the All of Us Dataset",10.1101/2023.11.16.23298593,Ross‑Mirowsky Perceived Neighborhood Disorder Scale,false,false,A 13‑item scale measuring perceived neighborhood disorder.,"Ross, C. E., & Mirowsky, J.",Urban sociology / Neighborhood studies
pub.1166100039,"The Role of Social Determinants of Health and Social Position in Mental Health: An Examination of the Moderating Effects of Race, Ethnicity, and Gender on Depression through the All of Us Dataset",10.1101/2023.11.16.23298593,Social Cohesion Neighborhood Scale,false,false,A 3‑item scale assessing perceived social cohesion in a neighborhood.,Reference not specified in the excerpt.,Community health / Social capital
pub.1166100039,"The Role of Social Determinants of Health and Social Position in Mental Health: An Examination of the Moderating Effects of Race, Ethnicity, and Gender on Depression through the All of Us Dataset",10.1101/2023.11.16.23298593,The Hunger Vital Sign Supplement,false,false,A brief two‑item screening tool for household food insecurity.,U.S. Department of Agriculture,Nutrition / Food insecurity
pub.1166148913,"Food Insecurity and Food Addiction in a Large, National Sample of Lower-Income Adults",10.1016/j.cdnut.2023.102036,Prime Panels (CloudResearch),true,true,An online panel of respondents used for recruiting participants for research studies.,CloudResearch (formerly TurkPrime),Social science research / Survey methodology
pub.1166355998,Income and food insecurity among SNAP recipients: a consideration of the SNAP benefit formula,10.1093/erae/jbad039,Survey of Income and Program Participation (SIPP),true,true,"A longitudinal, nationally representative survey conducted by the U.S. Census Bureau that collects detailed information on income, program participation, and demographic characteristics.",U.S. Census Bureau,Economic and social research
pub.1166624456,Medicaid generosity and food hardship among children,10.1002/pam.22557,National Welfare Database (University of Kentucky Center for Poverty Research),true,true,A compiled dataset of state‑level welfare program characteristics and economic indicators.,University of Kentucky Center for Poverty Research,Public policy and welfare data
pub.1166624456,Medicaid generosity and food hardship among children,10.1002/pam.22557,Kaiser Family Foundation State Health Facts,true,true,"State‑level data on health policy, including Medicaid eligibility criteria.",Kaiser Family Foundation,Health policy
pub.1166624456,Medicaid generosity and food hardship among children,10.1002/pam.22557,Tax Policy Center EITC Rates,true,true,State‑specific Earned Income Tax Credit rates compiled by the Tax Policy Center.,Tax Policy Center,Tax policy data
pub.1166624456,Medicaid generosity and food hardship among children,10.1002/pam.22557,Bureau of Labor Statistics Local Area Unemployment Statistics,true,true,Monthly unemployment and labor force data for local areas across the United States.,U.S. Bureau of Labor Statistics,Labor economics
pub.1166654453,A Systematic Review of Interventions for Obesity Among Adults With Food Insecurity,10.1097/jcn.0000000000001028,Cornell‑Radimer Hunger Scale,true,false,A survey instrument designed to assess hunger and food insecurity at the individual and household levels.,,Nutrition / Food Security
pub.1166654453,A Systematic Review of Interventions for Obesity Among Adults With Food Insecurity,10.1097/jcn.0000000000001028,Hunger Vital Sign,true,false,A two‑item screening tool derived from the HFSSM to quickly identify households at risk for food insecurity.,,Nutrition / Food Security
pub.1166654453,A Systematic Review of Interventions for Obesity Among Adults With Food Insecurity,10.1097/jcn.0000000000001028,USDA Economic Research Service Food Deserts Dataset,true,false,"A dataset compiled by USDA ERS that maps food deserts and assesses access to affordable, nutritious food across the United States.",USDA Economic Research Service,Public Health / Food Access
pub.1166654453,A Systematic Review of Interventions for Obesity Among Adults With Food Insecurity,10.1097/jcn.0000000000001028,USDA Food Security Key Statistics & Graphics,true,false,A USDA publication presenting aggregated statistics and visualizations on food security status in the United States.,USDA,Nutrition / Food Security
pub.1166678729,"Material Hardship, Labor Market Characteristics and Substantiated Child Maltreatment: A Bayesian Spatiotemporal Analysis",10.1016/j.childyouth.2023.107371,Longitudinal Employer‑Household Dynamics Origin‑Destination Employment Statistics (LEHD LODES),true,true,Administrative data linking employer and employee tax records to provide workplace and residence locations for workers.,U.S. Census Bureau in partnership with state employment agencies,Labor market / Transportation
pub.1166678729,"Material Hardship, Labor Market Characteristics and Substantiated Child Maltreatment: A Bayesian Spatiotemporal Analysis",10.1016/j.childyouth.2023.107371,Eviction Lab dataset (Princeton University),true,true,"Nationwide, census‑tract level data on eviction filings and rent‑burdened households.",Princeton University Eviction Lab,Housing / Social policy
pub.1166678729,"Material Hardship, Labor Market Characteristics and Substantiated Child Maltreatment: A Bayesian Spatiotemporal Analysis",10.1016/j.childyouth.2023.107371,Area Deprivation Index (ADI),true,true,A composite index of socioeconomic disadvantage at the census‑tract level.,Developed by the University of Wisconsin-Madison; values derived from ACS,Socio‑economic / Public health
pub.1166678729,"Material Hardship, Labor Market Characteristics and Substantiated Child Maltreatment: A Bayesian Spatiotemporal Analysis",10.1016/j.childyouth.2023.107371,Diversity Index (DI),true,true,An index measuring the probability that two randomly selected individuals from a geographic area belong to the same racial/ethnic group.,Environmental Science Research Institute (ESRI),Demography / Social geography
pub.1166767548,"Food Insecurity, Neighborhood Disadvantage, and Hospital Readmission in Health System Adults",10.1097/nur.0000000000000794,Neighborhood Atlas,true,true,"A publicly available repository of census‑tract‑level socioeconomic indices, including the Area Deprivation Index.",University of Wisconsin School of Medicine and Public Health,Social Determinants of Health
pub.1166767548,"Food Insecurity, Neighborhood Disadvantage, and Hospital Readmission in Health System Adults",10.1097/nur.0000000000000794,Area Deprivation Index,true,true,"A composite index of socioeconomic deprivation at the census block group level, derived from American Community Survey data.",University of Wisconsin's Neighborhood Atlas,Public Health/Social Epidemiology
pub.1166827530,Understanding food insecurity risk in the United States: A longitudinal analysis,10.1016/j.ssmph.2023.101569,Annual Social and Economic Supplement (ASEC),true,true,A supplement to the CPS that collects detailed socioeconomic data each March.,"U.S. Census Bureau, part of CPS",Economics / public policy
pub.1166828079,"Exploring Sociodemographic and Chronic Disease Factors Associated With Chronic, Seasonal, Intramonthly, and Intermittent Presentations of Food Security Instability",10.1016/j.jand.2023.12.002,Household Food Security Survey Module Instability Supplement (HFSSM-IS),true,true,"A three‑question supplement to the HFSSM that classifies food‑insecure households into chronic, seasonal, intramonthly, and intermittent instability types.",Gretchen Swanson Center for Nutrition (GSCN),Nutrition / Food Security
pub.1166828079,"Exploring Sociodemographic and Chronic Disease Factors Associated With Chronic, Seasonal, Intramonthly, and Intermittent Presentations of Food Security Instability",10.1016/j.jand.2023.12.002,National Longitudinal Study of Adolescent to Adult Health,true,false,"A longitudinal cohort study that follows adolescents into adulthood, often used for health and social research.",Waves of data collected by the Add Health study team,Public Health / Epidemiology
pub.1166849382,Self-Reported Food Security in Adolescents with Type 1 Diabetes: Association with Hemoglobin A1c and Mental Health Symptoms Independent of Household Food Security,10.1016/j.tjnut.2023.12.006,SEARCH for Diabetes in Youth Cohort Study,true,true,"A longitudinal, multicenter surveillance cohort that tracks incidence and prevalence of physician‑diagnosed diabetes in U.S. youth.",National Institute of Diabetes and Digestive and Kidney Diseases (NIDDK) and CDC,Epidemiology / Diabetes research
pub.1166849382,Self-Reported Food Security in Adolescents with Type 1 Diabetes: Association with Hemoglobin A1c and Mental Health Symptoms Independent of Household Food Security,10.1016/j.tjnut.2023.12.006,Child Food Security Assessment questionnaire (CFSA),true,true,A 6‑item questionnaire adapted from the HFSSM to capture food‑insecurity experiences directly from children/adolescents.,Developed by researchers; based on USDA HFSSM items.,Public health / Nutrition
pub.1167095246,An Increase in Food Insecurity Correlated with an Increase in Plasma Triglycerides among Latinx Children,10.1016/j.tjnut.2023.12.024,TX Sprouts trial dataset,true,true,"Data collected from a cluster‑randomized controlled trial involving 3rd‑5th grade students and their families across 16 elementary schools in Austin, TX, including surveys, fasting blood draws, and anthropometrics.",University of Texas at Austin; trial registered at clinicaltrials.gov (NCT02668744),Nutrition intervention / Pediatric health
pub.1167117169,Social Support and Associated Factors Among Men and Women in Pre-COVID Substance Use Treatment,10.1007/s10597-023-01218-7,Medical Outcomes Study Social Support Survey (MOS‑SS),true,true,A 19‑item self‑report instrument measuring functional and structural social support.,"Sherbourne & Stewart, 1991",Psychology / Social science
pub.1167117169,Social Support and Associated Factors Among Men and Women in Pre-COVID Substance Use Treatment,10.1007/s10597-023-01218-7,Brief Symptom Inventory‑18 (BSI‑18),true,true,"An 18‑item self‑report scale assessing depression, anxiety, and somatization.","Zabora et al., 2001",Psychiatry / Clinical psychology
pub.1167117169,Social Support and Associated Factors Among Men and Women in Pre-COVID Substance Use Treatment,10.1007/s10597-023-01218-7,GPRA Client Outcome Measures Tool,true,true,A set of standardized questions used by SAMHSA to assess client outcomes such as education and housing status.,CSAT (Center for Substance Abuse Treatment),Public health / Service evaluation
pub.1167117169,Social Support and Associated Factors Among Men and Women in Pre-COVID Substance Use Treatment,10.1007/s10597-023-01218-7,NESARC,true,false,National Epidemiologic Survey on Alcohol and Related Conditions – a large U.S. epidemiological dataset on substance use and mental health.,National Institute on Alcohol Abuse and Alcoholism,Epidemiology / Substance use research
pub.1167117169,Social Support and Associated Factors Among Men and Women in Pre-COVID Substance Use Treatment,10.1007/s10597-023-01218-7,HILDA cohort,true,false,"Household, Income and Labour Dynamics in Australia – a longitudinal panel survey of Australian households.",Australian Government,Social science / Health economics
pub.1167139769,Racial and Ethnic Disparities in Food Insufficiency in Families with Children During the COVID-19 Pandemic: the Role of Risk and Protective Factors,10.1007/s40615-023-01881-2,Census Pulse Public Use Files (Urban Institute),true,true,Public‑use files of the Household Pulse Survey compiled and cleaned by the Urban Institute.,Urban Institute (based on U.S. Census Bureau data),Social/Economic Survey
pub.1167139769,Racial and Ethnic Disparities in Food Insufficiency in Families with Children During the COVID-19 Pandemic: the Role of Risk and Protective Factors,10.1007/s40615-023-01881-2,Boston College Dataverse,true,false,A repository for sharing research data and code; the authors will host their replication files here.,Boston College,Research Data Repository
pub.1167215700,Food Insecurity Predicts Magnitude of Early BMI Change in a Pediatric Weight Management Intervention,10.1097/dbp.0000000000001242,CDC Growth Charts,true,true,"Reference percentile tables for child height, weight, and BMI published by the U.S. Centers for Disease Control and Prevention.",U.S. Centers for Disease Control and Prevention,Pediatrics / Growth assessment
pub.1167282998,"Non-bank credit and food hardship: The association between payday loans, pawn loans, rent-to-own contracts and food hardship in households with children",10.1016/j.childyouth.2023.107418,Unbanked and Underbanked Supplement (UUBS),true,true,A supplement that gathers data on households' banking status and use of non‑bank financial services.,U.S. Census Bureau (as part of CPS) or possibly FDIC,Financial Inclusion / Household Finance
pub.1167387591,"Longitudinal Associations of Diet, Food Insecurity, and Supplemental Nutrition Assistance Program Use with Global Cognitive Performance in Middle-Aged and Older Adults",10.1016/j.tjnut.2023.12.042,National Health and Aging Trends Study,true,false,A longitudinal study of Medicare‑eligible adults aged 65+ in the United States.,Johns Hopkins University,Aging / health services research
pub.1167387591,"Longitudinal Associations of Diet, Food Insecurity, and Supplemental Nutrition Assistance Program Use with Global Cognitive Performance in Middle-Aged and Older Adults",10.1016/j.tjnut.2023.12.042,Atherosclerosis Risk in Communities Study,true,false,A prospective cohort study investigating cardiovascular disease and its risk factors in four US communities.,"National Heart, Lung, and Blood Institute",Cardiovascular epidemiology
pub.1167672677,Food Insecurity Among Aging SNAP Participants and Eligible Nonparticipants in Two Predominantly Low-Income Black Neighborhoods: Implications for SNAP Enrollment and Outreach for Older Adults,10.1016/j.jand.2023.12.011,Pittsburgh Hill/Homewood Research on Neighborhood Change and Health (PHRESH) study,true,true,"A longitudinal cohort study of households in two low‑income, predominantly Black neighborhoods in Pittsburgh, focusing on neighborhood change, health, and food security.",University‑affiliated research project (RAND/University of Pittsburgh),Public health / Nutrition / Urban studies
pub.1167776872,Food Insecurity within a Public University and the Role of Food Assistance Programs Amid the Global Pandemic,10.3390/socsci13010038,University Student Food Insecurity Survey (author‑collected),true,true,"A custom 32‑question online survey administered to students at a large public university, covering demographics, food insecurity (via AFSSM) and food‑assistance program use.",Authors (University of Central Florida and collaborators),Higher education / Food insecurity
pub.1167853555,Regional Variability in the Prevalence of Food Insecurity and Diet Quality among United States Children,10.3390/nu16020224,Urban Influence Code (UIC) classification,true,true,A USDA‑ERS classification system assigning codes (1‑12) to US counties to indicate degree of urban influence.,USDA Economic Research Service; 2013 Area Resource File.,Geography / rural‑urban classification
pub.1168445558,Home and wild food procurement were associated with improved food security during the COVID-19 pandemic in two rural US states,10.1038/s41598-024-52320-z,Rural‑Urban Commuting Area (RUCA) codes,true,true,Geographic classification scheme that assigns rural‑urban status based on commuting patterns.,USDA Economic Research Service (originally developed by US Census and USDA),Geography / Spatial analysis
pub.1168445558,Home and wild food procurement were associated with improved food security during the COVID-19 pandemic in two rural US states,10.1038/s41598-024-52320-z,Harvard Dataverse survey instrument dataset,true,false,"Dataset containing the questionnaire and survey instruments used in the study, deposited in Harvard Dataverse.",Harvard Dataverse,Survey methodology
pub.1168445558,Home and wild food procurement were associated with improved food security during the COVID-19 pandemic in two rural US states,10.1038/s41598-024-52320-z,U.S. Census demographic data,true,true,Official demographic estimates for Maine and Vermont used as a reference point for sample representativeness.,U.S. Census Bureau,Demographics
pub.1168445558,Home and wild food procurement were associated with improved food security during the COVID-19 pandemic in two rural US states,10.1038/s41598-024-52320-z,National Food Access and COVID research Team (NFACT) dataset,true,false,Prior survey dataset on food access and COVID‑19 impacts used as a foundation for questionnaire design.,NFACT consortium,Food access / Public health
pub.1168500470,Food insecurity and health-related quality of life among a nationally representative sample of older adults: cross-sectional analysis,10.1186/s12877-024-04716-9,CDC Health‑Related Quality of Life (HRQOL‑4) measures,true,true,A set of four self‑report questions measuring perceived physical and mental health days.,Centers for Disease Control and Prevention,Public health / Quality of life
pub.1168658937,"Food insecurity, fruit and vegetable consumption, and use of the Supplemental Nutrition Assistance Program (SNAP) in Appalachian Ohio",10.1371/journal.pone.0295171,USDA 6‑item Food Security Survey Module,true,false,A shorter version of the USDA food security questionnaire.,U.S. Department of Agriculture,Nutrition / Food security measurement
pub.1168658937,"Food insecurity, fruit and vegetable consumption, and use of the Supplemental Nutrition Assistance Program (SNAP) in Appalachian Ohio",10.1371/journal.pone.0295171,National Cancer Institute Fruit and Vegetable All‑Day Screener,true,false,A food frequency questionnaire used to estimate daily fruit and vegetable consumption.,National Cancer Institute,Nutrition / Dietary assessment
pub.1168814714,Associations between food insecurity and diabetes risk factors in US adolescents in the National Health and Nutrition Examination Survey (NHANES) 2007–2016,10.1017/s1368980024000284,SEARCH for Diabetes in Youth study,true,false,A longitudinal cohort study that follows youth diagnosed with diabetes in the United States.,Not directly provided; referenced in cited literature.,Diabetes epidemiology
pub.1169144266,Complementing the United States Household Food Security Survey Module with Items Reflecting Social Unacceptability,10.1016/j.tjnut.2024.02.023,"Multicenter AIDS Cohort Study/Women's Interagency HIV Study Combined Cohort Study (MACS/WIHS Combined Cohort Study, MWCCS)",true,true,A combined longitudinal cohort of men who have sex with men (MACS) and women living with or at risk for HIV (WIHS) used for HIV-related research.,National Institutes of Health (NIH) funded cohort study,Epidemiology/HIV Research
pub.1169144266,Complementing the United States Household Food Security Survey Module with Items Reflecting Social Unacceptability,10.1016/j.tjnut.2024.02.023,Intersection of Material-Need Insecurities and HIV and Cardiovascular Health Substudy,true,true,"A specific substudy focusing on multiple material-need insecurities, including food insecurity, among participants with HIV.",MWCCS (Multicenter AIDS Cohort Study/Women's Interagency HIV Study Combined Cohort Study),Epidemiology/HIV and Cardiovascular Health
pub.1169264520,Beyond Economic Barriers: Conceptualizing Food Insecurity among Resettled Refugees Living in the United States,10.1080/15562948.2024.2321526,"U.S. Census Bureau Decennial Census, P1 total population, 2020",true,false,Official U.S. population count and demographic characteristics from the 2020 decennial census.,U.S. Census Bureau,Demography / Population studies
pub.1169264520,Beyond Economic Barriers: Conceptualizing Food Insecurity among Resettled Refugees Living in the United States,10.1080/15562948.2024.2321526,U.S. Department of State Refugee Arrivals by State and Nationality: Fiscal Year 2023,true,false,"Official statistics on the number of refugees resettled in the U.S., broken down by state and nationality for FY2023.","U.S. Department of State, Bureau of Population, Refugees and Migration",Migration / Refugee studies
pub.1169299663,Birth outcomes in relation to neighborhood food access and individual food insecurity during pregnancy in the Environmental Influences on Child Health Outcomes (ECHO)-wide cohort study,10.1016/j.ajcnut.2024.02.022,Environmental Influences on Child Health Outcomes (ECHO) data platform,true,true,"A large, NIH-funded repository of harmonized data from over 70 US child health cohorts, covering environmental exposures and health outcomes.",National Institutes of Health (NIH) ECHO Program,Child health / Environmental epidemiology
pub.1169299663,Birth outcomes in relation to neighborhood food access and individual food insecurity during pregnancy in the Environmental Influences on Child Health Outcomes (ECHO)-wide cohort study,10.1016/j.ajcnut.2024.02.022,United States Census Tract Boundaries,true,true,Geospatial boundary files defining US census tracts for multiple decennial years.,U.S. Census Bureau,Geography / GIS
pub.1169299663,Birth outcomes in relation to neighborhood food access and individual food insecurity during pregnancy in the Environmental Influences on Child Health Outcomes (ECHO)-wide cohort study,10.1016/j.ajcnut.2024.02.022,2017 United States birth weight reference,true,true,Reference data providing birth weight percentiles by gestational age and sex for the US population.,Likely CDC or National Center for Health Statistics,Perinatal epidemiology
pub.1169451287,Systematic investigation of inadequate food access at a large southeastern land grant university,10.1371/journal.pone.0298041,Study dataset (OSF repository),true,true,"The primary survey responses (2,116 complete responses) collected from undergraduate and graduate students at a large southeastern land‑grant university.",Open Science Framework (OSF),Higher Education / Food Security
pub.1169453828,Impact of food security on coping strategies: a comparison of high school and college perceptions,10.1080/07448481.2024.2317179,Coping Strategies Questionnaire,true,true,A questionnaire adapted from Maxwell's work to assess frequency of food‑related coping strategies among students.,,Nutrition / Behavioral Health
pub.1169453828,Impact of food security on coping strategies: a comparison of high school and college perceptions,10.1080/07448481.2024.2317179,USDA 6-item food insecurity and coping strategies survey,true,true,A combined survey incorporating the USDA 6‑item food insecurity module and additional coping‑strategy items.,,Nutrition / Public Health
pub.1169528663,"Parenting Students and Indicators of Financial Stability, Health, and Academic Success: Findings from a Population-Based Sample of Public Urban University Students",10.1007/s11524-024-00832-4,Healthy CUNY survey,true,true,"A cross‑sectional survey administered to a representative sample of CUNY students to assess health, financial, and academic indicators, including parenting status.",CUNY Office of Institutional Research; Healthy CUNY initiative,Higher education / Public health
pub.1169528663,"Parenting Students and Indicators of Financial Stability, Health, and Academic Success: Findings from a Population-Based Sample of Public Urban University Students",10.1007/s11524-024-00832-4,National Postsecondary Student Aid Study (NPSAS:16),true,false,A nationally representative survey of postsecondary students' financial aid experiences conducted by the National Center for Education Statistics.,National Center for Education Statistics,Higher education finance
pub.1169528663,"Parenting Students and Indicators of Financial Stability, Health, and Academic Success: Findings from a Population-Based Sample of Public Urban University Students",10.1007/s11524-024-00832-4,National Center for Education Statistics (NCES) data,true,false,Federal statistical agency that collects and analyzes data related to education in the United States.,U.S. Department of Education,Education statistics
pub.1169539981,Social Connectedness as a Determinant of Health in African-American Low-Income Families with Young Children: A Cross-Sectional Cohort Study,10.1097/dbp.0000000000001260,Behavioral Risk Factor Surveillance System (BRFSS),true,true,A nationwide telephone survey that gathers data on health-related risk behaviors and chronic conditions.,Centers for Disease Control and Prevention (CDC),Public health / Behavioral health
pub.1169539981,Social Connectedness as a Determinant of Health in African-American Low-Income Families with Young Children: A Cross-Sectional Cohort Study,10.1097/dbp.0000000000001260,Healthy Children and Families program dataset,true,true,"Cohort intervention study data collected from families enrolled in the Healthy Children and Families (HCF) program, including demographics, social determinants, and health measures.",Urban pediatric clinic (Georgetown University) – Healthy Children and Families program,Child health / Social determinants of health
pub.1169539981,Social Connectedness as a Determinant of Health in African-American Low-Income Families with Young Children: A Cross-Sectional Cohort Study,10.1097/dbp.0000000000001260,American Community Survey,true,false,"A nationwide survey conducted by the U.S. Census Bureau providing demographic, social, economic, and housing data.",U.S. Census Bureau,Demographics / Socio‑economic data
pub.1169610649,"Food insecurity, poor diet, and metabolic measures: The roles of stress and cortisol",10.1016/j.appet.2024.107294,NHLBI Growth and Health Study (NGHS),true,true,A longitudinal cohort study originally designed to investigate growth and health in Black and White girls.,"National Heart, Lung, and Blood Institute (NHLBI)",Epidemiology / Longitudinal cohort
pub.1169943836,Understanding Food Insecurity as a Determinant of Health in Pregnancy Within the United States: An Integrative Review,10.1089/heq.2023.0116,Census Household Pulse Survey,true,false,A rapid-response survey conducted by the U.S. Census Bureau to measure social and economic impacts of COVID‑19.,U.S. Census Bureau,Socio‑economic research
pub.1169992670,"“I’m Doing the Best that I Can”: Mothers Lived Experience with Food Insecurity, Coping Strategies, and Mental Health Implications",10.1016/j.cdnut.2024.102136,PROMIS Global Mental 2a Scale,true,true,"A standardized patient‑reported outcome measure assessing global mental health status, yielding T‑scores standardized to the U.S. population.",Patient Reported Outcome Measures Information System (PROMIS),Mental Health / Patient‑Reported Outcomes
pub.1169994079,Food Insecurity Prevalence and Risk Factors at a Large Academic Medical Center in Michigan,10.1001/jamanetworkopen.2024.3723,Michigan Medicine Primary Care Social Determinants of Health Screening Dataset,true,true,"Electronic health‑record derived dataset containing responses to a 2‑item Hunger Vital Sign and additional social‑risk questions for 106,087 adult primary‑care patients at Michigan Medicine.",Michigan Medicine electronic health record,Healthcare / Social Determinants of Health
pub.1170076131,"Public assistance, living environments, and food insecurity: A comparative community case study",10.5304/jafscd.2024.132.013,Primary survey data (modified Household Food Security Survey Module) from traditional and mixed‑income public housing communities,true,true,"Dataset comprising responses from 322 low‑income households to a 30‑day modified FSSM questionnaire, collected by the authors in two Atlanta public‑housing communities.",Collected by the authors (Bezuneh & Yiheyis) from field surveys.,"Food security, public housing, social assistance"
pub.1170076131,"Public assistance, living environments, and food insecurity: A comparative community case study",10.5304/jafscd.2024.132.013,"USDA Economic Research Service Household Food Security, 2001 (FANRR-29)",true,false,USDA ERS report presenting national estimates of household food security for 2001.,U.S. Department of Agriculture Economic Research Service,Food security
pub.1170172331,"Nutrition Knowledge, Food Insecurity, and Adverse Childhood Experiences Among Underserved College Students",10.1097/nt.0000000000000673,Adverse Childhood Experiences (ACE) 11‑item instrument,false,false,An 11‑item questionnaire assessing exposure to various forms of childhood adversity.,Derived from CDC/ACE literature (not explicitly cited),Public health / Psychology
pub.1170172331,"Nutrition Knowledge, Food Insecurity, and Adverse Childhood Experiences Among Underserved College Students",10.1097/nt.0000000000000673,General Nutrition Knowledge Questionnaire (Parmenter & Wardle),false,false,A validated questionnaire measuring general nutrition knowledge across several subdomains.,Parmenter and Wardle (1999),Nutrition education
pub.1170172331,"Nutrition Knowledge, Food Insecurity, and Adverse Childhood Experiences Among Underserved College Students",10.1097/nt.0000000000000673,BRFSS Adverse Childhood Experience (ACE) module,false,false,A module of the Behavioral Risk Factor Surveillance System that captures ACE data.,Behavioral Risk Factor Surveillance System (BRFSS),Public health surveillance
pub.1170198460,Food Insecurity and Changes in Diet Quality and Body Mass Index z-Scores Among Elementary School Students,10.1089/chi.2023.0185,Automated Self-Administered 24‑Hour Dietary Assessment Tool (ASA24),true,true,"An online system for self‑administered 24‑hour dietary recall, producing food‑level data for analysis.",Collected directly from participants via web interface.,Nutrition / diet assessment
pub.1170403152,Bidirectional Relationship Between Sickle Cell Disease and Food Insecurity: Scoping Review,10.1089/heq.2023.0147,Food Insecurity Experience Scale (FIES),true,false,"An experience‑based measure of food security developed by the FAO, consisting of eight questions about access to adequate food.",Food and Agriculture Organization of the United Nations,Food security
pub.1170403152,Bidirectional Relationship Between Sickle Cell Disease and Food Insecurity: Scoping Review,10.1089/heq.2023.0147,USDA Food Security Short Form,true,false,"A six‑item questionnaire derived from the 18‑item HFSSM, designed to reduce respondent burden while identifying food insecurity.",USDA Economic Research Service,Food security
pub.1170403152,Bidirectional Relationship Between Sickle Cell Disease and Food Insecurity: Scoping Review,10.1089/heq.2023.0147,Hunger Vital Sign,true,false,"A brief two‑item screener for household food insecurity, derived from the HFSSM.",Developed by nutrition researchers; based on USDA HFSSM,Food security
pub.1170403152,Bidirectional Relationship Between Sickle Cell Disease and Food Insecurity: Scoping Review,10.1089/heq.2023.0147,Brazilian FI Scale,true,false,A 14‑item questionnaire assessing household food insecurity over the past 90 days in Brazil.,Brazilian research institutions,Food security
pub.1170461821,Persistent Food Insecurity and Material Hardships: A Latent Class Analysis of Experiences among Venezuelan Refugees and Migrants in Urban Colombia,10.3390/nu16071060,National Survey of Living Conditions in Venezuela (ENCOVI),true,false,"A nationally representative household survey that measures living conditions, including food security, in Venezuela.",ENCOVI reports cited in the manuscript.,Public health / Nutrition
pub.1170561644,Associations Between Food Insecurity and Diet Quality Among Graduate Students and Postdoctoral Trainees in the Health Sciences at a Private University in Boston: A Cross-Sectional Study,10.1016/j.cdnut.2024.102157,American College Health Association's National College Health Assessment II (NCHA II),true,false,A national survey collecting health‑related data from college students in the United States.,American College Health Association (ACHA),Public Health / Student Health
pub.1170770473,Every Poke Nourished: Assessing University of Wyoming Students’ Experiences with and Priorities for Addressing Food Insecurity,10.1080/19320248.2024.2343309,#RealCollege Survey,false,false,A national survey instrument and dataset tracking basic‑needs insecurity among college students.,"The Hope Center for College, Community, and Justice",Higher Education / Student Well‑being
pub.1170770473,Every Poke Nourished: Assessing University of Wyoming Students’ Experiences with and Priorities for Addressing Food Insecurity,10.1080/19320248.2024.2343309,Ohio State University Survey (2017),false,false,A 2017 survey conducted by Ohio State University assessing college student food insecurity.,Ohio State University,Higher Education / Food Security
pub.1170770473,Every Poke Nourished: Assessing University of Wyoming Students’ Experiences with and Priorities for Addressing Food Insecurity,10.1080/19320248.2024.2343309,USDA Short Form Food Security Survey Module,false,false,A brief questionnaire from the USDA used to assess individual/household food security status.,U.S. Department of Agriculture,Nutrition / Food Security
pub.1170825008,A Cross-Sectional Study of Grocery Shopping Factors of Importance among Food-Insecure African Americans,10.3390/nu16081188,Illinois Census Bureau-QuickFacts,true,false,"A public data source providing quick statistics on population, income, and other demographic variables for Illinois locations.",U.S. Census Bureau,Demographics
pub.1170825008,A Cross-Sectional Study of Grocery Shopping Factors of Importance among Food-Insecure African Americans,10.3390/nu16081188,BRFSS Prevalence & Trends Data,true,false,Behavioral Risk Factor Surveillance System data providing prevalence estimates for health-related risk behaviors and conditions across the U.S.,CDC,Public Health Surveillance
pub.1171097942,"Revealing Campus Food Insecurity at Urban, Private, Liberal Arts Universities",10.1080/19320248.2024.2342832,Food Access Survey (FAS),true,true,A web‑based questionnaire created by the research team to capture college students' food access experiences and food‑insecurity status.,Authors' own data collection effort,Higher Education / Public Health
pub.1171097942,"Revealing Campus Food Insecurity at Urban, Private, Liberal Arts Universities",10.1080/19320248.2024.2342832,#RealCollege Survey,true,false,An existing survey instrument that assesses college student basic needs and food security.,External research project (RealCollege),Higher Education / Public Health
pub.1171145204,Improving Maternal Health and Birth Outcomes Through FreshRx: A Food-Is-Medicine Intervention,10.1177/08901171241249278,Missouri Information for Community Assessment (MICA) system,true,true,"MICA is a statewide data system that provides health and demographic statistics for Missouri, including birth outcomes.",Missouri Department of Health / MICA,Maternal and child health / Public health surveillance
pub.1171145204,Improving Maternal Health and Birth Outcomes Through FreshRx: A Food-Is-Medicine Intervention,10.1177/08901171241249278,USDA Economic Research Service data,true,true,Data from the USDA Economic Research Service used to identify areas with limited access to nutritious foods.,USDA Economic Research Service,Food environment / Geographic analysis
pub.1171145204,Improving Maternal Health and Birth Outcomes Through FreshRx: A Food-Is-Medicine Intervention,10.1177/08901171241249278,USDA ERS – Household Food Security in the United States,true,false,A USDA Economic Research Service report on national household food security trends.,USDA Economic Research Service (cited reference),Food security research
pub.1171231801,Vision impairment and food insecurity in the national health and aging trends study,10.3389/fepid.2024.1353083,National Health and Aging Trends Study (NHATS),true,true,"A longitudinal, nationally representative survey of older adults in the United States that collects health, functional, and socioeconomic information.",https://nhats.org/researcher/nhats,Gerontology / Public Health
pub.1171283987,Food Is Medicine for Human Immunodeficiency Virus: Improved Health and Hospitalizations in the Changing Health Through Food Support (CHEFS-HIV) Pragmatic Randomized Trial,10.1093/infdis/jiae195,Project Open Hand (POH) administrative records,true,true,"Internal client-level data maintained by the nonprofit food organization Project Open Hand, including service level, income proxies, and food security screening results.",Project Open Hand (non‑profit organization serving people with HIV),Healthcare / Social services
pub.1171515613,"Food Insecurity, Cardioprotective Diets, and Mortality Among US Adults",10.1101/2024.05.07.24307023,National Death Index (NDI) linked mortality files,true,true,A centralized database of death record information used to obtain mortality outcomes for study participants.,National Center for Health Statistics (NCHS),"Mortality surveillance, epidemiology"
pub.1171584391,Food (in)security in relation to nutrition (in)security in a national cross-sectional sample of Supplemental Nutrition Assistance Program participants: considerations of an emerging construct,10.1016/j.ajcnut.2024.03.020,Qualtrics web‑based SNAP participant survey (2022),true,true,"A cross‑sectional, online questionnaire administered via Qualtrics to U.S. adults receiving SNAP benefits; includes food‑security and nutrition‑security items.",Authors’ primary data collection; not a third‑party repository.,Nutrition / Food security research
pub.1171671873,The Effect of Food Environment on Pregnancy Outcomes [ID 2683379],10.1097/01.aog.0001013444.40305.a0,National Center for Health Statistics data,true,true,Vital statistics dataset containing counts of live births and related demographic information collected by the US National Center for Health Statistics.,National Center for Health Statistics (NCHS),Demography / Public Health
pub.1171707895,Can the American Community Survey provide new insight into household food security? An illustration of cross‐survey multiple imputation,10.1002/aepp.13441,IPUMS (IPUMS USA),true,true,Integrated Public Use Microdata Series that harmonizes U.S. Census and ACS data for research use.,https://ipums.org,Demographic and socioeconomic microdata
pub.1171711382,Food Insecurity and Family Dynamics,10.1097/fch.0000000000000401,Fragile Families and Child Wellbeing Study (FFCWS) Sample,true,false,"A longitudinal cohort study of families with children born in large U.S. cities, providing data on family dynamics and socioeconomic factors.","Institute for Social Research, University of Michigan",Sociology / Family Studies
pub.1171711382,Food Insecurity and Family Dynamics,10.1097/fch.0000000000000401,National Longitudinal Survey of Children and Youth (NLSCY),true,false,"A Canadian longitudinal survey tracking health, development, and social outcomes of children and youth.",Statistics Canada,Public Health / Child Development
pub.1171711382,Food Insecurity and Family Dynamics,10.1097/fch.0000000000000401,Early Childhood Longitudinal Study - Birth Cohort (ECLS-B),true,false,"A nationally representative longitudinal study of children born in the U.S. in 2001, tracking various developmental outcomes.","U.S. Department of Education, National Center for Education Statistics",Education / Child Development
pub.1171773199,Food Insecurity Is Associated with a Higher Risk of Mortality among Colorectal Cancer Survivors,10.3390/gidisord6020031,National Death Index (NDI),true,true,"A centralized database of death record information for U.S. residents, used for mortality linkage.","National Center for Health Statistics, CDC",Mortality / vital statistics
pub.1171779154,Associated SDOH needs of patients without health insurance and experiencing food insecurity,10.1007/s44155-024-00084-2,SDOH survey,true,true,"A custom questionnaire covering nine social‑determinant needs (medications, housing, utilities, legal concerns, education/work, substance use, mental health, health insurance, dental care).",Developed by the study authors for the Saturday Clinic for the Uninsured.,Public health / Social determinants of health
pub.1171779154,Associated SDOH needs of patients without health insurance and experiencing food insecurity,10.1007/s44155-024-00084-2,Electronic Health Record (EHR) data,true,true,"Patient clinical information extracted from the clinic’s electronic health record system, including diagnoses, lab values, and medication lists.",Medical College of Wisconsin clinic electronic health record system.,Clinical medicine / Health records
pub.1171779154,Associated SDOH needs of patients without health insurance and experiencing food insecurity,10.1007/s44155-024-00084-2,REDCap database,true,true,"A secure, web‑based application used to store the responses from the SDOH questionnaire.",Research Electronic Data Capture (REDCap) platform hosted by the institution.,Data management / Public health research
pub.1171830752,Reconsidering Household Food Insecurity: Assessing the Impact of Neighborhood and Household Characteristics,10.1080/19320248.2024.2355938,PSID‑restricted Geocode Match File,true,true,A restricted data file linking PSID respondents to precise geographic identifiers (ZIP code tabulation areas).,Panel Study of Income Dynamics (PSID),Geography / Data linkage
pub.1172072826,"Food and Nutrition Insecurity: Experiences That Differ for Some and Independently Predict Diet-Related Disease, Los Angeles County, 2022",10.1016/j.tjnut.2024.05.020,Understanding America Study (UAS),true,true,"A longitudinal internet panel survey administered by the University of Southern California Center for Economic and Social Research, providing nationally representative data on U.S. adults.",University of Southern California Center for Economic and Social Research,Social science / public health survey data
pub.1172116666,The Association Between Food Insecurity and Intimate Partner Violence Among U.S. Army Soldiers,10.1177/08862605241253024,U.S. Army Soldiers 2019 Cross‑Sectional Survey,true,true,"Primary dataset collected by the authors consisting of responses from 2,740 U.S. Army soldiers on demographics, food insecurity (Hunger Vital Sign), intimate partner violence (HITS), mental health, financial stress, and other covariates.",U.S. Army Public Health Center,Military health / Public health
pub.1172271450,Screening for Food and Nutrition Insecurity in the Healthcare Setting: A Cross-Sectional Survey of Non-Medicaid Insured Adults in an Integrated Healthcare Delivery System,10.1177/21501319241258948,Social Risk Survey (Kaiser Permanente Northern California),true,true,A self‑administered survey of KPNC health‑plan members assessing social risks and needs.,Kaiser Permanente Northern California,Public health / Social determinants of health
pub.1172271450,Screening for Food and Nutrition Insecurity in the Healthcare Setting: A Cross-Sectional Survey of Non-Medicaid Insured Adults in an Integrated Healthcare Delivery System,10.1177/21501319241258948,Electronic Health Record (EHR) data (Kaiser Permanente Northern California),true,true,"Clinical data extracted from the integrated health‑system's electronic health records, used to identify chronic disease diagnoses.",Kaiser Permanente Northern California,Clinical / Health services research
pub.1172271450,Screening for Food and Nutrition Insecurity in the Healthcare Setting: A Cross-Sectional Survey of Non-Medicaid Insured Adults in an Integrated Healthcare Delivery System,10.1177/21501319241258948,Kaiser Permanente Northern California Diabetes Registry,true,true,A registry that aggregates diabetes‑related clinical information for KPNC members.,Kaiser Permanente Northern California,Clinical / Diabetes research
pub.1172271450,Screening for Food and Nutrition Insecurity in the Healthcare Setting: A Cross-Sectional Survey of Non-Medicaid Insured Adults in an Integrated Healthcare Delivery System,10.1177/21501319241258948,California Health Interview Survey (CHIS) 2017/2018 cycle,true,false,"A state‑level health survey that collects information on health status, behaviors, and access to care.","University of California, Los Angeles (UCLA) Center for Health Policy Research",Public health / Health services research
pub.1173510107,Complex intertwined association between breastfeeding practices and household food insecurity: Systematic review and meta‐analysis,10.1111/mcn.13696,Household Food Insecurity Access Scale,true,false,An experience‑based scale that measures the access dimension of household food insecurity.,Developed by USAID/Food and Nutrition Technical Assistance Project,Public health / Food security
pub.1173510107,Complex intertwined association between breastfeeding practices and household food insecurity: Systematic review and meta‐analysis,10.1111/mcn.13696,Core Food Security Module,true,false,"A standardized questionnaire module for measuring household food security, used in several national surveys.",Various national statistical agencies,Public health / Food security
pub.1173510107,Complex intertwined association between breastfeeding practices and household food insecurity: Systematic review and meta‐analysis,10.1111/mcn.13696,Latin American and Caribbean Food Security Scale,true,false,A validated instrument for assessing household food insecurity across Latin America and the Caribbean.,Regional research networks and national surveys,Public health / Food security
pub.1173510107,Complex intertwined association between breastfeeding practices and household food insecurity: Systematic review and meta‐analysis,10.1111/mcn.13696,Brazilian Food Insecurity Scale,true,false,A nationally‑validated scale for measuring household food insecurity in Brazil.,Brazilian Institute of Geography and Statistics (IBGE),Public health / Food security
pub.1173556241,Examining ADHD and Cognitive Disengagement Syndrome Symptoms in Relation to Food Insecurity in Early Adolescents,10.1007/s10802-024-01226-5,ENSANUT‑2012,true,false,"The 2012 Mexican National Health and Nutrition Survey, a large‑scale, nationally representative dataset on health, nutrition, and socioeconomic variables.",National Institute of Public Health (Mexico),Public health / Nutrition
pub.1173726436,"Factors and Perceptions Associated with Post-Pandemic Food Sourcing and Dietary Patterns among Urban Corner Store Customers in Baltimore, Maryland",10.3390/nu16142196,Beverage Intake Questionnaire (BEVQ‑15),true,true,"A validated 15‑item questionnaire that quantifies habitual beverage consumption, including sugar‑sweetened beverages.",Survey instrument administered to participants via Qualtrics,Nutrition assessment
pub.1173726436,"Factors and Perceptions Associated with Post-Pandemic Food Sourcing and Dietary Patterns among Urban Corner Store Customers in Baltimore, Maryland",10.3390/nu16142196,Block Fruit/Vegetable/Fiber (FVF) Screener,true,true,"A brief dietary screener that estimates usual fruit, vegetable, and fiber consumption.",Survey instrument administered to participants via Qualtrics,Nutrition assessment
pub.1173726436,"Factors and Perceptions Associated with Post-Pandemic Food Sourcing and Dietary Patterns among Urban Corner Store Customers in Baltimore, Maryland",10.3390/nu16142196,Adult Impact Questionnaire (AIQ),true,true,"A comprehensive questionnaire covering sociodemographics, food sourcing, dietary intake screeners, and psychosocial factors.",Online survey platform (Qualtrics) hosted on a Johns Hopkins server,Public health / nutrition behavior
pub.1173812005,Experiences participating in federal nutrition assistance programs during the early months of the COVID-19 pandemic: an investigation in Vermont,10.1186/s12937-024-00963-z,discovered_datasets,false,false,,,
pub.1173812005,Experiences participating in federal nutrition assistance programs during the early months of the COVID-19 pandemic: an investigation in Vermont,10.1186/s12937-024-00963-z,name,false,false,,,
pub.1173812005,Experiences participating in federal nutrition assistance programs during the early months of the COVID-19 pandemic: an investigation in Vermont,10.1186/s12937-024-00963-z,": 9.0,",false,false,,,
pub.1173812005,Experiences participating in federal nutrition assistance programs during the early months of the COVID-19 pandemic: an investigation in Vermont,10.1186/s12937-024-00963-z,Public health / nutrition security,false,false,,,
pub.1173812005,Experiences participating in federal nutrition assistance programs during the early months of the COVID-19 pandemic: an investigation in Vermont,10.1186/s12937-024-00963-z,size,false,false,,,
pub.1173812005,Experiences participating in federal nutrition assistance programs during the early months of the COVID-19 pandemic: an investigation in Vermont,10.1186/s12937-024-00963-z,600 respondents,false,false,,,
pub.1173812005,Experiences participating in federal nutrition assistance programs during the early months of the COVID-19 pandemic: an investigation in Vermont,10.1186/s12937-024-00963-z,format,false,false,,,
pub.1173812005,Experiences participating in federal nutrition assistance programs during the early months of the COVID-19 pandemic: an investigation in Vermont,10.1186/s12937-024-00963-z,Online questionnaire data (CSV/Excel),false,false,,,
pub.1173812005,Experiences participating in federal nutrition assistance programs during the early months of the COVID-19 pandemic: an investigation in Vermont,10.1186/s12937-024-00963-z,access_info,false,false,,,
pub.1173812005,Experiences participating in federal nutrition assistance programs during the early months of the COVID-19 pandemic: an investigation in Vermont,10.1186/s12937-024-00963-z,": false,",false,false,,,
pub.1173812005,Experiences participating in federal nutrition assistance programs during the early months of the COVID-19 pandemic: an investigation in Vermont,10.1186/s12937-024-00963-z,": null,",false,false,,,
pub.1173812005,Experiences participating in federal nutrition assistance programs during the early months of the COVID-19 pandemic: an investigation in Vermont,10.1186/s12937-024-00963-z,"},
    {",false,false,,,
pub.1173812005,Experiences participating in federal nutrition assistance programs during the early months of the COVID-19 pandemic: an investigation in Vermont,10.1186/s12937-024-00963-z,": 7.5,",false,false,,,
pub.1173812005,Experiences participating in federal nutrition assistance programs during the early months of the COVID-19 pandemic: an investigation in Vermont,10.1186/s12937-024-00963-z,domain,false,false,,,
pub.1173812005,Experiences participating in federal nutrition assistance programs during the early months of the COVID-19 pandemic: an investigation in Vermont,10.1186/s12937-024-00963-z,Food security measurement,false,false,,,
pub.1173812005,Experiences participating in federal nutrition assistance programs during the early months of the COVID-19 pandemic: an investigation in Vermont,10.1186/s12937-024-00963-z,Survey questionnaire items,false,false,,,
pub.1173812005,Experiences participating in federal nutrition assistance programs during the early months of the COVID-19 pandemic: an investigation in Vermont,10.1186/s12937-024-00963-z,is_known_dataset,false,false,,,
pub.1173812005,Experiences participating in federal nutrition assistance programs during the early months of the COVID-19 pandemic: an investigation in Vermont,10.1186/s12937-024-00963-z,matched_known_dataset,false,false,,,
pub.1173812005,Experiences participating in federal nutrition assistance programs during the early months of the COVID-19 pandemic: an investigation in Vermont,10.1186/s12937-024-00963-z,discovery_reasoning,false,false,,,
pub.1173812005,Experiences participating in federal nutrition assistance programs during the early months of the COVID-19 pandemic: an investigation in Vermont,10.1186/s12937-024-00963-z,Health and nutrition epidemiology,false,false,,,
pub.1173812005,Experiences participating in federal nutrition assistance programs during the early months of the COVID-19 pandemic: an investigation in Vermont,10.1186/s12937-024-00963-z,"Multiple cycles; each cycle ~5,000 participants",false,false,,,
pub.1173812005,Experiences participating in federal nutrition assistance programs during the early months of the COVID-19 pandemic: an investigation in Vermont,10.1186/s12937-024-00963-z,U.S. Census Household Pulse Survey,false,false,,,
pub.1173812005,Experiences participating in federal nutrition assistance programs during the early months of the COVID-19 pandemic: an investigation in Vermont,10.1186/s12937-024-00963-z,confidence_score,false,false,,,
pub.1173812005,Experiences participating in federal nutrition assistance programs during the early months of the COVID-19 pandemic: an investigation in Vermont,10.1186/s12937-024-00963-z,text_quote,false,false,,,
pub.1173812005,Experiences participating in federal nutrition assistance programs during the early months of the COVID-19 pandemic: an investigation in Vermont,10.1186/s12937-024-00963-z,U.S. Census Bureau,false,false,,,
pub.1173812005,Experiences participating in federal nutrition assistance programs during the early months of the COVID-19 pandemic: an investigation in Vermont,10.1186/s12937-024-00963-z,Socio‑economic and health impacts of COVID‑19,false,false,,,
pub.1173812005,Experiences participating in federal nutrition assistance programs during the early months of the COVID-19 pandemic: an investigation in Vermont,10.1186/s12937-024-00963-z,"63,674 respondents (2020 wave)",false,false,,,
pub.1173812005,Experiences participating in federal nutrition assistance programs during the early months of the COVID-19 pandemic: an investigation in Vermont,10.1186/s12937-024-00963-z,Online questionnaire data (public use files),false,false,,,
pub.1173812005,Experiences participating in federal nutrition assistance programs during the early months of the COVID-19 pandemic: an investigation in Vermont,10.1186/s12937-024-00963-z,Publicly available through Census Bureau website.,false,false,,,
pub.1173812005,Experiences participating in federal nutrition assistance programs during the early months of the COVID-19 pandemic: an investigation in Vermont,10.1186/s12937-024-00963-z,"}
  ],",false,false,,,
pub.1173812005,Experiences participating in federal nutrition assistance programs during the early months of the COVID-19 pandemic: an investigation in Vermont,10.1186/s12937-024-00963-z,: {,false,false,,,
pub.1173812005,Experiences participating in federal nutrition assistance programs during the early months of the COVID-19 pandemic: an investigation in Vermont,10.1186/s12937-024-00963-z,": 4,",false,false,,,
pub.1173812005,Experiences participating in federal nutrition assistance programs during the early months of the COVID-19 pandemic: an investigation in Vermont,10.1186/s12937-024-00963-z,": 2,",false,false,,,
pub.1173812005,Experiences participating in federal nutrition assistance programs during the early months of the COVID-19 pandemic: an investigation in Vermont,10.1186/s12937-024-00963-z,NFACT,false,false,,,
pub.1173812005,Experiences participating in federal nutrition assistance programs during the early months of the COVID-19 pandemic: an investigation in Vermont,10.1186/s12937-024-00963-z,SNAP,false,false,,,
pub.1173812005,Experiences participating in federal nutrition assistance programs during the early months of the COVID-19 pandemic: an investigation in Vermont,10.1186/s12937-024-00963-z,WIC,false,false,,,
pub.1173812005,Experiences participating in federal nutrition assistance programs during the early months of the COVID-19 pandemic: an investigation in Vermont,10.1186/s12937-024-00963-z,FPL,false,false,,,
pub.1173866062,Non-market food production can contribute to diverse dimensions of food security according to key informants in northern New England,10.1080/21683565.2024.2378697,Household Food Insecurity Access Scale (HFIAS),false,false,"A scale developed to measure food insecurity access at the household level, often used in low‑ and middle‑income country surveys.","Coates, Swindale, and Bilinsky (2007)",Food Security / Nutrition Survey
pub.1173910897,Food insecurity and the risk of mortality among Hispanics with hypertension,10.1016/j.numecd.2024.07.009,National Death Index (NDI),true,true,A centralized database of death record information compiled from state vital statistics offices.,National Center for Health Statistics (NCHS),Mortality / Epidemiology
pub.1173910897,Food insecurity and the risk of mortality among Hispanics with hypertension,10.1016/j.numecd.2024.07.009,NHANES Public-Use Linked Mortality File,true,true,"A publicly available file that links NHANES participants to death records from the NDI, providing follow‑up time and cause of death.",CDC/NCHS (derived from NHANES and NDI),Public health / Mortality
pub.1173910897,Food insecurity and the risk of mortality among Hispanics with hypertension,10.1016/j.numecd.2024.07.009,Hispanic Community Health Study/Study of Latinos (HCHS/SOL),true,false,A multi‑center cohort study that follows Hispanic/Latino adults to investigate health outcomes.,National Institutes of Health (NIH),Epidemiology / Public health
pub.1173960729,Exploring the Evolutionary Characteristics of Food Security in China and the United States from a Multidimensional Perspective,10.3390/foods13142272,Living Standards Measurement Study‑Integrated Surveys on Agriculture (LSMS‑ISA),true,false,A World Bank program providing harmonized agricultural household survey data for low‑ and middle‑income countries.,World Bank,"Agricultural economics, household surveys"
pub.1173960729,Exploring the Evolutionary Characteristics of Food Security in China and the United States from a Multidimensional Perspective,10.3390/foods13142272,Food Consumption Score (FCS),true,false,A composite indicator used by the WFP to assess food consumption and dietary quality at the household level.,World Food Programme,"Food security, nutrition"
pub.1173960729,Exploring the Evolutionary Characteristics of Food Security in China and the United States from a Multidimensional Perspective,10.3390/foods13142272,Food Insecurity Experience Scale (FIES),true,false,A globally validated questionnaire for measuring individual food insecurity experiences.,,"Food security, survey methodology"
pub.1173960729,Exploring the Evolutionary Characteristics of Food Security in China and the United States from a Multidimensional Perspective,10.3390/foods13142272,Household Food Insecurity Access Scale (HFIAS),true,false,A questionnaire assessing access‑related aspects of household food insecurity.,,"Food security, household surveys"
pub.1174039077,Household Food Sourcing Patterns and Their Associations With Food Insecurity in Appalachian Ohio,10.1016/j.jand.2024.07.162,US Adult Food Security Module (USDA 10-item),false,false,A 10-item questionnaire used to assess household food security status over the previous 30 days.,U.S. Department of Agriculture,Nutrition/Food Security
pub.1174039077,Household Food Sourcing Patterns and Their Associations With Food Insecurity in Appalachian Ohio,10.1016/j.jand.2024.07.162,Household Pulse Survey,false,false,A rapid response survey by the U.S. Census Bureau collecting data on the social and economic impacts of COVID-19 on American households.,U.S. Census Bureau,Public Health/Economics
pub.1174803730,Expanded Child Tax Credit and Food Insecurity,10.1001/jamainternmed.2024.3972,IPUMS CPS,true,true,"Integrated Public Use Microdata Series version of the CPS, providing cleaned, harmonized CPS microdata with additional variables and weights.",IPUMS (University of Minnesota),Demography / Labor Economics
pub.1174803730,Expanded Child Tax Credit and Food Insecurity,10.1001/jamainternmed.2024.3972,Current Population Survey Annual Social and Economic Supplement (ASEC),true,true,"The Annual Social and Economic Supplement of the CPS provides detailed information on income, taxes, and program participation for U.S. households.",US Census Bureau,Economics / Public Policy
pub.1174849929,Food Insecurity across Age Groups in the United States during the COVID-19 Pandemic,10.3390/ijerph21081078,USDA six‑item food security module,true,false,A shortened version of the USDA food security questionnaire consisting of six items.,USDA Economic Research Service,"Nutrition, food security"
pub.1174849929,Food Insecurity across Age Groups in the United States during the COVID-19 Pandemic,10.3390/ijerph21081078,ERS Food Security Supplement report,true,false,Annual report from USDA Economic Research Service summarizing food‑security status using the HFSSM.,USDA Economic Research Service,"Nutrition, public policy"
pub.1174849929,Food Insecurity across Age Groups in the United States during the COVID-19 Pandemic,10.3390/ijerph21081078,Census Master Address File (MAF),true,false,A comprehensive database of residential addresses used by the US Census Bureau for sampling.,US Census Bureau,"Survey methodology, demography"
pub.1174873139,"The Association Between Food Insecurity, Parental Stress, and Child Development",10.1097/fch.0000000000000411,Behavioral Risk Factor Surveillance System (BRFSS) Questions,true,true,A set of standardized questions from the BRFSS used to capture risk behaviors and health perceptions.,Selected items incorporated into the HCF study questionnaire.,Public health / Behavioral surveillance
pub.1174873139,"The Association Between Food Insecurity, Parental Stress, and Child Development",10.1097/fch.0000000000000411,"Ages and Stages Questionnaire, Third Edition (ASQ‑3)",true,true,A parent‑completed screening tool for early childhood developmental milestones.,Administered to caregivers of children enrolled in the HCF program.,Child development / Pediatrics
pub.1174873139,"The Association Between Food Insecurity, Parental Stress, and Child Development",10.1097/fch.0000000000000411,Parental Stress Index Short Form (PSI‑SF),true,true,A short‑form questionnaire assessing parental stress levels.,Completed by primary caregivers during baseline data collection.,Psychology / Family health
pub.1175151400,Risk Factors for Food Insecurity among Early Childhood Education Providers: Time for a Solution,10.3390/ijerph21091131,Child Care Resource Center (CCRC) survey,true,true,"A cross‑sectional survey of approximately 2,000 early care and education providers in California administered by the Child Care Resource Center.",Child Care Resource Center (CCRC),Early childhood education / Public health
pub.1175151400,Risk Factors for Food Insecurity among Early Childhood Education Providers: Time for a Solution,10.3390/ijerph21091131,National Center for Education Statistics Early Childhood Program Participation (NCES ECPP),true,false,A national survey dataset that reports participation rates in early childhood programs across the United States.,National Center for Education Statistics,Education statistics
pub.1175151400,Risk Factors for Food Insecurity among Early Childhood Education Providers: Time for a Solution,10.3390/ijerph21091131,National Household Education Surveys Program (NHES),true,false,"A program of surveys conducted by NCES that gathers information on educational experiences of households, including early childhood program participation.",National Center for Education Statistics,Education statistics
pub.1175226052,Food Insecurity Status and Health Care Utilization Among COPD Patients: A Retrospective Study,10.1177/01939459241274850,Electronic Health Records (EHR) of three Southern California hospitals,false,false,Patient‑level clinical and administrative data extracted from the electronic health record systems of three participating hospitals in a regional health‑care delivery system.,Integrated regional health‑care delivery system (Southern California),Clinical / Health services research
pub.1175226052,Food Insecurity Status and Health Care Utilization Among COPD Patients: A Retrospective Study,10.1177/01939459241274850,Nationwide Emergency Department Sample (NEDS),true,false,A HCUP database that provides a national sample of emergency department visits.,HCUP (Healthcare Cost and Utilization Project),Health services research / Emergency care utilization
pub.1175226052,Food Insecurity Status and Health Care Utilization Among COPD Patients: A Retrospective Study,10.1177/01939459241274850,U.S. Department of Agriculture Economic Research Report (Food Insecurity and Chronic Conditions),false,false,A USDA Economic Research Service report that presents national estimates of food insecurity and its association with chronic diseases.,"U.S. Department of Agriculture, Economic Research Service",Public health / Nutrition epidemiology
pub.1175266540,Trauma exposure proximity associated with eating disorder diagnosis in women with food insecurity,10.1016/j.appet.2024.107653,National Longitudinal Study of Adolescent to Adult Health,true,false,"A nationally representative longitudinal cohort that follows adolescents into adulthood, collecting health, social, and behavioral data.",Citation in reference list (not a primary data source for this paper).,Public Health / Epidemiology
pub.1175266540,Trauma exposure proximity associated with eating disorder diagnosis in women with food insecurity,10.1016/j.appet.2024.107653,Great Smoky Mountains Study,true,false,A longitudinal study examining mental health outcomes among participants in the Great Smoky Mountains region.,Citation in reference list (not used for analysis in the current paper).,Psychiatry / Mental Health
pub.1175405067,"Understanding Food Insecurity and Participation in Food Assistance Programs among Hispanic/Latino Residents of Hialeah, Florida, before and during the COVID-19 Pandemic",10.3390/su16177612,Census Household Pulse Survey (CHHPS),false,false,Rapid‑response survey launched by the U.S. Census Bureau to track the social and economic impacts of COVID‑19.,U.S. Census Bureau,Social‑science / Public‑health
pub.1175405067,"Understanding Food Insecurity and Participation in Food Assistance Programs among Hispanic/Latino Residents of Hialeah, Florida, before and during the COVID-19 Pandemic",10.3390/su16177612,Data Axle (formerly Reference USA) business database,false,false,"Commercial database of U.S. businesses with firm‑level attributes (address, industry codes, etc.).",Data Axle (Reference USA),Business / Geographic information
pub.1175405067,"Understanding Food Insecurity and Participation in Food Assistance Programs among Hispanic/Latino Residents of Hialeah, Florida, before and during the COVID-19 Pandemic",10.3390/su16177612,Local Harvest dataset,false,false,"Online directory of farms, farmers markets, and CSAs in the United States.",Local Harvest (non‑profit organization),Agriculture / Food‑access
pub.1175405067,"Understanding Food Insecurity and Participation in Food Assistance Programs among Hispanic/Latino Residents of Hialeah, Florida, before and during the COVID-19 Pandemic",10.3390/su16177612,Farmshare dataset,false,false,Directory of community‑supported agriculture (CSA) programs and farm‑direct sales.,Farmshare (non‑profit platform),Agriculture / Food‑access
pub.1175405067,"Understanding Food Insecurity and Participation in Food Assistance Programs among Hispanic/Latino Residents of Hialeah, Florida, before and during the COVID-19 Pandemic",10.3390/su16177612,Feeding South Florida dataset,false,false,"Regional directory of food‑pantries, soup kitchens and other emergency food providers in South Florida.",Feeding South Florida (non‑profit network),Food‑security / Community services
pub.1175405067,"Understanding Food Insecurity and Participation in Food Assistance Programs among Hispanic/Latino Residents of Hialeah, Florida, before and during the COVID-19 Pandemic",10.3390/su16177612,Foodpantries.org dataset,false,false,National searchable directory of food‑pantries and related services.,Foodpantries.org (non‑profit),Food‑security
pub.1175405067,"Understanding Food Insecurity and Participation in Food Assistance Programs among Hispanic/Latino Residents of Hialeah, Florida, before and during the COVID-19 Pandemic",10.3390/su16177612,"Social‑media platform data (Facebook, Twitter, Instagram)",false,false,"Public posts, pages, and event listings from major social‑media platforms that advertise food‑relief services.","Facebook, Twitter, Instagram",Community outreach / Food‑access
pub.1175405067,"Understanding Food Insecurity and Participation in Food Assistance Programs among Hispanic/Latino Residents of Hialeah, Florida, before and during the COVID-19 Pandemic",10.3390/su16177612,City of Hialeah official website data,false,false,"Municipal webpages providing permits, locations, and contact information for local food‑relief organizations.",City of Hialeah (municipal government),Local government / Food‑access
pub.1175405067,"Understanding Food Insecurity and Participation in Food Assistance Programs among Hispanic/Latino Residents of Hialeah, Florida, before and during the COVID-19 Pandemic",10.3390/su16177612,U.S. Census Bureau Open Data mapping tool (2020 shapefiles),false,false,Open GIS shapefiles of municipal boundaries and census tracts released by the U.S. Census Bureau.,U.S. Census Bureau – TIGER/Line Shapefiles,Geography / GIS
pub.1175520736,Food Insecurity and Dementia Risk in U.S. Older Adults: Evidence From the 2013–2021 Panel Study of Income Dynamics,10.1093/geronb/gbae153,National Health and Aging Trends Survey (NHATS),true,false,A longitudinal study of Medicare beneficiaries aged 65+ focusing on health and functioning trends.,https://www.nhats.org/,Aging/Health Survey
pub.1175520909,Focusing attention on the important association between food insecurity and psychological distress: a systematic review and meta-analysis,10.1186/s40795-024-00922-1,Household Food Insecurity Access Scale (HFIAS),true,false,A scale consisting of nine items that measures the access component of household food insecurity.,International Food Policy Research Institute (IFPRI),Food security research
pub.1175520909,Focusing attention on the important association between food insecurity and psychological distress: a systematic review and meta-analysis,10.1186/s40795-024-00922-1,Food Insecurity Experience Scale Survey Module for Individuals (FIES),true,false,A globally standardized questionnaire to assess the severity of food insecurity at the individual level.,FAO/UNEP/World Bank,Food security assessment
pub.1175520909,Focusing attention on the important association between food insecurity and psychological distress: a systematic review and meta-analysis,10.1186/s40795-024-00922-1,Radimer/Cornell Hunger and Food Scale,true,false,"A set of items designed to assess household hunger and food insecurity, originally developed by Radimer and Cornell researchers.",Cornell University Food Security Research,Nutrition / Food security
pub.1175563939,Exploring Food Insecurity and Perceived Stress on Daytime Sleepiness among Older Adults in New York City,10.3390/foods13172831,National Health and Aging Trends Study (NHATS),true,false,"A longitudinal, nationally representative study of health and functional status among U.S. adults aged 65 and older.",Johns Hopkins University / National Institute on Aging,Aging research
pub.1175563939,Exploring Food Insecurity and Perceived Stress on Daytime Sleepiness among Older Adults in New York City,10.3390/foods13172831,Epidemiology of Chronic Diseases Cohort Study,true,false,A cohort study examining chronic disease patterns and related health outcomes.,,Epidemiology / Chronic disease research
pub.1175687308,Could measuring factors other than a lack of financial resources help in achieving the zero hunger goal,10.3389/fsufs.2024.1412401,Food Insecurity Experience Scale (FIES),true,false,An experience‑based questionnaire developed by FAO to assess food insecurity at the individual or household level worldwide.,Food and Agriculture Organization of the United Nations,"Food security, International development"
pub.1176114932,Individual‐ and environmental‐level determinants of fruit and vegetable intakes in rural Georgia,10.1111/jrh.12880,Two Georgias Initiative (TGI) evaluation data,true,true,"Survey data collected as part of the evaluation of the Two Georgias Initiative, covering health behaviors, food access, and demographics of rural Georgia residents.",Healthcare Georgia Foundation / The Two Georgias Initiative,Public health / Rural health evaluation
pub.1176114932,Individual‐ and environmental‐level determinants of fruit and vegetable intakes in rural Georgia,10.1111/jrh.12880,American Community Survey,true,false,"An ongoing U.S. Census Bureau survey that provides detailed demographic, social, economic, and housing data.",U.S. Census Bureau,Demography / Socio‑economic variables
pub.1176114932,Individual‐ and environmental‐level determinants of fruit and vegetable intakes in rural Georgia,10.1111/jrh.12880,Behavioral Risk Factor Surveillance System,true,false,"A CDC‑run telephone survey collecting data on health-related risk behaviors, chronic health conditions, and use of preventive services.",Centers for Disease Control and Prevention (CDC),Public health / Behavioral health
pub.1176114932,Individual‐ and environmental‐level determinants of fruit and vegetable intakes in rural Georgia,10.1111/jrh.12880,Nielsen TDLinx,true,false,"A commercial database that provides information on retail locations, sales, and classification of food stores.",Nielsen,Retail food environment
pub.1176114932,Individual‐ and environmental‐level determinants of fruit and vegetable intakes in rural Georgia,10.1111/jrh.12880,National Establishment Time Series (NETS),true,false,A longitudinal database of U.S. business establishments compiled by the U.S. Census Bureau.,U.S. Census Bureau,Business/Retail environment
pub.1181082564,Material hardship and use of social safety net programs among LGBT adults and their families,10.1111/asap.12432,Well-Being and Basic Needs Survey (WBNS),true,true,"A nationally‑representative survey that assesses material wellbeing, health status, housing, income, and social‑safety‑net program participation among U.S. adults.",Urban Institute; publicly available via ICPSR (series 1861).,Public health / Social science
pub.1181082564,Material hardship and use of social safety net programs among LGBT adults and their families,10.1111/asap.12432,American Community Survey (ACS),true,true,"An annual survey providing detailed demographic, social, economic, and housing data for the U.S. population.",U.S. Census Bureau.,Demography / Social statistics
pub.1181082564,Material hardship and use of social safety net programs among LGBT adults and their families,10.1111/asap.12432,ICPSR Series 1861 (Well‑Being and Basic Needs Survey),true,true,Repository entry for the Well‑Being and Basic Needs Survey data hosted by the Inter‑University Consortium for Political and Social Research.,ICPSR (University of Michigan).,Social science survey data
pub.1181082564,Material hardship and use of social safety net programs among LGBT adults and their families,10.1111/asap.12432,KnowledgePanel,true,true,A probability‑based online panel maintained by GfK that provides a sampling frame for many national surveys.,GfK KnowledgePanel.,Survey research / Panel data
pub.1181114024,Food insecurity and mortality risk among adults with Chronic Kidney Disease: A longitudinal cohort study of NHANES,10.1186/s41110-024-00295-2,National Death Index (NDI),true,true,"A centralized database of death record information compiled from state vital statistics offices, used to determine mortality status of study participants.","National Center for Health Statistics (NCHS), CDC",Epidemiology / Mortality surveillance
pub.1181114464,Food insecurity and its associations with cardiometabolic health in Latino individuals of Mexican ancestry,10.3389/fnut.2024.1499504,El Banco por Salud biobank,true,true,"A biobank established in 2017 by the Center for Disparities in Diabetes, Obesity, and Metabolism at the University of Arizona, containing health data and biospecimens from primarily Latino patients of Mexican ancestry.","University of Arizona, Center for Disparities in Diabetes, Obesity, and Metabolism","Health/Medical, Genomics, Epidemiology"
pub.1181114464,Food insecurity and its associations with cardiometabolic health in Latino individuals of Mexican ancestry,10.3389/fnut.2024.1499504,Food Insecurity Experience Scale (FIES),true,false,A globally validated questionnaire developed by the FAO to assess individual food insecurity experiences.,Food and Agriculture Organization of the United Nations (FAO),"Food Security, Survey Research"
pub.1181246645,Clay 3D printed hydroponics: A paradigm to address global food insecurity,10.1177/14780771241287826,USAFacts,true,true,"Open‑data nonprofit providing U.S. demographic and socio‑economic data, including food‑desert metrics.",USAFacts,Socio‑economic / food access
pub.1181246645,Clay 3D printed hydroponics: A paradigm to address global food insecurity,10.1177/14780771241287826,Global Report on Food Crises 2023,true,true,"Annual report from the World Food Programme providing country‑level data on food crises, hunger, and vulnerability.",World Food Programme (WFP),Global food security
pub.1181246645,Clay 3D printed hydroponics: A paradigm to address global food insecurity,10.1177/14780771241287826,UNICEF State of Food Security and Nutrition in the World 2023,true,false,"Annual UNICEF report containing statistics on child nutrition, food security, and related indicators worldwide.",UNICEF,Nutrition / food security
pub.1181246645,Clay 3D printed hydroponics: A paradigm to address global food insecurity,10.1177/14780771241287826,World Bank Climate Migration Data,true,false,World Bank report providing projections and data on internal climate migration.,World Bank,Climate change / migration
pub.1181289696,A novel approach to assessing food insecurity for small geographic areas using household living budgets,10.1007/s12571-024-01494-5,ACS Table B11016,true,false,ACS table providing household composition by family type.,U.S. Census Bureau,Demographic characteristics
pub.1181358049,Food Surrogates? County-Level Association Between Vegetable Production and Food Insecurity in the Rural South,10.1080/19320248.2024.2412561,USDA Economic Research Service (ERS) Food Environment Index,true,true,"Dataset containing measures of food access, food security, and related socioeconomic indicators at the county level.",USDA Economic Research Service (ERS),Public Health / Food Access
pub.1181358049,Food Surrogates? County-Level Association Between Vegetable Production and Food Insecurity in the Rural South,10.1080/19320248.2024.2412561,County Health Rankings,true,true,"A publicly available database that aggregates health, demographic, and socioeconomic indicators for U.S. counties.",County Health Rankings & Roadmaps program,Public Health
pub.1181403769,Reassessing the Burden of Food Insecurity in Youth and Young Adults With Youth-onset Diabetes: The Importance of Marginal Food Security,10.1016/j.jcjd.2024.10.006,SEARCH Food Security Cohort Study (SFS),true,true,A sub‑study of the SEARCH cohort that collected food‑security data using the USDA HFSSM and linked it to diabetes clinical outcomes.,"SEARCH consortium sites (South Carolina, Colorado, Washington)",Diabetes research / Nutrition
pub.1181403769,Reassessing the Burden of Food Insecurity in Youth and Young Adults With Youth-onset Diabetes: The Importance of Marginal Food Security,10.1016/j.jcjd.2024.10.006,SEARCH for Diabetes in Youth Study,true,true,A multi‑center US surveillance and cohort study that identified youth with type 1 and type 2 diabetes from 2000‑2020.,Multiple US academic centers; NIH funding,Diabetes research / Epidemiology
pub.1181765321,A Method for Assessing the Prevalence of Food Insecurity in Older Adults Based on Resource Constraints and Food-Related Physical Functioning Limitations,10.1016/j.cdnut.2024.104494,Physical Food Security instrument (PFS),true,true,A six‑item questionnaire measuring food‑related physical functioning limitations.,Developed by the authors in a prior validation study (reference 16).,Nutrition / physical functioning
pub.1181765321,A Method for Assessing the Prevalence of Food Insecurity in Older Adults Based on Resource Constraints and Food-Related Physical Functioning Limitations,10.1016/j.cdnut.2024.104494,What We Eat in America (WWEIA) dietary recall data,true,true,Two‑day 24‑hour dietary recall dataset within NHANES used to assess food intake.,NHANES dietary interview (WWEIA) files,Nutrition / dietary assessment
pub.1181765321,A Method for Assessing the Prevalence of Food Insecurity in Older Adults Based on Resource Constraints and Food-Related Physical Functioning Limitations,10.1016/j.cdnut.2024.104494,Patient Health Questionnaire‑9 (PHQ‑9),true,true,A 9‑item self‑report questionnaire assessing depression severity.,NHANES MEC interview component,Mental health
pub.1181767961,"Prone to Stones?: Evaluating the association between food insecurity, psychiatric comorbidity, and pediatric stone management",10.1016/j.jpurol.2024.10.018,Area Deprivation Index (ADI),true,true,A composite socioeconomic dataset that assigns deprivation scores to neighborhoods based on multiple census‑derived variables.,Derived from the Neighborhood Atlas; commonly referenced in health disparities research.,Socioeconomic health / public health
pub.1181767961,"Prone to Stones?: Evaluating the association between food insecurity, psychiatric comorbidity, and pediatric stone management",10.1016/j.jpurol.2024.10.018,Neighborhood Atlas,true,false,An online resource that provides the Area Deprivation Index and related socioeconomic metrics for U.S. neighborhoods.,University of Wisconsin School of Medicine and Public Health (original creators of the ADI),Socioeconomic / public health
pub.1182277501,Intragenerational and Intergenerational Transmission of Food Insecurity: An Analysis of Black and White Women and Children From the NHLBI Growth and Health Study,10.1016/j.tjnut.2024.11.008,"National Heart, Lung, and Blood Institute Growth and Health Study (NGHS)",true,true,"A longitudinal cohort study that enrolled Black and White girls in 1987‑1988 and followed them into adulthood, collecting health, behavioral, and socioeconomic data.","National Heart, Lung, and Blood Institute",Epidemiology / Public Health
pub.1182277501,Intragenerational and Intergenerational Transmission of Food Insecurity: An Analysis of Black and White Women and Children From the NHLBI Growth and Health Study,10.1016/j.tjnut.2024.11.008,Past Food Insecurity Scale (PFIS),true,true,A 7‑item (adapted to 5‑item) questionnaire assessing frequency of food deprivation during childhood.,Adapted by study investigators (originally developed for Latino immigrant mothers),Nutrition / Food Security
pub.1182277501,Intragenerational and Intergenerational Transmission of Food Insecurity: An Analysis of Black and White Women and Children From the NHLBI Growth and Health Study,10.1016/j.tjnut.2024.11.008,Child Food Security Assessment (CFSA),true,true,"A validated self‑report tool that captures cognitive, emotional, and physical awareness of food insecurity among school‑age children.",Developed by researchers cited in references [21][28],Nutrition / Child Health
pub.1182277501,Intragenerational and Intergenerational Transmission of Food Insecurity: An Analysis of Black and White Women and Children From the NHLBI Growth and Health Study,10.1016/j.tjnut.2024.11.008,United States Children’s Food Security Scale,true,true,A USDA‑derived scale that assesses food security status of children based on adult respondent answers.,USDA,Nutrition / Public Health
pub.1182362809,The Impacts of Louisiana’s Changing Climate on Food Crop Production,10.4236/as.2024.1511065,Extreme Weather Watch,true,true,"Repository of historical weather observations and climate indices, used here for average high temperature data.",Extreme Weather Watch (2023),Climatology / Meteorology
pub.1182362809,The Impacts of Louisiana’s Changing Climate on Food Crop Production,10.4236/as.2024.1511065,National Centres for Environmental Information (NCEI),true,true,"NCEI provides climate and environmental data, here used for annual precipitation records.",National Centres for Environmental Information (2022),Climatology / Meteorology
pub.1182362809,The Impacts of Louisiana’s Changing Climate on Food Crop Production,10.4236/as.2024.1511065,"USDA reports (2009, 2014, 2019)",true,true,USDA-published agricultural statistics reports containing harvested cropland acreage by parish for the specified years.,"United States Department of Agriculture (USDA) reports 2009, 2014, 2019",Agriculture
pub.1182526495,Test Validity of a Single-Item Food Insecurity Screening Assessment Among College Students,10.1177/08901171241302001,USDA Food Security Survey Module Short Form (USDA FSSM‑SF),true,true,"A six‑item short form of the USDA Food Security Survey Module used to classify respondents into marginal, low, or very low food security.",United States Department of Agriculture (USDA),Food security / Public health
pub.1182526495,Test Validity of a Single-Item Food Insecurity Screening Assessment Among College Students,10.1177/08901171241302001,USDA 6-item Short Form of the Food Security Survey Module,true,true,Six‑item version of the USDA Food Security Survey Module used to compute a food‑security score (0‑6).,United States Department of Agriculture (USDA),Food security / Public health
pub.1182612292,"Evaluating effects of meal delivery on the ability of homebound older adults to remain in the community via a pragmatic, two-arm, randomized comparative effectiveness trial: study protocol for the Deliver-EE trial",10.1186/s13063-024-08635-3,Centers for Medicare & Medicaid Services (CMS) data,false,false,"Administrative claims, assessment, and enrollment records from Medicare and Medicaid covering health service utilization, diagnoses, and demographic information.",Centers for Medicare & Medicaid Services,Health services / Healthcare utilization
pub.1182612292,"Evaluating effects of meal delivery on the ability of homebound older adults to remain in the community via a pragmatic, two-arm, randomized comparative effectiveness trial: study protocol for the Deliver-EE trial",10.1186/s13063-024-08635-3,National Health and Aging Trends Study (NHATS),false,false,A longitudinal cohort study of Medicare‑eligible older adults in the United States.,Johns Hopkins University Center for Aging and Health,Aging / Gerontology
pub.1182665748,Identifying Areas of High Vulnerability for Rural Veteran Food Insecurity,10.1177/21501319241277411,Community Health Rankings & Roadmaps (County Health Rankings),true,true,Dataset providing county-level health outcomes and factors across the United States.,University of Wisconsin Population Health Institute & Robert Wood Johnson Foundation,Public Health
pub.1182665748,Identifying Areas of High Vulnerability for Rural Veteran Food Insecurity,10.1177/21501319241277411,Homeland Infrastructure Foundation-Level Data (HIFLD) Open Data Portal,true,true,"Open dataset providing geospatial information on U.S. infrastructure, including health facilities.",U.S. Department of Homeland Security,Geospatial / Infrastructure
pub.1182665748,Identifying Areas of High Vulnerability for Rural Veteran Food Insecurity,10.1177/21501319241277411,Veterans Health Administration (VHA) Facility Locations Dataset,true,true,"Internal dataset containing geographic locations of VHA medical centers, community-based outpatient clinics, and veteran centers.",Veterans Health Administration (internal),Healthcare
pub.1182665748,Identifying Areas of High Vulnerability for Rural Veteran Food Insecurity,10.1177/21501319241277411,Veterans Integrated Services Network (VISN) Boundaries Dataset,true,true,Geospatial dataset defining the regional boundaries of VHA's integrated service networks.,Veterans Health Administration,Healthcare Administration
pub.1182725377,Food insecurity in paradise: An exploration of food system resilience in the U.S. Virgin Islands,10.5304/jafscd.2024.141.010,Food Insecurity Experience Scale (FIES),true,true,A globally standardized survey instrument developed by the FAO to measure the prevalence of food insecurity at the household level.,Food and Agriculture Organization of the United Nations (FAO),Food Security / Public Health
pub.1182945044,"Impact of Fruit and Vegetable Incentive Programs on Food Insecurity, Fruit and Vegetable Consumption, and Health Outcomes: A Community Guide Systematic Review",10.1016/j.amepre.2024.11.016,Self-Administered Food Security Survey Module for Youth,true,true,A youth‑focused version of the USDA food security survey consisting of 9 self‑administered items.,USDA,Nutrition/Public Health
pub.1183092406,Food Insecurity and Weight Faltering: US Multisite Analysis of Young Children’s Weight Trajectory,10.1016/j.jand.2024.12.004,Children's HealthWatch sentinel surveillance study,true,true,"A multisite longitudinal surveillance dataset that collects health, socioeconomic, and developmental information on children under 48 months seen in emergency departments across several US cities.",Children's HealthWatch research network,Pediatrics / Public Health
pub.1183092406,Food Insecurity and Weight Faltering: US Multisite Analysis of Young Children’s Weight Trajectory,10.1016/j.jand.2024.12.004,Abbreviated Child and Adult Food Security Survey (ACAFSS),true,false,An 8‑item validated questionnaire for assessing household and child food security.,Research literature (not specified),Nutrition / Public Health
pub.1183170417,Economic well-being for households with children with disabilities: evidence from the SIPP,10.1007/s10826-024-02948-2,Survey of Income and Program Participation (SIPP),true,true,"A longitudinal, nationally‑representative panel survey conducted by the U.S. Census Bureau that collects detailed information on income, program participation, and demographic characteristics of U.S. households.",U.S. Census Bureau (2020) Survey of Income and Program Participation Users’ Guide; authors’ own data extraction from the 2018‑2020 panels.,Social‑economic and demographic research
pub.1183170417,Economic well-being for households with children with disabilities: evidence from the SIPP,10.1007/s10826-024-02948-2,American Community Survey (ACS),false,false,"An ongoing survey by the U.S. Census Bureau that provides detailed demographic, social, economic, and housing data.",ACS 2019 public release (cited indirectly).,Demography and socioeconomic research
pub.1183405145,Living in a food desert in Louisiana and its effects on gynecologic cancer outcomes,10.1016/j.ygyno.2024.12.001,Louisiana Tumor Registry (LTR),true,true,State‑level cancer registry containing all reportable cancer cases in Louisiana.,Louisiana Department of Health,Oncology / Cancer registry
pub.1183405145,Living in a food desert in Louisiana and its effects on gynecologic cancer outcomes,10.1016/j.ygyno.2024.12.001,"SEER Program (Surveillance, Epidemiology, and End Results)",true,true,National cancer incidence and survival database maintained by the National Cancer Institute.,National Cancer Institute,Oncology / Cancer epidemiology
pub.1183405145,Living in a food desert in Louisiana and its effects on gynecologic cancer outcomes,10.1016/j.ygyno.2024.12.001,American Community Survey (ACS),true,true,"Annual survey by the US Census Bureau providing detailed demographic, social, economic, and housing data.",US Census Bureau,Sociodemographic / Public health
pub.1183405145,Living in a food desert in Louisiana and its effects on gynecologic cancer outcomes,10.1016/j.ygyno.2024.12.001,CDC National Program of Cancer Registries (NPCR),true,true,CDC’s nationwide cancer registry network that complements SEER.,Centers for Disease Control and Prevention,Oncology / Cancer epidemiology
pub.1183405145,Living in a food desert in Louisiana and its effects on gynecologic cancer outcomes,10.1016/j.ygyno.2024.12.001,Store Tracking and Redemption System (STARS),true,true,Database of retail food store locations compiled by the USDA.,USDA Economic Research Service,Food access / Retail geography
pub.1183405145,Living in a food desert in Louisiana and its effects on gynecologic cancer outcomes,10.1016/j.ygyno.2024.12.001,Trade Dimensions TDLinx directory,true,true,Commercial database of retail locations used for market analysis.,Trade Dimensions,Retail geography
pub.1183405145,Living in a food desert in Louisiana and its effects on gynecologic cancer outcomes,10.1016/j.ygyno.2024.12.001,USCS Data Visualizations,true,false,Online visualization tool summarizing United States Cancer Statistics data.,National Cancer Institute / CDC,Cancer epidemiology
pub.1183977105,Association between Food Insecurity and Chronic Eye Disease in the National Institutes of Health's All of Us Research Program,10.1016/j.xops.2024.100697,All of Us Research Program,true,true,"A large, NIH‑funded cohort that links electronic health records, surveys, and physical measurements for a diverse U.S. population.",National Institutes of Health All of Us Research Program,Health/Medical research
pub.1184169793,"Development of a statewide network hub for screening, referral, and enrollment into food as medicine programs across Kentucky",10.3389/fpubh.2024.1502858,U.S. Census Bureau Total Population (DEC) Demographic and Housing Characteristics,true,false,National demographic and housing characteristic tables from the Decennial Census (DEC).,U.S. Census Bureau,Demography / Public Health
pub.1184169793,"Development of a statewide network hub for screening, referral, and enrollment into food as medicine programs across Kentucky",10.3389/fpubh.2024.1502858,USDA Economic Research Service (ERS) Food Security Guidance,true,false,Methodological guidance documents published by USDA ERS for interpreting HFSSM scores.,"U.S. Department of Agriculture, Economic Research Service",Nutrition / Public Health
pub.1184560210,"A Cross-Sectional Study Exploring the Role of Social Isolation in the Relationship Between Food Insecurity, Depressive Symptoms, and Resource Use Among Midwestern Rural Veterans in the U.S.",10.3390/nu17020318,PROMIS Short Form v2.0‑Social Isolation 4a,true,true,A validated 4‑item self‑report instrument measuring perceived social isolation.,National Institutes of Health (NIH) – PROMIS initiative,Psychology / Social Health
pub.1184560210,"A Cross-Sectional Study Exploring the Role of Social Isolation in the Relationship Between Food Insecurity, Depressive Symptoms, and Resource Use Among Midwestern Rural Veterans in the U.S.",10.3390/nu17020318,Patient Health Questionnaire‑2 (PHQ‑2),true,true,A brief screening tool for depressive symptom severity consisting of two items.,Original PHQ‑2 instrument (Kroenke et al.),Mental Health
pub.1184595778,"Associations between Food Insecurity and Perceived Overall Health, Stress, and Counseling Utilization among a Representative Sample of the Active-Duty United States Military, 2020",10.1016/j.tjnut.2024.12.007,Status of Forces Survey-Active Duty (SOFS-A),true,true,"A nationally representative, probability‑based survey of active‑duty U.S. military personnel covering demographics, health, nutrition, and other personnel issues.",Department of Defense Office for People Analytics,Military personnel survey
pub.1184595778,"Associations between Food Insecurity and Perceived Overall Health, Stress, and Counseling Utilization among a Representative Sample of the Active-Duty United States Military, 2020",10.1016/j.tjnut.2024.12.007,Health Related Behaviors Survey (HRBS),true,false,A Department of Defense survey that collects health‑related behavior data from active‑component service members.,Department of Defense Office for People Analytics,Health behavior surveillance in military populations
pub.1184597683,Characterizing the within-person variability of food insecurity in everyday life,10.1371/journal.pone.0312543,Power Packs Project (PPP) dataset,true,true,"A dataset collected from low‑income families participating in the Power Packs Project, comprising daily text‑message surveys on food insecurity over multiple two‑week bursts.",Georgetown University repository (https://repository.library.georgetown.edu/handle/10822/1089089).,Nutrition / Child Development
pub.1184597683,Characterizing the within-person variability of food insecurity in everyday life,10.1371/journal.pone.0312543,Census Pulse Survey (food insufficiency module),true,false,"A rapid, high‑frequency survey conducted by the U.S. Census Bureau that includes a 7‑day food insufficiency question.",U.S. Census Bureau; citation [14].,Public Health / Survey Research
pub.1184597683,Characterizing the within-person variability of food insecurity in everyday life,10.1371/journal.pone.0312543,COVID Impact Survey,true,false,"A survey conducted to assess the socioeconomic impacts of COVID‑19, including food insecurity indicators.",Citation in the reference list; DOI 10.1002/aepp.13100.,Public Health / Pandemic Research
pub.1184801317,Grocery intervention and DNA‐based assessment to improve diet quality in pediatric obesity: a pilot randomized controlled study,10.1002/oby.24205,Pediatric Obesity Microbiome and Metabolism Study (POMMS),true,true,"A cohort study that collected microbiome, dietary, and metabolic data from children and adolescents with obesity.",Not explicitly stated; likely a research consortium or university‑based study.,Microbiome / Pediatric obesity
pub.1184801317,Grocery intervention and DNA‐based assessment to improve diet quality in pediatric obesity: a pilot randomized controlled study,10.1002/oby.24205,SILVA 138.1 database,true,true,A comprehensive ribosomal RNA gene database used for taxonomic classification of microbial sequences.,SILVA ribosomal RNA database project,Microbial taxonomy / Microbiome research
pub.1184801317,Grocery intervention and DNA‐based assessment to improve diet quality in pediatric obesity: a pilot randomized controlled study,10.1002/oby.24205,Custom dietary plants reference database,true,true,A curated reference database of plant DNA sequences used to taxonomically assign plant taxa detected in stool DNA.,Created by the study authors; also deposited on Zenodo (https://zenodo.org/record/8004348).,Plant DNA barcoding / Dietary assessment
pub.1184839172,US state-level containment policies not associated with food insecurity changes during the early COVID-19 pandemic: a multilevel analysis,10.1017/s1368980024002696,National Food Access and COVID research Team (NFACT) survey,true,true,"A multi‑state, nationally representative survey administered at two time points (July‑August 2020 and April 2021) covering food security, demographics, and COVID‑related variables.",National Food Access and COVID research Team (NFACT) collaborative,"Food security, COVID‑19 impacts"
pub.1184839172,US state-level containment policies not associated with food insecurity changes during the early COVID-19 pandemic: a multilevel analysis,10.1017/s1368980024002696,Oxford Stringency Index,true,true,"An index (0‑100) aggregating 9 government response indicators (school closures, workplace closures, etc.) for each U.S. state over time.",Oxford COVID‑19 Government Response Tracker (OxCGRT),Public policy / pandemic response
pub.1184839172,US state-level containment policies not associated with food insecurity changes during the early COVID-19 pandemic: a multilevel analysis,10.1017/s1368980024002696,American Community Survey (ACS),true,true,"Annual U.S. Census Bureau survey providing detailed demographic, social, economic, and housing characteristics.",U.S. Census Bureau,Demographics / socioeconomic characteristics
pub.1184971927,Medically Tailored Grocery Deliveries to Improve Food Security and Hypertension in Underserved Groups: A Student-Run Pilot Randomized Controlled Trial,10.3390/healthcare13030253,USDA Short-Form Food Insecurity Scale,true,true,A 6‑item version of the Household Food Security Survey Module used to measure food insecurity.,USDA,Nutrition / Public Health
pub.1184971927,Medically Tailored Grocery Deliveries to Improve Food Security and Hypertension in Underserved Groups: A Student-Run Pilot Randomized Controlled Trial,10.3390/healthcare13030253,Hunger Vital Signs questionnaire,true,true,A two‑item screening tool for household food insecurity.,American Academy of Family Physicians (AAFP),Public Health / Clinical Screening
pub.1184971927,Medically Tailored Grocery Deliveries to Improve Food Security and Hypertension in Underserved Groups: A Student-Run Pilot Randomized Controlled Trial,10.3390/healthcare13030253,Slicer Dicer,true,false,A reporting/analytics tool within Epic used to generate patient cohorts.,Epic Systems,Health Informatics
pub.1184971927,Medically Tailored Grocery Deliveries to Improve Food Security and Hypertension in Underserved Groups: A Student-Run Pilot Randomized Controlled Trial,10.3390/healthcare13030253,REDCap,true,false,A secure web‑based application for building and managing online surveys and databases.,Vanderbilt University,Data Management
pub.1185117947,Athlete-Sports Nutrition Access Questionnaire (A-SNAQ): Predictors of food insecurity among Division III Collegiate athletes,10.1080/07448481.2025.2459753,Athlete‑Sports Nutrition Access Questionnaire (A‑SNAQ),true,true,"A newly created questionnaire combining items from multiple existing surveys to assess nutrition access, health habits, and food insecurity among collegiate athletes.",Authors of the current study,College Athlete Nutrition & Food Insecurity
pub.1185117947,Athlete-Sports Nutrition Access Questionnaire (A-SNAQ): Predictors of food insecurity among Division III Collegiate athletes,10.1080/07448481.2025.2459753,Global Food Initiative – Got Food? Survey,true,false,A survey instrument assessing food access and related behaviors.,Global Food Initiative,Food Access
pub.1185117947,Athlete-Sports Nutrition Access Questionnaire (A-SNAQ): Predictors of food insecurity among Division III Collegiate athletes,10.1080/07448481.2025.2459753,Nutrition for Sports Knowledge Questionnaire (NSKQ),true,false,A validated questionnaire measuring sports nutrition knowledge.,Authors of the NSKQ,Sports Nutrition Knowledge
pub.1185395216,Supporting scenario for small-scale shellfish aquaculture and food security in the United States of America,10.1007/s12571-025-01522-y,USDA Census of Aquaculture 2019,true,true,"A USDA-conducted census that collects data on aquaculture production, species cultivated, and economic information for the United States.",USDA National Agricultural Statistics Service,Aquaculture production statistics
pub.1185395216,Supporting scenario for small-scale shellfish aquaculture and food security in the United States of America,10.1007/s12571-025-01522-y,FishStatJ,true,true,A software tool and database from the FAO providing detailed fishery and aquaculture statistics.,Food and Agriculture Organization of the United Nations,Fishery and aquaculture statistics
pub.1185395216,Supporting scenario for small-scale shellfish aquaculture and food security in the United States of America,10.1007/s12571-025-01522-y,FoodData Central,true,true,"USDA's integrated data platform providing nutrient composition, food ingredient, and food label information.",USDA Agricultural Research Service,Nutrition / Food composition
pub.1185670020,The relationship between food insecurity and emotional eating during the coronavirus pandemic in northern California,10.1016/j.pmedr.2025.103010,NFACT Questionnaire Version 2.1 (National Food Access and COVID Research Team),true,true,"A comprehensive questionnaire designed to assess food access, security, and related behaviors during the COVID‑19 pandemic.",National Food Access and COVID Research Team (NFACT),Public health / Food security
pub.1185670020,The relationship between food insecurity and emotional eating during the coronavirus pandemic in northern California,10.1016/j.pmedr.2025.103010,National Cancer Institute Two‑Item Cup Fruit and Vegetable Screener,true,true,A brief screener developed by the NCI to estimate daily cup equivalents of fruit and vegetable consumption.,National Cancer Institute (NCI),Nutrition assessment
pub.1185718007,Food Insecurity Screening in the Allergy/Immunology Clinic: A Work Group Report of the AAAAI Adverse Reactions to Foods Committee,10.1016/j.jaip.2025.02.011,Hunger Vital Sign questionnaire (HVS),false,false,A validated two‑item screening instrument for household food insecurity developed by the USDA Economic Research Service.,USDA Economic Research Service (original instrument); administered by the study team to 179 families.,Public health / Nutrition / Social determinants of health
pub.1185718007,Food Insecurity Screening in the Allergy/Immunology Clinic: A Work Group Report of the AAAAI Adverse Reactions to Foods Committee,10.1016/j.jaip.2025.02.011,City of Austin Food Environment Analysis,false,false,A GIS‑based dataset containing locations of food retail outlets within Austin/Travis County.,City of Austin (public GIS data portal).,Geography / Food access / Public health
pub.1185718007,Food Insecurity Screening in the Allergy/Immunology Clinic: A Work Group Report of the AAAAI Adverse Reactions to Foods Committee,10.1016/j.jaip.2025.02.011,USDA Economic Research Service (ERS) reports / statistics,false,false,Statistical reports and graphics produced by USDA ERS on food‑security prevalence and trends.,USDA Economic Research Service.,Agriculture / Public health
pub.1185718007,Food Insecurity Screening in the Allergy/Immunology Clinic: A Work Group Report of the AAAAI Adverse Reactions to Foods Committee,10.1016/j.jaip.2025.02.011,"Feeding America Map the Meal Gap (Travis County, Texas)",true,false,A county‑level dataset estimating food‑insecurity prevalence based on CPS‑FSS data and other sources.,Feeding America (non‑profit organization).,Public health / Nutrition
pub.1185776200,"The Monthly Cycling of Food Insecurity in Latinas at Risk for Diabetes: Methods, Retention, and Sample Characteristics for a Microlongitudinal Design",10.2196/66970,Study-generated microlongitudinal dataset (Latina FI and diabetes risk),true,true,"Primary data collected from 87 Latina participants over six timepoints, including biomarkers, surveys, and food inventories.",Original data collected by the research team (Hispanic Health Council and UConn Health).,Nutrition/Public Health/Diabetes research
pub.1185866809,Family child care home providers’ perceived difficulty in serving vegetables to children: findings from a multi-method study,10.1017/jns.2025.9,National Historical Geographic Information System – Census Tracts (NHGIS),false,false,A publicly‑available database that provides historical U.S. Census and American Community Survey tabular and GIS data at the census‑tract level.,IPUMS (University of Minnesota) / NHGIS,Demography / Socio‑economic environment
pub.1185872543,Examining the association of food insecurity with mental health and academic performance among Latinx immigration-impacted students,10.1080/07448481.2025.2468305,UC Collaborative to Promote Immigrant and Student Equity (UC PromISE) Survey Data,true,true,"A custom survey of 2,742 undergraduate students from nine UC campuses, focusing on immigration status, food security, mental health, and academic outcomes.",UC PromISE project (University of California),"Higher education, immigration, student wellbeing"
pub.1185973315,Impact of Consultation with Registered Dietitians on Reducing Inappropriate Weight Gain in Pregnant Patients with Food Insecurity,10.3390/nu17050789,REDCap database,true,true,"A secure, web‑based application for building and managing online surveys and databases, used here to store the study's extracted patient data.",Research Electronic Data Capture (REDCap) platform,Clinical research data management
pub.1186196555,"The interplay of food insecurity, diet quality and dementia status in their association with all-cause mortality among older US adults in the Health and Retirement Study 2012-2020",10.1016/j.jand.2025.02.012,RAND HRS longitudinal dataset (randhrs1992_2018v2),true,true,Curated RAND version of the Health and Retirement Study data covering 1992‑2018.,RAND Corporation,"Aging, health, economics"
pub.1186196555,"The interplay of food insecurity, diet quality and dementia status in their association with all-cause mortality among older US adults in the Health and Retirement Study 2012-2020",10.1016/j.jand.2025.02.012,HRS Tracker File (trk2020tr_r),true,true,A longitudinal file that links HRS respondents to death records and provides follow‑up dates.,University of Michigan / HRS,"Mortality, aging research"
pub.1186196555,"The interplay of food insecurity, diet quality and dementia status in their association with all-cause mortality among older US adults in the Health and Retirement Study 2012-2020",10.1016/j.jand.2025.02.012,HRS Dementia Probability File (hrsdementia_2021_1109.sas7bdat),true,true,A publicly available file that provides algorithm‑derived dementia probabilities for HRS respondents.,HRS / University of Michigan,"Cognitive health, aging"
pub.1186196555,"The interplay of food insecurity, diet quality and dementia status in their association with all-cause mortality among older US adults in the Health and Retirement Study 2012-2020",10.1016/j.jand.2025.02.012,"Aging, Demographics, and Memory Study (ADAMS)",true,false,A sub‑study of HRS that collected detailed clinical assessments for dementia validation.,National Institute on Aging,Neuroepidemiology
pub.1186262975,Preventive Services for Food Insecurity,10.1001/jama.2024.22805,Household Food Security Survey 18‑item (HFSS‑18),false,false,"The 18‑item USDA Household Food Security Survey Module, used as the gold‑standard measure of household food security in many validation studies.",USDA Economic Research Service,Nutrition / Food security measurement
pub.1186262975,Preventive Services for Food Insecurity,10.1001/jama.2024.22805,"US Census Bureau large‑scale survey data (e.g., American Community Survey / Census data)",false,false,Broadly refers to population‑level survey data collected by the US Census Bureau that can be used as a reference standard for food‑security screening tool validation.,US Census Bureau,Public health / Demography
pub.1186267473,Screening for Food Insecurity,10.1001/jama.2025.0879,USDA Household Food Security Survey (18‑item),true,false,An 18‑question instrument administered by USDA to assess household food security status.,U.S. Department of Agriculture,Nutrition/Public Health Survey
pub.1186267473,Screening for Food Insecurity,10.1001/jama.2025.0879,U.S. Census data,true,false,Aggregated demographic and socioeconomic data collected by the United States Census Bureau.,U.S. Census Bureau,Demographic/Economic Data
pub.1186273135,"Disparities in Cardiovascular Disease Prevalence by Race and Ethnicity, Socioeconomic Status, Urbanicity, and Social Determinants of Health Among Medicare Beneficiaries With Diabetes",10.5888/pcd22.240270,Medicare Current Beneficiary Survey (MCBS),true,true,"A nationally representative, annual survey of Medicare beneficiaries that collects demographic, socioeconomic, health status, and health care utilization information.",Centers for Medicare & Medicaid Services (CMS),Health services / epidemiology
pub.1186273135,"Disparities in Cardiovascular Disease Prevalence by Race and Ethnicity, Socioeconomic Status, Urbanicity, and Social Determinants of Health Among Medicare Beneficiaries With Diabetes",10.5888/pcd22.240270,USDA Six‑Item Short Form Food Security Survey,true,true,A shortened version of the USDA Household Food Security Survey Module consisting of six questions used to classify households as food secure or insecure.,U.S. Department of Agriculture (USDA),Nutrition / public health
pub.1186339126,Impact of Food Insecurity on Malnutrition Treatment Response in Nigerian Children With Sickle Cell Anemia and Severe Acute Malnutrition,10.1002/pbc.31637,World Health Organization growth reference,true,true,Standard WHO growth reference tables used to compute age‑ and sex‑specific z‑scores.,World Health Organization,Pediatrics / Growth assessment
pub.1186339126,Impact of Food Insecurity on Malnutrition Treatment Response in Nigerian Children With Sickle Cell Anemia and Severe Acute Malnutrition,10.1002/pbc.31637,Canadian Pediatric Endocrine Group growth charts,true,true,Growth chart reference specific to the Canadian pediatric population.,Canadian Pediatric Endocrine Group,Pediatrics
pub.1186339126,Impact of Food Insecurity on Malnutrition Treatment Response in Nigerian Children With Sickle Cell Anemia and Severe Acute Malnutrition,10.1002/pbc.31637,SAMS trial dataset,true,true,Primary clinical trial data collected in the SAMS feasibility randomized controlled trial (NCT03634488).,SAMS trial (NCT03634488),Clinical trial / Nutrition
pub.1186529250,Urban agriculture: A strategic pathway to building resilience and ensuring sustainable food security in cities,10.1016/j.farsys.2025.100150,Digital Soil Map of the World,true,false,A global dataset providing spatially explicit information on soil properties.,International Soil Reference and Information Centre (ISRIC),Soil science / Geography
pub.1186529250,Urban agriculture: A strategic pathway to building resilience and ensuring sustainable food security in cities,10.1016/j.farsys.2025.100150,World Food Programme (WFP) Hunger Map 2024,true,false,An interactive map visualizing hunger levels worldwide for the year 2024.,United Nations World Food Programme,Food security / Humanitarian data
pub.1186638871,Feasibility of an Emergency Department-based Food Insecurity Screening and Referral Program,10.5811/westjem.40006,Hunger Vital Sign,true,true,A two‑question screening instrument designed to quickly identify households at risk of food insecurity.,Developed by the USDA; employed in the study for initial screening,Public health screening
pub.1186696073,Assessing the 10-Item Food Security Survey Model (FSSM): Insights from College Students in Three US Universities,10.3390/nu17061050,10-item USDA Food Security Survey Module (USDA-FSSM),true,true,A 10-item version of the USDA Food Security Survey Module used to assess food‑security status in households/individuals.,United States Department of Agriculture,Public health / Food security
pub.1186696073,Assessing the 10-Item Food Security Survey Model (FSSM): Insights from College Students in Three US Universities,10.3390/nu17061050,USDA Household Food Security in the United States 2023 (Economic Research Service),true,false,"National dataset reporting household food‑security statistics for the United States in 2023, produced by the USDA Economic Research Service.",USDA Economic Research Service,Agriculture / Food security
pub.1186696073,Assessing the 10-Item Food Security Survey Model (FSSM): Insights from College Students in Three US Universities,10.3390/nu17061050,#RealCollege Survey Report (The Hope Center),true,false,A national survey conducted by The Hope Center on college students' basic‑needs (including food) insecurity.,"The Hope Center for College, Community, and Justice",Higher education / Food insecurity
pub.1186776322,"Creating a new oilseed crop, pennycress, by combining key domestication traits using CRISPR genome editing",10.1101/2025.03.15.643467,Thlaspi arvense transcriptome shotgun assembly (TSA),false,false,A publicly‑available transcriptome assembly for the wild oilseed crop Thlaspi arvense hosted on NCBI’s TSA repository.,NCBI TSA (accession referenced as 54),Plant genomics / transcriptomics
pub.1186776322,"Creating a new oilseed crop, pennycress, by combining key domestication traits using CRISPR genome editing",10.1101/2025.03.15.643467,MN106 reference genome,false,false,A chromosome‑level genome assembly of the pennycress accession MN106.,Published genome assembly (reference 55),Plant genomics
pub.1186776322,"Creating a new oilseed crop, pennycress, by combining key domestication traits using CRISPR genome editing",10.1101/2025.03.15.643467,Spring 32-10 reference genome,false,false,A chromosome‑level genome assembly of the pennycress accession Spring 32‑10.,Published genome assembly (reference 56),Plant genomics
pub.1186776322,"Creating a new oilseed crop, pennycress, by combining key domestication traits using CRISPR genome editing",10.1101/2025.03.15.643467,Pennycress transcript counts (RNA‑seq) dataset,false,false,Gene‑level read count matrix derived from RNA‑seq of pennycress tissue samples.,Generated by the authors (Oak Ridge National Laboratory),Plant transcriptomics
pub.1186890755,Developing a healthy food access index (HFAI): Web-based mapping and future directions for AI integrations,10.1016/j.cities.2025.105908,American Community Survey (ACS) 2016-2020 5-year estimates,true,true,"Census Bureau survey providing demographic, social, economic, and housing data.",U.S. Census Bureau,Demography / Socio‑economic indicators
pub.1186890755,Developing a healthy food access index (HFAI): Web-based mapping and future directions for AI integrations,10.1016/j.cities.2025.105908,Reference USA,true,true,Commercial business database containing location and classification of establishments.,Reference USA (now Data Axle),Business / Retail geography
pub.1186890755,Developing a healthy food access index (HFAI): Web-based mapping and future directions for AI integrations,10.1016/j.cities.2025.105908,WIC Store Locator,true,true,Online tool listing retailers approved for the WIC program.,U.S. Department of Agriculture Food and Nutrition Service,Nutrition assistance
pub.1186890755,Developing a healthy food access index (HFAI): Web-based mapping and future directions for AI integrations,10.1016/j.cities.2025.105908,SNAP Retailer Locator,true,true,Database of retailers that accept SNAP benefits.,USDA Food and Nutrition Service,Nutrition assistance
pub.1186890755,Developing a healthy food access index (HFAI): Web-based mapping and future directions for AI integrations,10.1016/j.cities.2025.105908,Tackle Hunger Map,true,true,Crowdsourced map of food pantry and food bank sites.,Tackle Hunger organization,Food security / Charity services
pub.1186890755,Developing a healthy food access index (HFAI): Web-based mapping and future directions for AI integrations,10.1016/j.cities.2025.105908,CDC PLACES project,true,true,County‑level estimates of health outcomes and behaviors.,Centers for Disease Control and Prevention,Public health
pub.1186890755,Developing a healthy food access index (HFAI): Web-based mapping and future directions for AI integrations,10.1016/j.cities.2025.105908,Harris County GIS Open Data Portal,true,true,"Open data portal providing GIS layers for Harris County, Texas.","Harris County, Texas",Transportation / GIS
pub.1186890755,Developing a healthy food access index (HFAI): Web-based mapping and future directions for AI integrations,10.1016/j.cities.2025.105908,modified Retail Food Environment Index (mRFEI),true,false,CDC-derived index measuring the ratio of healthy to unhealthy food outlets at the census tract level.,CDC/ATSDR,Public health / Food environment
pub.1187140322,Associations between low food security and subjective memory complaints among Latino adults,10.1186/s12889-025-22320-3,Sangre Por Salud Biobank,true,true,"A biobank containing clinical and biological data from Latino patients recruited at Mountain Park Health Center, Phoenix, AZ.",Mayo Clinic Center for Individualized Medicine and Mountain Park Health Center,Health/Clinical
pub.1187140322,Associations between low food security and subjective memory complaints among Latino adults,10.1186/s12889-025-22320-3,Boston Puerto Rican Health Study,true,false,"A longitudinal cohort study of older Puerto Rican adults residing in Boston, focusing on health outcomes.",Boston University and affiliated institutions,Epidemiology/Neurocognition
pub.1187140322,Associations between low food security and subjective memory complaints among Latino adults,10.1186/s12889-025-22320-3,CARDIA Study,true,false,"Coronary Artery Risk Development in Young Adults study, a long‑term cohort examining cardiovascular risk factors.",Multiple U.S. research centers,Cardiology/Epidemiology
pub.1187140322,Associations between low food security and subjective memory complaints among Latino adults,10.1186/s12889-025-22320-3,National Health Aging Trends Study (NHATS),true,false,A nationally representative longitudinal study of older adults in the United States.,Johns Hopkins University and other partners,Aging/Public Health
pub.1187277849,Rural/Urban Disparities in Cardiovascular Disease in the US—What Can be Done to Improve Outcomes for Rural Americans?,10.1016/j.amjcard.2025.03.033,CDC Wide-Ranging Online Data for Epidemiologic Research (CDC WONDER),true,false,Publicly accessible online database providing access to a wide variety of public health data sets.,Centers for Disease Control and Prevention,Epidemiology / Public health
pub.1187277849,Rural/Urban Disparities in Cardiovascular Disease in the US—What Can be Done to Improve Outcomes for Rural Americans?,10.1016/j.amjcard.2025.03.033,Medicare claims data,true,false,"Administrative claims records for Medicare beneficiaries covering diagnoses, procedures, and outcomes.",Centers for Medicare & Medicaid Services (CMS),Health services research / Outcomes research
pub.1187277849,Rural/Urban Disparities in Cardiovascular Disease in the US—What Can be Done to Improve Outcomes for Rural Americans?,10.1016/j.amjcard.2025.03.033,Get With The Guidelines‑Coronary Artery Disease Program,true,false,A national quality improvement registry collecting data on acute coronary syndrome care and outcomes.,American Heart Association,Cardiology / Quality improvement
pub.1187277849,Rural/Urban Disparities in Cardiovascular Disease in the US—What Can be Done to Improve Outcomes for Rural Americans?,10.1016/j.amjcard.2025.03.033,National Cardiovascular Data Registry Chest Pain‑MI Registry,true,false,A registry within the NCDR that captures data on patients presenting with chest pain and myocardial infarction.,American College of Cardiology,Cardiology / Clinical outcomes
pub.1187277849,Rural/Urban Disparities in Cardiovascular Disease in the US—What Can be Done to Improve Outcomes for Rural Americans?,10.1016/j.amjcard.2025.03.033,US national cardiovascular data registry,true,false,A broad term likely referring to the NCDR’s suite of cardiovascular registries covering various conditions.,American College of Cardiology,Cardiology
pub.1187277849,Rural/Urban Disparities in Cardiovascular Disease in the US—What Can be Done to Improve Outcomes for Rural Americans?,10.1016/j.amjcard.2025.03.033,Rural‑Urban Commuting Area (RUCA) codes,true,false,Geographic classification linking census tracts to urban‑rural status based on commuting patterns.,"Economic Research Service, USDA; updated with ACS data",Geography / Public health
pub.1187378623,Malnutrition Risk among the 2022 National Survey of Older Americans Act Program: A Cross-Sectional Study,10.1016/j.jand.2025.04.003,National Survey of Older Americans Act Participants (NSOAAP) 2022,true,true,"A nationally representative survey of Older Americans Act program participants covering demographics, health, functional status, and program participation.","Administration on Community Living (ACL), U.S. Department of Health and Human Services",Public health / Aging services
pub.1187396929,Reclaiming Ancestral Abundance,10.1377/hlthaff.2024.01433,Behavioral Risk Factor Surveillance System (BRFSS),true,false,"A telephone survey system that collects data on health-related risk behaviors, chronic health conditions, and use of preventive services in the United States.",CDC,Public Health / Epidemiology
pub.1187396929,Reclaiming Ancestral Abundance,10.1377/hlthaff.2024.01433,State of Food Insecurity in Hawai'i 2023,true,false,A state-level report providing estimates of food insecurity prevalence among Hawai'i residents.,,Public Health / Food Security
pub.1187535066,Nutrition Incentives Associated With Improved Outcomes: 2020–2023 Results From the U.S Gus Schumacher Nutrition Incentive Program,10.1016/j.focus.2025.100348,Gus Schumacher Nutrition Incentive Program (GusNIP) NTAE aggregated participant survey dataset,true,true,Aggregated cross‑sectional survey data collected from 65 GusNIP grantees covering multiple years.,"National Training, Technical Assistance, Evaluation, and Information Center (NTAE)",Nutrition Incentive Program Evaluation
pub.1187535066,Nutrition Incentives Associated With Improved Outcomes: 2020–2023 Results From the U.S Gus Schumacher Nutrition Incentive Program,10.1016/j.focus.2025.100348,Dietary Screener Questionnaire Fruit and Vegetable Module,true,true,A 10‑item questionnaire estimating daily fruit and vegetable consumption.,National Cancer Institute scoring algorithm,Nutrition Assessment
pub.1187653682,Produce prescription to improve health among adults with type 2 diabetes in Australia: Protocol for a randomised controlled trial,10.1016/j.cct.2025.107915,Australian Short Dietary Screener,true,true,A short dietary screener developed for Australian adults to estimate diet quality.,Australian nutrition research community,Nutrition / Dietary assessment
pub.1187653682,Produce prescription to improve health among adults with type 2 diabetes in Australia: Protocol for a randomised controlled trial,10.1016/j.cct.2025.107915,International Physical Activity Questionnaire,true,true,Standardized questionnaire to assess physical activity levels.,WHO / IPAQ consortium,Physical activity / Public health
pub.1187653682,Produce prescription to improve health among adults with type 2 diabetes in Australia: Protocol for a randomised controlled trial,10.1016/j.cct.2025.107915,Nutrition Security Screener,true,true,A questionnaire designed to assess nutrition security at the household level.,Research group cited in reference 30,Nutrition security
pub.1187653682,Produce prescription to improve health among adults with type 2 diabetes in Australia: Protocol for a randomised controlled trial,10.1016/j.cct.2025.107915,Medication Adherence Questionnaire (MAQ),true,true,A brief self‑report tool to assess patients' adherence to medication regimens.,Morisky et al.,Pharmacology / Patient adherence
pub.1187737700,State Earned Income Tax Credit and Food Security: Results Among Economically At-Risk Households With Children,10.1016/j.amepre.2025.04.007,State Earned Income Tax Credit (EITC) Policy Dataset,true,true,"A compiled panel dataset of state‑level Earned Income Tax Credit policies (refundability, credit value) for each year 2000‑2022.","State tax statutes, legal coders, and the authors’ own coding effort",Policy / Taxation
pub.1187737700,State Earned Income Tax Credit and Food Security: Results Among Economically At-Risk Households With Children,10.1016/j.amepre.2025.04.007,University of Kentucky Center for Poverty Research State‑Level Covariate Dataset,true,true,A set of annual state‑level economic and policy indicators drawn from the Center for Poverty Research.,University of Kentucky Center for Poverty Research,Economic / Policy
pub.1188402564,Childhood Food Insecurity Trajectories and Adult Weight and Self-Reported Health,10.1016/j.amepre.2025.107647,Future of Families and Child Wellbeing Study (FFCWS),true,true,"A longitudinal U.S. birth cohort study that follows children born in 1998‑2000, oversampling low‑income and unmarried birthing parents.",Future of Families and Child Wellbeing Study website / data repository,Social science / public health
pub.1188531655,Pediatric Produce Prescription Program grounded in community connection improves food security and fruit intake in Hawaiʻi.,10.1016/j.focus.2025.100365,National Cancer Institute Dietary Screener Questionnaire (DSQ),true,true,A brief dietary screener developed by the National Cancer Institute to estimate fruit and vegetable consumption.,National Cancer Institute,Nutrition / Dietary Assessment
pub.1188619854,Comparison of an Adapted Food Security Module for College Students with the United States Department of Agriculture Adult Food Security Module,10.1016/j.tjnut.2025.04.021,10‑item Adult Food Security Survey Module (AFSSM),true,true,A USDA‑validated 10‑item questionnaire measuring adult food‑security status; used here as the primary data collection instrument.,U.S. Department of Agriculture Economic Research Service,Nutrition / Food security
pub.1188619854,Comparison of an Adapted Food Security Module for College Students with the United States Department of Agriculture Adult Food Security Module,10.1016/j.tjnut.2025.04.021,USDA 2‑item Food Sufficiency Screener,true,true,A brief two‑question screening tool developed by USDA to quickly identify households at risk of food insecurity.,U.S. Department of Agriculture Economic Research Service,Nutrition / Food security
pub.1188824422,"Daily Reality of Food Insecurity: A PhotoVoice Study of Food Insecure Residents in a Rural, Southern State",10.1080/19320248.2025.2505951,EAT 2010-2018 Study,true,false,"A longitudinal cohort study that collected data on eating behaviors, diet quality, and health outcomes from 2010 to 2018.",,"Public Health, Nutrition"
pub.1188824422,"Daily Reality of Food Insecurity: A PhotoVoice Study of Food Insecure Residents in a Rural, Southern State",10.1080/19320248.2025.2505951,U.S. Department of Commerce Census Bureau Profile of General Population and Housing Characteristics,true,false,A demographic dataset providing detailed population and housing characteristics for the United States.,U.S. Census Bureau,"Demography, Social Sciences"
pub.1188824422,"Daily Reality of Food Insecurity: A PhotoVoice Study of Food Insecure Residents in a Rural, Southern State",10.1080/19320248.2025.2505951,Household Food Security in the United States in 2023,true,false,Annual report summarizing the prevalence of food insecurity among U.S. households for the year 2023.,,Food Security
pub.1189085892,East Harlem’s Asthma Counselor Program During COVID: Maintaining Service Continuity and Understanding Family Needs in a Community-Based Child Asthma Management Program,10.1080/19371918.2025.2509508,COVID survey of families in the Asthma Counselor Program,true,true,"A primary data collection effort conducted by the research team to assess financial, food‑insecurity, health, and schooling impacts of COVID‑19 on families enrolled in the program.",Asthma Counselor Program participants,Public health / Social determinants of health
pub.1189085892,East Harlem’s Asthma Counselor Program During COVID: Maintaining Service Continuity and Understanding Family Needs in a Community-Based Child Asthma Management Program,10.1080/19371918.2025.2509508,Program data (client management system records),true,true,"Administrative data captured by asthma counselors for each child, including service delivery metrics, referrals, and resource distribution.",Asthma Counselor Program client management system,Healthcare services / Program evaluation
pub.1189199043,Cross-Sectional and Longitudinal Associations of Food Insecurity and Dietary Quality Among Older US Adults in the Health and Retirement Study,10.1016/j.cdnut.2025.107042,PubMed,true,true,A free searchable database of biomedical literature maintained by the National Library of Medicine.,National Library of Medicine (implied),"Bibliometrics, biomedical literature"
pub.1189393455,Cannabis use & food insecurity risk among U.S. adults with & without children,10.1016/j.amepre.2025.107740,National Survey of Family Growth,true,false,"The NSFG is a survey conducted by the National Center for Health Statistics that collects data on family life, marriage and divorce, pregnancy, infertility, use of contraception, and men's and women's health.",U.S. National Center for Health Statistics,Public Health / Demography
pub.1189393455,Cannabis use & food insecurity risk among U.S. adults with & without children,10.1016/j.amepre.2025.107740,National Survey on Drug Use and Health,true,false,"NSDUH is an annual survey that provides national and state-level data on the use of illicit drugs, alcohol, and mental health in the United States.",Substance Abuse and Mental Health Services Administration (SAMHSA),Substance Use / Public Health
pub.1189393455,Cannabis use & food insecurity risk among U.S. adults with & without children,10.1016/j.amepre.2025.107740,Veterans Aging Cohort Study,true,false,A longitudinal cohort study of U.S. veterans examining health trajectories as they age.,U.S. Department of Veterans Affairs,Veteran Health / Aging
pub.1189393455,Cannabis use & food insecurity risk among U.S. adults with & without children,10.1016/j.amepre.2025.107740,EAT 2010-2018 Study,true,false,"The Eating and Activity over Time (EAT) study follows a cohort of U.S. adolescents into adulthood, collecting data on diet, physical activity, and health outcomes.",University of Minnesota and collaborators,Nutrition / Adolescent Health
pub.1189561723,Hungry no More? The Joint Impact of Minimum Wages and the Earned Income Tax Credit on Food Insecurity,10.1002/hec.70001,Bureau of Labor Statistics minimum wage data,true,true,State‑level effective minimum‑wage series compiled by the BLS.,U.S. Bureau of Labor Statistics,Labor Economics
pub.1189561723,Hungry no More? The Joint Impact of Minimum Wages and the Earned Income Tax Credit on Food Insecurity,10.1002/hec.70001,Internal Revenue Service state Earned Income Tax Credit (EITC) data,true,true,Annual reports detailing each state's EITC rate and eligibility rules.,U.S. Internal Revenue Service,Public Policy / Taxation
pub.1189581783,"Social Determinants of Health, Maternal Quality of Life, and Family Functioning Among Latinx Families of Children with Intellectual and Developmental Disabilities",10.1007/s10803-025-06919-4,National Latino and Asian Americans Study (NLAAS),true,false,"A large, nationally representative survey of Latino and Asian American populations in the United States, providing data on mental health, discrimination, and related constructs.","Institute for Social Research, University of Michigan",Social epidemiology / Mental health
pub.1189670715,Food insecurity is associated with poor mental health outcomes among a diverse sample of young adults,10.1017/s1368980025100530,Promoting Young Adult Health Cross‑Sectional Online Survey,true,true,"Original dataset collected by the authors via Qualtrics from 1,630 U.S. young adults aged 18‑25 in early 2022.",University of Texas at Austin (author‑generated),Public Health / Survey
pub.1189670715,Food insecurity is associated with poor mental health outcomes among a diverse sample of young adults,10.1017/s1368980025100530,National Longitudinal Study of Adolescent to Adult Health,true,false,"A longitudinal cohort study following adolescents into adulthood, collecting health and social data.",University of North Carolina at Chapel Hill,Public Health / Longitudinal Cohort
pub.1189670715,Food insecurity is associated with poor mental health outcomes among a diverse sample of young adults,10.1017/s1368980025100530,EAT 2010‑2018 Study,true,false,A longitudinal study examining diet and health behaviors of adolescents and emerging adults.,,Nutrition / Adolescent Health
pub.1189908235,Probabilistic estimates of drought-induced yield loss in the Southeastern United States,10.1016/j.agsy.2025.104418,SPEIbase v.2.6,true,true,A gridded climate dataset providing SPEI values at multiple timescales.,SPEI website (spei.csic.es),Climatology / Drought Index
pub.1189908235,Probabilistic estimates of drought-induced yield loss in the Southeastern United States,10.1016/j.agsy.2025.104418,Global SPEI database,true,true,Repository providing SPEI values at multiple temporal scales and spatial resolutions.,SPEI website (spei.csic.es),Climatology / Drought Monitoring
pub.1189908235,Probabilistic estimates of drought-induced yield loss in the Southeastern United States,10.1016/j.agsy.2025.104418,CRU TS v.4.03,true,true,"Climatic time‑series dataset (temperature, precipitation, etc.) from the Climatic Research Unit.",Climatic Research Unit (CRU),Climatology
pub.1190132481,"Expanded Child Tax Credit, Family Health, and Material Hardships",10.1001/jamanetworkopen.2025.18335,Children's HealthWatch COVID Follow-Up Study,true,true,A longitudinal sentinel cohort study of families with young children surveyed in emergency departments and primary care clinics across four U.S. cities.,Children's HealthWatch research team (internal dataset).,Public health / Child health
pub.1190138886,Determinants of food security status and perceived hunger affecting athletic performance among NCAA division I student-athletes at a minority-serving institution,10.1080/07448481.2025.2522729,USDA 10-item Adult Food Security Survey Module,true,false,"A ten‑item USDA questionnaire for measuring adult food security, more detailed than the six‑item short form.",U.S. Department of Agriculture (USDA),Nutrition / Food Security
pub.1190267999,Residing in a low-income-low-food-access neighbourhood and asthma in early and middle childhood in the Environmental influences on Child Health Outcomes (ECHO) program: a multisite cohort study,10.1136/bmjopen-2024-094317,Environmental influences on Child Health Outcomes (ECHO) Program data,true,true,"A multisite longitudinal cohort that aggregates child health data from many U.S. studies, including residential histories, health outcomes, and covariates.",National Institute of Child Health and Human Development (NICHD) ECHO consortium,Child health / Epidemiology
pub.1190267999,Residing in a low-income-low-food-access neighbourhood and asthma in early and middle childhood in the Environmental influences on Child Health Outcomes (ECHO) program: a multisite cohort study,10.1136/bmjopen-2024-094317,NICHD Data and Specimen Hub (DASH),true,false,A secure data repository managed by NICHD that hosts de‑identified datasets from the ECHO program and other NIH studies.,National Institute of Child Health and Human Development,Health data repository
pub.1190388853,"Food Insecurity, COVID-19 Infection, Discrimination, Critical Consciousness, and Depression Among AfroLatinxs in the US",10.1177/00957984241311771,Epidemic-Pandemic Impacts Inventory (EPII),true,true,"A 92‑item inventory covering multiple domains (e.g., infection history, economic impact, emotional health) to capture pandemic‑related impacts.","Grasso et al., 2020",Psychology / Public health
